menu_id	pid	is_mer	is_menu	is_show	is_agent	sort	menu_name	route
33	9218	0	1	1	0	100	控制台	/dashboard
34	118	0	1	1	0	99	系统设置	/systemForm/Basics/system_tabs
35	520	0	1	1	0	0	配置分类	/config/classify
36	520	0	1	1	0	0	配置管理	/config/setting
38	110	0	1	1	0	98	权限管理	/setting
39	38	0	1	1	0	0	角色权限	/setting/systemRole
40	38	0	1	1	0	0	管理员管理	/setting/systemAdmin
41	1665	0	1	1	0	0	素材管理	/config/picture
42	9492	0	1	1	0	20	商户管理	/merchant
43	1284	0	1	1	0	0	店铺菜单	/merchant/system
44	6370	0	1	1	0	100	店铺列表	/merchant/list
47	520	0	1	1	0	0	操作日志	/setting/systemLog
48	38	0	1	1	0	0	菜单管理	/setting/menu
49	526	1	1	1	0	0	权限管理	/setting
50	49	1	1	1	0	0	身份管理	/setting/systemRole
51	49	1	1	1	0	0	管理员管理	/setting/systemAdmin
52	49	1	1	1	0	0	操作日志	/setting/systemLog
54	1671	1	1	1	0	0	素材管理	/config/picture
55	0	1	1	1	0	100	首页	/dashboard
57	521	0	1	1	0	0	组合数据	/group/list
58	519	0	1	1	0	0	公众号	/app/wechat
59	58	0	1	1	0	0	微信菜单	/app/wechat/menus
60	9361	0	1	1	0	96	文章	/cms
61	60	0	1	1	0	0	文章管理	/cms/article
62	60	0	1	1	0	0	文章分类	/cms/articleCategory
72	111	0	1	0	0	-1	短信配置	/systemForm/Basics/message
74	526	1	1	1	0	99	店铺配置	/systemForm/Basics/mer_base
77	58	0	1	1	0	0	自动回复	/admin/app/wechat/reply
79	77	0	1	1	0	0	微信关注回复	/app/wechat/reply/follow/subscribe
80	77	0	1	1	0	0	关键字回复	/app/wechat/reply/keyword
81	77	0	1	1	0	0	无效关键词回复	/app/wechat/reply/index/default
82	58	0	1	1	0	0	图文管理	/app/wechat/newsCategory
87	0	0	1	1	0	99	商品	/product
88	87	0	1	1	0	0	商品分类	/product/classify
92	87	0	1	1	0	0	品牌管理	/product/brand
93	92	0	1	1	0	0	品牌分类	/product/band/brandClassify
94	92	0	1	1	0	0	品牌列表	/product/band/brandList
95	0	1	1	1	0	99	商品	/product
96	95	1	1	1	0	8	商品分类	/product/classify
99	95	1	1	1	0	7	商品规格	/product/attr
100	6370	0	1	1	0	22	店铺分类	/merchant/classify
101	0	0	1	1	0	96	用户	/user
102	101	0	1	1	0	0	用户分组	/user/group
103	101	0	1	1	0	1	用户列表	/user/list
104	101	0	1	1	0	0	用户标签	/user/label
105	95	1	1	1	0	10	商品列表	/product/list
106	0	1	1	1	0	97	营销	/marketing
107	106	1	1	1	0	0	优惠券	/marketing/coupon
110	0	0	1	1	0	91	设置	/settings
111	1368	0	1	0	0	0	短信设置	/sms
112	111	0	1	0	0	0	短信账户	/sms/user
113	111	0	1	1	0	0	短信模板	/sms/template
114	111	0	1	1	0	0	申请记录	/sms/applyList
115	107	1	1	1	0	1	优惠券列表	/marketing/coupon/list
116	520	0	1	1	0	9	安全维护	/maintain
117	116	0	1	1	0	0	数据备份	/maintain/dataBackup
118	110	0	1	1	0	100	系统设置	/sys
119	5124	0	1	1	0	0	物流公司	/freight/express
120	9410	1	1	1	0	0	店员列表	/config/service
121	87	0	1	1	0	0	评论管理	/product/comment
122	107	1	1	1	0	0	领取记录	/marketing/coupon/user
466	101	0	1	1	0	0	用户反馈	/feedback
467	466	0	1	1	0	0	反馈分类	/feedback/classify
468	466	0	1	1	0	0	反馈列表	/feedback/list
512	0	1	1	1	0	99	订单	/order
513	512	1	1	1	0	127	订单管理	/order/list
514	0	0	1	1	0	97	分销	/promoter
515	0	0	1	1	0	93	财务	/accounts
516	537	0	1	1	0	0	提现管理	/accounts/extract
517	537	0	1	1	0	0	充值记录	/accounts/bill
519	0	0	1	1	0	93	应用	/apploction
520	0	0	1	1	0	90	维护	/safe
521	520	0	1	1	0	10	开发配置	/safe/exploit
522	514	0	1	1	0	10	分销员列表	/promoter/user
524	519	0	1	1	0	0	小程序	/app/routine
525	0	1	1	1	0	97	财务	/accounts
526	0	1	1	1	0	0	设置	/config
528	512	1	1	1	0	126	退款订单	/order/refund
532	58	0	1	0	0	0	微信模板消息	/app/wechat/template
537	515	0	1	1	0	0	用户结算	/accounts/record
538	537	0	1	1	0	0	资金记录	/accounts/capital
539	87	0	1	1	0	100	商品管理	/product/examine
540	0	0	1	1	0	98	订单	/order
541	540	0	1	1	0	0	订单列表	/order/list
542	540	0	1	1	0	0	退款订单	/order/refund
544	512	1	1	1	0	100	商品评价	/product/reviews
545	524	0	1	0	0	0	小程序订阅消息	/app/routine/template
546	526	1	1	1	0	100	店铺信息	/systemForm/modifyStoreInfo
666	116	0	1	1	0	0	商业授权	/setting/system/maintain/auth
667	5126	0	1	1	0	8	余额设置	/systemForm/Basics/balance
668	8613	1	0	0	0	0	保存配置内容	merchantStorePrinterSetContent
670	110	0	1	1	0	0	应用配置	/app_config
673	670	0	1	1	0	0	公众号配置	/systemForm/Basics/wechat
674	670	0	1	1	0	0	小程序配置	/systemForm/Basics/smallapp
677	514	0	1	1	0	0	提现银行	/group/config/76
684	9360	0	1	1	0	95	热门搜索	/group/config/67
685	514	0	1	1	0	0	分销特权	/group/config/75
686	514	0	1	1	0	0	分销海报	/group/config/68
687	5126	0	1	1	0	-1	余额充值配置	/group/config/69
700	1649	1	1	1	0	7	运费模板	/config/freight/shippingTemplates
715	520	0	1	1	0	-1	页面链接	/safe/pageLinks
719	0	0	1	1	0	97	营销	/marketing
720	719	0	1	1	0	95	商户优惠券	/marketing/coupon
721	720	0	1	1	0	0	优惠券列表	/marketing/coupon/list
731	514	0	1	1	0	0	分销礼包	/promoter/gift
734	720	0	1	1	0	0	领取记录	/marketing/coupon/user
778	6370	0	1	1	0	8	店铺入驻申请	/merchant/application
779	780	0	1	1	0	0	秒杀配置	/marketing/seckill/seckillConfig
780	719	0	1	1	0	85	秒杀	/marketing/seckill
781	782	0	1	1	0	0	直播间管理	/marketing/studio/list
782	719	0	1	1	0	80	直播	/marketing2
783	782	0	1	1	0	0	直播商品管理	/marketing/broadcast/list
784	540	0	1	1	0	0	核销记录	/order/cancellation
785	106	1	1	1	0	0	直播	/
786	785	1	1	1	0	0	直播间管理	/marketing/studio/list
787	785	1	1	1	0	0	直播商品管理	/marketing/broadcast/list
788	106	1	1	1	0	0	秒杀	/marketing/seckill/list
789	512	1	1	1	0	125	核销记录	/order/cancellation
790	525	1	1	1	0	0	资金流水	/accounts/capitalFlow
791	515	0	1	1	0	0	资金流水	/accounts/capitalFlow
794	780	0	1	1	0	0	秒杀管理	/marketing/seckill/list
1022	719	0	1	1	0	70	预售	/marketing/presell
1023	1022	0	1	1	0	0	预售商品	/marketing/presell/list
1024	1022	0	1	1	0	0	预售协议	/marketing/presell/agreement
1025	106	1	1	1	0	0	预售	/marketing/presell/list
1027	0	1	1	1	0	1	用户	/user
1028	1027	1	1	1	0	0	标签管理	/user/_label
1029	1028	1	1	1	0	0	手动标签	/user/label
1030	1028	1	1	1	0	0	自动标签	/user/maticlabel
1051	719	0	1	1	0	60	助力	/assist
1095	1051	0	1	1	0	0	活动商品	/marketing/assist/goods_list
1096	1051	0	1	1	0	0	助力活动	/marketing/assist/list
1099	106	1	1	1	0	0	助力	/assist
1100	1099	1	1	1	0	0	助力商品	/marketing/assist/list
1101	1099	1	1	1	0	0	助力活动	/marketing/assist/assist_set
1102	525	1	1	1	0	0	发票管理	/order/invoice
1103	1027	1	1	1	0	0	用户管理	/user/list
1119	0	1	1	1	0	0	公告	/station/notice
1120	5125	0	1	1	0	0	公告管理	/station/notice
1132	107	1	1	1	0	0	发送记录	/marketing/coupon/send
1135	719	0	1	1	0	50	拼团	/marketing/combination
1136	1135	0	1	1	0	0	拼团设置	/marketing/combination/combination_set
1137	1135	0	1	1	0	0	拼团商品列表	/marketing/combination/combination_goods
1138	1135	0	1	1	0	0	拼团活动列表	/marketing/combination/combination_list
1139	106	1	1	1	0	0	拼团	/marketing/combination
1140	1139	1	1	1	0	0	拼团商品列表	/marketing/combination/combination_goods
1141	1139	1	1	1	0	0	拼团活动列表	/marketing/combination/combination_list
1177	9220	0	1	1	0	0	转账记录	/accounts/transferRecord
1178	9220	0	1	1	0	10	平台账单	/accounts/statement
1179	9220	0	1	1	0	0	转账设置	/accounts/settings
1181	525	1	1	1	0	0	转账记录	/accounts/transManagement
1182	525	1	1	1	0	0	收款方式	/accounts/payType
1183	525	1	1	1	0	0	账单管理	/accounts/statement
1244	520	0	1	1	0	0	导出记录	/group/exportList
1245	87	0	1	1	0	0	保障服务	/product/guarantee
1246	95	1	1	1	0	4	服务模板	/config/guarantee
1247	101	0	1	1	0	0	用户协议	/user/agreement
1284	9492	0	1	1	0	21	店铺设置	/mer/store
1285	101	0	1	1	0	0	搜索记录	/user/searchRecord
1286	1027	1	1	1	0	0	搜索记录	/user/searchRecord
1289	719	0	1	1	0	40	积分	/marketing/integral
1290	1289	0	1	1	0	0	积分配置	/marketing/integral/config
1291	1289	0	1	1	0	0	积分日志	/marketing/integral/log
1293	106	1	1	1	0	0	积分	/marketing/integral
1294	1293	1	1	1	0	0	积分配置	/marketing/integral/config
1295	1293	1	1	1	0	0	积分日志	/marketing/integral/log
1296	514	0	1	1	0	0	佣金说明	/promoter/commission
1298	515	0	1	1	0	0	发票管理	/accounts/accounts
1299	1298	0	1	1	0	0	发票列表	/accounts/receipt
1300	1298	0	1	1	0	0	发票说明	/accounts/invoiceDesc
1302	670	0	1	1	0	0	APP配置	/systemForm/Basics/wechat_open_app
1303	6370	0	1	1	0	7	店铺分账申请	/merchant/applyments
1304	525	1	1	1	0	-1	申请分账商户	/systemForm/applyments
1305	9220	0	1	1	0	0	分账管理	/merchant/applyList
1366	525	1	1	1	0	0	分账管理	/systemForm/applyList
1368	118	0	1	1	0	89	一号通	/serve
1369	1368	0	1	1	0	100	登陆入口	/setting/sms/sms_config/index
1371	1368	0	1	1	0	0	服务配置	/service/settings
1372	1368	0	1	0	0	0	购买记录	/service/purchase
1373	514	0	1	1	0	1	分销等级	brokerage
1374	1373	0	1	1	0	0	分销员等级	/promoter/membership_level
1375	1373	0	1	1	0	0	等级规则	/promoter/distribution
1376	526	1	1	1	0	1	一号通	/one_setting
1377	1376	1	1	1	0	0	配置管理	/setting/sms/dumpConfig
1378	1376	1	1	1	0	1	平台一号通	/setting/sms/sms_config/index
1379	1368	0	1	1	0	0	商户结余	/service/balance_record
1380	1649	1	1	1	0	6	物流公司	/config/freight/express
1381	6370	0	1	1	0	20	店铺类型	/merchant/type
1382	1284	0	1	1	0	0	说明提示	/merchant/type/description
1468	95	1	1	1	0	5	商品标签	/product/label
1469	87	0	1	1	0	0	商品标签	/product/label
1470	719	0	1	1	0	0	专场列表	/group/topic/94
1471	106	1	1	1	0	0	专场列表	/group/topic/95
1508	9047	0	1	1	0	10	等级配置	/systemForm/Basics/members
1509	9047	0	1	0	0	90	等级权益	/user/member/interests
1510	9047	0	1	1	0	100	等级管理	/user/member/list
1511	9047	0	1	1	0	0	等级说明	/user/member/description
1538	9361	0	1	1	0	96	社区	/community
1539	1538	0	1	1	0	8	社区内容	/community/list
1540	1538	0	1	1	0	10	社区分类	/community/category
1541	1538	0	1	1	0	9	社区话题	/community/topic
1542	1538	0	1	1	0	0	社区配置	/systemForm/Basics/community
1543	1538	0	1	1	0	7	社区评论	/community/reply
1594	785	1	1	1	0	0	直播助手	/marketing/studio/assistant
1595	670	0	1	1	0	0	上传校验文件	/app/wechat/file
1596	524	0	1	1	0	0	小程序下载	/app/routine/download
1597	5125	0	1	1	0	0	消息管理	/setting/notification/index
1617	116	0	1	1	0	0	缓存清除	/maintain/cache
1628	670	0	1	1	0	0	APP升级配置	/systemForm/Basics/app_version
1629	719	0	1	1	0	0	优惠套餐	/marketing/discounts/list
1630	106	1	1	1	0	0	优惠套餐	/marketing/discounts/list
1647	1284	0	1	1	0	70	店铺保证金	/merchant/deposit_list
1648	1653	0	1	1	0	0	配送配置	/systemForm/delivery
1649	526	1	1	1	0	1	快递配送	/city
1650	9332	1	1	0	0	0	发货点管理	/delivery/store_manage
1651	9332	1	1	1	0	0	配送记录	/delivery/usage_record
1652	9332	1	1	0	0	0	充值记录	/delivery/recharge_record
1653	5124	0	1	1	0	92	第三方送	/delivery
1654	1653	0	1	1	0	0	充值记录	/delivery/recharge_record
1655	1653	0	1	1	0	0	配送记录	/delivery/usage_record
1656	9358	1	1	1	0	6	小票打印	/setting/printer/list
1657	719	0	1	1	0	99	平台优惠券	/marketing/platform_coupon
1658	1657	0	1	1	0	0	优惠券列表	/marketing/platform_coupon/list
1659	1657	0	1	1	0	0	领取记录	/marketing/platform_coupon/couponRecord
1661	0	1	1	1	0	1	员工	/server
1662	1657	0	1	1	0	0	发送记录	/marketing/platform_coupon/couponSend
1663	1657	0	1	1	0	0	使用说明	/marketing/platform_coupon/instructions
1664	1665	0	1	1	0	90	主题风格	/setting/theme_style
1665	0	0	1	1	0	92	装修	/theme
1666	1665	0	1	1	0	80	页面装修	/setting/diy/list
1667	9360	0	1	1	0	95	协议规则	/setting/agreements
1668	5054	0	1	1	0	0	客服自动回复	/systemForm/customer_keyword
1669	6372	0	1	1	0	0	平台页面链接	/setting/diy/links/list
1670	6372	0	1	1	0	1	平台页面分类	/setting/diy/plantform/category/list
1671	0	1	1	1	0	1	装修	/devise/
1672	1671	1	1	1	0	100	装修	/devise/diy/list
1673	6372	0	1	1	0	0	商户页面分类	/setting/diy/merchant/category/list
1674	6372	0	1	1	0	0	商户页面链接	/setting/diy/merLink/list
5054	0	0	1	1	0	92	客服	/service
5088	5054	0	1	1	0	0	客服列表	/service/customer/list
5119	9360	0	1	1	0	97	商城设置	/systemForm/Basics/shop_tabs
5120	9360	0	1	1	0	96	支付设置	/systemForm/Basics/pay_tabs
5121	118	0	1	1	0	93	接口配置	/systemForm/Basics/extend_tabs
5122	514	0	1	1	0	9	分销配置	/systemForm/Basics/distribution_tabs
5123	9410	1	1	1	0	0	自动回复	/systemForm/customer_keyword
5124	9360	0	1	1	0	94	配送配置	/delivery_config
5125	110	0	1	1	0	92	消息管理	/notice
5126	719	0	1	1	0	0	余额充值	/banlace
5127	5054	0	1	1	0	0	客服设置	/systemForm/Basics/service
6370	9492	0	1	1	0	30	店铺管理	/mer/mer
6372	1665	0	1	1	0	30	页面链接	/setting/page
7649	1303	0	0	1	0	1	权限	/merchant/applyments
7650	1305	0	0	1	0	1	权限	/merchant/applyList
7651	1305	0	0	1	0	1	附加权限	append_/merchant/applyList
7652	1179	0	0	1	0	1	权限	/accounts/settings
7653	516	0	0	1	0	1	权限	/accounts/extract
7654	516	0	0	1	0	1	附加权限	append_/accounts/extract
7655	1299	0	0	1	0	1	权限	/accounts/receipt
7656	517	0	0	1	0	1	权限	/accounts/bill
7657	538	0	0	1	0	1	权限	/accounts/capital
7658	538	0	0	1	0	1	附加权限	append_/accounts/capital
7659	1178	0	0	0	0	1	权限	/accounts/sysBill
7660	1178	0	0	0	0	1	附加权限	append_/accounts/sysBill
7661	791	0	0	1	0	1	权限	/accounts/capitalFlow
7662	791	0	0	1	0	1	附加权限	append_/accounts/capitalFlow
7663	1177	0	0	1	0	1	权限	/accounts/transferRecord
7664	1177	0	0	1	0	1	附加权限	append_/accounts/transferRecord
7665	62	0	0	1	0	1	权限	/cms/articleCategory
7666	61	0	0	1	0	1	权限	/cms/article
7667	61	0	0	1	0	1	附加权限	append_/cms/article
7668	41	0	0	1	0	1	权限	/config/picture
7669	1539	0	0	1	0	1	权限	/community/list
7670	1540	0	0	1	0	1	权限	/community/category
7671	1541	0	0	1	0	1	权限	/community/topic
7672	1541	0	0	1	0	1	附加权限	append_/community/topic
7673	1543	0	0	1	0	1	权限	/community/reply
7674	673	0	0	1	0	1	权限	/systemForm/Basics/wechat
7675	72	0	0	1	0	1	权限	/systemForm/Basics/message
7676	674	0	0	1	0	1	权限	/systemForm/Basics/smallapp
7677	667	0	0	1	0	1	权限	/systemForm/Basics/balance
7679	1302	0	0	1	0	1	权限	/systemForm/Basics/wechat_open_app
7680	35	0	0	1	0	1	权限	/config/classify
7681	36	0	0	1	0	1	权限	/config/setting
7682	721	0	0	1	0	1	权限	/marketing/coupon/list
7683	734	0	0	1	0	1	权限	/marketing/coupon/user
7684	1658	0	0	1	0	1	权限	/marketing/platform_coupon/list
7685	1658	0	0	1	0	1	附加权限	append_/marketing/platform_coupon/list
7686	1659	0	0	1	0	1	权限	/marketing/platform_coupon/couponRecord
7687	103	0	0	1	0	1	权限	/user/list
7688	103	0	0	1	0	1	附加权限	append_/user/list
7689	1662	0	0	1	0	1	权限	/marketing/platform_coupon/couponSend
7690	1648	0	0	1	0	1	权限	/systemForm/delivery
7691	1655	0	0	1	0	1	权限	/delivery/usage_record
7692	1654	0	0	1	0	1	权限	/delivery/recharge_record
7693	119	0	0	1	0	1	权限	/freight/express
7694	1664	0	0	1	0	1	权限	/setting/theme_style
7695	1670	0	0	1	0	1	权限	/setting/diy/plantform/category/list
7696	1673	0	0	1	0	1	权限	/setting/diy/merchant/category/list
7697	1669	0	0	1	0	1	权限	/setting/diy/links/list
7698	1674	0	0	1	0	1	权限	/setting/diy/merLink/list
7699	1666	0	0	1	0	1	权限	/setting/diy/list
7700	1666	0	0	1	0	1	附加权限	append_/setting/diy/list
7701	57	0	0	1	0	1	权限	/group/list
7702	57	0	0	1	0	1	附加权限	append_/group/list
7703	684	0	0	1	0	1	权限	/group/config/67
7704	684	0	0	1	0	1	附加权限	append_/group/config/67
7705	686	0	0	1	0	1	权限	/group/config/68
7706	686	0	0	1	0	1	附加权限	append_/group/config/68
7707	687	0	0	1	0	1	权限	/group/config/69
7708	687	0	0	1	0	1	附加权限	append_/group/config/69
7709	685	0	0	1	0	1	权限	/group/config/75
7710	685	0	0	1	0	1	附加权限	append_/group/config/75
7711	677	0	0	1	0	1	权限	/group/config/76
7712	677	0	0	1	0	1	附加权限	append_/group/config/76
7739	1470	0	0	1	0	1	权限	/group/topic/94
7740	1470	0	0	1	0	1	附加权限	append_/group/topic/94
7741	1290	0	0	1	0	1	权限	/marketing/integral/config
7742	1291	0	0	1	0	1	权限	/marketing/integral/log
7743	1291	0	0	1	0	1	附加权限	append_/marketing/integral/log
7744	1023	0	0	1	0	1	权限	/marketing/presell/list
7745	1095	0	0	1	0	1	权限	/marketing/assist/goods_list
7746	1096	0	0	1	0	1	权限	/marketing/assist/list
7747	1137	0	0	1	0	1	权限	/marketing/combination/combination_goods
7748	1138	0	0	1	0	1	权限	/marketing/combination/combination_list
7749	1136	0	0	1	0	1	权限	/marketing/combination/combination_set
7750	781	0	0	1	0	1	权限	/marketing/studio/list
7751	783	0	0	1	0	1	权限	/marketing/broadcast/list
7752	779	0	0	1	0	1	权限	/marketing/seckill/seckillConfig
7753	779	0	0	1	0	1	附加权限	append_/marketing/seckill/seckillConfig
7754	794	0	0	1	0	1	权限	/marketing/seckill/list
7755	1510	0	0	1	0	1	权限	/user/member/list
7756	1510	0	0	1	0	1	附加权限	append_/user/member/list
7757	1509	0	0	1	0	1	权限	/user/member/interests
7758	1509	0	0	1	0	1	附加权限	append_/user/member/interests
7759	48	0	0	1	0	1	权限	/setting/menu
7760	43	0	0	1	0	1	权限	/merchant/system
7761	100	0	0	1	0	1	权限	/merchant/classify
7762	778	0	0	0	0	1	权限	/merchant/application
7763	44	0	0	1	0	1	权限	/merchant/list
7764	44	0	0	1	0	1	附加权限	append_/merchant/list
7765	1381	0	0	1	0	1	权限	/merchant/type
7766	1647	0	0	1	0	1	权限	/merchant/deposit_list
7767	1120	0	0	1	0	1	权限	/station/notice
7768	1597	0	0	1	0	1	权限	/setting/notification/index
7769	541	0	0	1	0	1	权限	/order/list
7770	541	0	0	1	0	1	附加权限	append_/order/list
7771	784	0	0	1	0	1	权限	/order/cancellation
7772	542	0	0	1	0	1	权限	/order/refund
7773	542	0	0	1	0	1	附加权限	append_/order/refund
7774	88	0	0	1	0	1	权限	/product/classify
7775	88	0	0	1	0	1	附加权限	append_/product/classify
7776	93	0	0	1	0	1	权限	/product/band/brandClassify
7777	94	0	0	1	0	1	权限	/product/band/brandList
7778	539	0	0	1	0	1	权限	/product/examine
7779	121	0	0	1	0	1	权限	/product/comment
7780	121	0	0	1	0	1	附加权限	append_/product/comment
7781	1245	0	0	1	0	1	权限	/product/guarantee
7782	1245	0	0	1	0	1	附加权限	append_/product/guarantee
7783	1469	0	0	1	0	1	权限	/product/label
7784	1629	0	0	1	0	1	权限	/marketing/discounts/list
7785	1629	0	0	1	0	1	附加权限	append_/marketing/discounts/list
7786	39	0	0	1	0	1	权限	/setting/systemRole
7787	40	0	0	1	0	1	权限	/setting/systemAdmin
7788	40	0	0	1	0	1	附加权限	append_/setting/systemAdmin
7789	47	0	0	1	0	1	权限	/setting/systemLog
7790	0	0	0	0	0	1	权限	self
7791	5088	0	0	1	0	1	权限	/service/customer/list
7792	1668	0	0	1	0	1	权限	/systemForm/customer_keyword
7793	522	0	0	1	0	1	权限	/promoter/user
7794	1374	0	0	1	0	1	权限	/promoter/membership_level
7795	1374	0	0	1	0	1	附加权限	append_/promoter/membership_level
7796	731	0	0	1	0	1	权限	/promoter/gift
7797	5122	0	0	1	0	1	权限	/systemForm/Basics/distribution_tabs
7798	1244	0	0	1	0	1	权限	/group/exportList
7799	33	0	0	1	0	1	权限	/dashboard
7800	117	0	0	1	0	1	权限	/maintain/dataBackup
7801	1617	0	0	1	0	1	权限	/maintain/cache
7802	8613	1	0	0	0	1	获取配置内容	merchantStorePrinterGetContent
7803	1667	0	0	1	0	1	权限	/setting/agreements
7804	1024	0	0	1	0	1	权限	/marketing/presell/agreement
7805	1296	0	0	1	0	1	权限	/promoter/commission
7806	1375	0	0	1	0	1	权限	/promoter/distribution
7807	1663	0	0	1	0	1	权限	/marketing/platform_coupon/instructions
7808	1247	0	0	1	0	1	权限	/user/agreement
7809	1511	0	0	1	0	1	权限	/user/member/description
7810	1382	0	0	1	0	1	权限	/merchant/type/description
7811	1300	0	0	1	0	1	权限	/accounts/invoiceDesc
7812	104	0	0	1	0	1	权限	/user/label
7813	1285	0	0	1	0	1	权限	/user/searchRecord
7814	1285	0	0	1	0	1	附加权限	append_/user/searchRecord
7815	102	0	0	1	0	1	权限	/user/group
7816	467	0	0	1	0	1	权限	/feedback/classify
7817	468	0	0	1	0	1	权限	/feedback/list
7818	1595	0	0	1	0	1	权限	/app/wechat/file
7819	1596	0	0	1	0	1	权限	/app/routine/download
7820	59	0	0	1	0	1	权限	/app/wechat/menus
7821	77	0	0	1	0	1	权限	/admin/app/wechat/reply
7822	82	0	0	1	0	1	权限	/app/wechat/newsCategory
7823	82	0	0	1	0	1	附加权限	append_/app/wechat/newsCategory
7824	532	0	0	1	0	1	权限	/app/wechat/template
7825	545	0	0	1	0	1	权限	/app/routine/template
7826	1369	0	0	1	0	1	权限	/setting/sms/sms_config/index
7827	1372	0	0	1	0	1	权限	/service/purchase
7828	1379	0	0	1	0	1	权限	/service/balance_record
7829	1371	0	0	1	0	1	权限	/service/settings
7830	113	0	0	1	0	1	权限	/sms/template
7831	114	0	0	1	0	1	权限	/sms/applyList
7832	7649	0	0	1	0	1	分账商户申请列表	systemMerchantApplymentsLst
7833	7649	0	0	1	0	1	分账商户申请详情	systemMerchantApplymentsDetail
7834	7649	0	0	1	0	1	分账商户申请审核	systemMerchantApplymentsStatus
7835	7649	0	0	1	0	1	分账商户申请备注	systemMerchantApplymentsMarrkSave
7836	7650	0	0	1	0	1	列表	systemOrderProfitsharingLst
7837	7650	0	0	1	0	1	重新分账	systemOrderProfitsharingAgain
7838	7650	0	0	1	0	1	导出	systemOrderProfitsharingExport
7839	7651	0	0	1	0	1	导出列表	systemStoreExcelLst
7840	7651	0	0	1	0	1	导出下载	systemStoreExcelDownload
7841	7652	0	0	1	0	1	配置信息	systemOrderProfitsharingGetConfig
7842	7652	0	0	1	0	1	配置保存	systemOrderProfitsharingSetConfig
7843	7653	0	0	1	0	1	申请列表	systemUserExtractLst
7844	7653	0	0	1	0	1	审核	systemUserExtractSwitchStatus
7845	7653	0	0	1	0	1	导出	systemUserExtractExport
7846	7654	0	0	1	0	1	导出列表	systemStoreExcelLst
7847	7654	0	0	1	0	1	导出下载	systemStoreExcelDownload
7848	7655	0	0	1	0	1	列表	systemOrderReceiptList
7849	7655	0	0	1	0	1	详情	systemOrderReceiptDetail
7850	7656	0	0	1	0	1	列表	systemUserRechargeList
7851	7656	0	0	1	0	1	统计	systemUserRechargeTotal
7852	7657	0	0	1	0	1	列表	systemUserBillList
7853	7657	0	0	1	0	1	导出	systemUserBillExport
7854	7658	0	0	1	0	1	导出列表	systemStoreExcelLst
7855	7658	0	0	1	0	1	导出下载	systemStoreExcelDownload
7856	7659	0	0	1	0	1	列表	systemFinancialRecordLst
7857	7659	0	0	1	0	1	统计	systemFinancialRecordTitle
7858	7659	0	0	1	0	1	详情	systemFinancialRecordDetail
7859	7659	0	0	1	0	1	导出	systemFinancialRecordDetailExport
7860	7660	0	0	1	0	1	导出列表	systemStoreExcelLst
7861	7660	0	0	1	0	1	导出下载	systemStoreExcelDownload
7862	7661	0	0	1	0	1	列表	systemFinancialRecordList
7863	7661	0	0	1	0	1	导出	systemFinancialRecordExport
7864	7661	0	0	1	0	1	统计	systemFinancialCount
7865	7662	0	0	1	0	1	导出列表	systemStoreExcelLst
7866	7662	0	0	1	0	1	导出下载	systemStoreExcelDownload
7867	7663	0	0	1	0	1	列表	systemFinancialList
7868	7663	0	0	1	0	1	详情	systemFinancialDetail
7869	7663	0	0	1	0	1	编辑	systemFinancialUpdate
7870	7663	0	0	1	0	1	修改状态	systemFinancialSwitchStatus
7871	7663	0	0	1	0	1	备注	systemFinancialMark
7872	7663	0	0	1	0	1	统计	systemFinancialTitle
7873	7663	0	0	1	0	1	导出	systemFinancialExport
7874	7664	0	0	1	0	1	导出列表	systemStoreExcelLst
7875	7664	0	0	1	0	1	导出下载	systemStoreExcelDownload
7876	7665	0	0	1	0	1	文章分类列表	systemArticleCategoryLst
7877	7665	0	0	1	0	1	文章分类添加	systemArticleCategoryCreate
7878	7665	0	0	1	0	1	文章分类编辑	systemArticleCategoryUpdate
7879	7665	0	0	1	0	1	文章分类修改状态	systemArticleCategoryStatus
7880	7665	0	0	1	0	1	文章分类删除	systemArticleCategoryDelete
7881	7665	0	0	1	0	1	文章分类详情	systemArticleCategoryDetail
7882	7666	0	0	1	0	1	文章列表	systemArticlArticleLst
7883	7666	0	0	1	0	1	文章添加	systemArticleArticleCreate
7884	7666	0	0	1	0	1	文章编辑	systemArticArticleleUpdate
7885	7666	0	0	1	0	1	文章删除	systemArticArticleleDelete
7886	7666	0	0	1	0	1	文章详情	systemArticArticleleDetail
7887	7666	0	0	1	0	1	文章修改状态	systemArticlArticlStatus
7888	7667	0	0	1	0	1	上传图片	uploadImage
7889	7667	0	0	1	0	1	素材列表	systemAttachmentLst
7890	7668	0	0	1	0	1	素材分类列表	systemAttachmentCategoryGetFormatList
7891	7668	0	0	1	0	1	素材分类添加	systemAttachmentCategoryCreate
7892	7668	0	0	1	0	1	素材编辑	systemAttachmentCategoryUpdate
7893	7668	0	0	1	0	1	素材删除	systemAttachmentCategoryDelete
7894	7668	0	0	1	0	1	素材列表	systemAttachmentLst
7895	7668	0	0	1	0	1	素材删除	systemAttachmentDelete
7896	7668	0	0	1	0	1	批量移动	systemAttachmentBatchChangeCategory
7897	7668	0	0	1	0	1	素材编辑	systemAttachmentUpdate
7898	7669	0	0	1	0	1	文章列表	systemCommunityLst
7899	7669	0	0	1	0	1	文章详情	systemCommunityDetail
7900	7669	0	0	1	0	1	文章编辑	systemCommunityUpdate
7901	7669	0	0	1	0	1	文章删除	systemCommunityDelete
7902	7669	0	0	1	0	1	修改状态	systemCommunityStatus
7903	7669	0	0	1	0	1	文章详情	systemCommunityShow
7904	7670	0	0	1	0	1	社区分类状态	systemCommunityCategoryLst
7905	7670	0	0	1	0	1	社区分类添加	systemCommunityCategoryCreate
7906	7670	0	0	1	0	1	社区分类编辑	systemCommunityCategoryUpdate
7907	7670	0	0	1	0	1	社区分类详情	systemCommunityCategoryDetail
7908	7670	0	0	1	0	1	社区分类删除	systemCommunityCategoryDelete
7909	7670	0	0	1	0	1	社区分类修改状态	systemCommunityCategoryStatus
7910	7671	0	0	1	0	1	社区话题	systemCommunityTopicLst
7911	7671	0	0	1	0	1	社区话题添加	systemCommunityTopicCreate
7912	7671	0	0	1	0	1	社区话题编辑	systemCommunityTopicUpdate
7913	7671	0	0	1	0	1	社区话题详情 	systemCommunityTopicDetail
7914	7671	0	0	1	0	1	社区话题删除	systemCommunityTopicDelete
7915	7671	0	0	1	0	1	社区话题修改状态	systemCommunityTopicStatus
7916	7671	0	0	1	0	1	社区话题推荐	systemCommunityTopicHot
7917	7672	0	0	1	0	1	上传图片	uploadImage
7918	7672	0	0	1	0	1	图片列表	systemAttachmentLst
7919	7673	0	0	1	0	1	社区评论列表	systemCommunityReplyLst
7920	7673	0	0	1	0	1	社区评论删除	systemCommunityReplyDelete
7921	7673	0	0	1	0	1	社区评论审核	systemCommunityReplyStatus
7922	7674	0	0	1	0	1	编辑配置信息	configSave
7923	7675	0	0	1	0	1	编辑配置信息	configSave
7924	7676	0	0	1	0	1	编辑配置信息	configSave
7925	7677	0	0	1	0	1	编辑配置信息	configSave
7927	7679	0	0	1	0	1	编辑配置信息	configSave
7928	7680	0	0	1	0	1	配置分类添加	configClassifyCreate
7929	7680	0	0	1	0	1	配置分类删除	configClassifyDelete
7930	7680	0	0	1	0	1	配置分类编辑	configClassifyUpdate
7931	7680	0	0	1	0	1	配置分类修改状态	configClassifySwitchStatus
7932	7680	0	0	1	0	1	配置分类列表	configClassifyLst
7933	7681	0	0	1	0	1	配置添加	configSettingCreate
7934	7681	0	0	1	0	1	配置编辑	configSettingUpdate
7935	7681	0	0	1	0	1	配置修改状态	configSettingSwitchStatus
7936	7681	0	0	1	0	1	配置列表	configSettingLst
7937	7681	0	0	1	0	1	配置删除	configSettingDelete
7938	7682	0	0	1	0	1	列表	systemStoreCouponLst
7939	7682	0	0	1	0	1	详情	systemCouponDetail
7940	7682	0	0	1	0	1	商品列表	systemCouponProduct
7941	7683	0	0	1	0	1	使用记录	systemCouponIssue
7942	7684	0	0	1	0	1	添加	systemCouponCreate
7943	7684	0	0	1	0	1	编辑	systemCouponUpdate
7944	7684	0	0	1	0	1	删除	systemCouponDelete
7945	7684	0	0	1	0	1	修改状态	systemCouponStatus
7946	7684	0	0	1	0	1	列表	systemCouponList
7947	7684	0	0	1	0	1	详情	systemCouponShow
7948	7684	0	0	1	0	1	详情关联列表	systemCouponShowLst
7949	7685	0	0	1	0	1	上传图片	uploadImage
7950	7685	0	0	1	0	1	图片列表	systemAttachmentLst
7951	7686	0	0	1	0	1	使用记录	systemCouponIssue
7952	7687	0	0	1	0	1	发送优惠券	systemCouponSend
7953	7687	0	0	1	0	1	用户列表	systemUserLst
7954	7687	0	0	1	0	1	用户编辑	systemUserUpdate
7955	7687	0	0	1	0	1	用户修改余额	systemUserChangeNowMoney
7956	7687	0	0	1	0	1	用户修改积分	systemUserChangeIntegral
7957	7687	0	0	1	0	1	用户发送图文	systemWechatUserSendNews
7958	7687	0	0	1	0	1	用户详情	systemUserDetail
7959	7687	0	0	1	0	1	用户消费记录	systemUserOrder
7960	7687	0	0	1	0	1	用户持有优惠券	systemUserCoupon
7961	7687	0	0	1	0	1	用户余额变动列表	systemUserBill
7962	7687	0	0	1	0	1	推荐人修改记录	systemUserSpreadLog
7963	7687	0	0	1	0	1	修改推荐人	systemUserSpreadChange
7964	7687	0	0	1	0	1	用户修改会员等级	systemUserMemberSave
7965	7687	0	0	1	0	1	用户添加	systemUserCreate
7966	7687	0	0	1	0	1	用户修改密码	systemUserChangePassword
7967	7687	0	0	1	0	1	用户分组编辑	systemUserChangeGroup
7968	7687	0	0	1	0	1	用户分组批量编辑	systemUserBatchChangeGroup
7969	7687	0	0	1	0	1	用户标签编辑	systemUserChangeLabel
7970	7687	0	0	1	0	1	用户标签批量编辑	systemUserBatchChangeLabel
7971	7688	0	0	1	0	1	优惠券列表	systemCouponList
7972	7688	0	0	1	0	1	上传图片	uploadImage
7973	7688	0	0	1	0	1	图片列表	systemAttachmentLst
7974	7689	0	0	1	0	1	发送记录	systemCouponSendLst
7975	7690	0	0	1	0	1	编辑配置	systemDeliveryConfigSave
7976	7691	0	0	1	0	1	配送记录	systemDeliveryOrderLst
7977	7691	0	0	1	0	1	配送详情	systemDeliveryOrderDetail
7978	7692	0	0	1	0	1	充值记录	systemDeliveryStationPaayyLst
7979	7692	0	0	1	0	1	统计	systemDeliveryOrderTitle
7980	7692	0	0	1	0	1	余额	systemDeliveryStationGetBalance
7981	7693	0	0	1	0	1	列表	systemExpressLst
7982	7693	0	0	1	0	1	修改状态	systemExpressSwitchStatus
7983	7693	0	0	1	0	1	编辑	systemExpressUpdate
7984	7693	0	0	1	0	1	删除	systemExpressDelete
7985	7693	0	0	1	0	1	同步	systemExpressSync
7986	7693	0	0	1	0	1	列表	systemServeExportLst
7987	7694	0	0	1	0	1	一键换色保存	systemSetChangeColor
7988	7695	0	0	1	0	1	列表 	systemDiyPageCategroyLst
7989	7695	0	0	1	0	1	添加	systemDiyPageCategroyCreate
7990	7695	0	0	1	0	1	编辑	systemDiyPageCategroyUpdate
7991	7695	0	0	1	0	1	编辑状态	systemDiyPageCategroyStatus
7992	7695	0	0	1	0	1	删除	systemDiyPageCategroyDelete
7993	7696	0	0	1	0	1	列表 	systemDiyPageMerCategroyLst
7994	7696	0	0	1	0	1	添加	systemDiyPageMerCategroyCreate
7995	7696	0	0	1	0	1	编辑	systemDiyPageMerCategroyUpdate
7996	7696	0	0	1	0	1	编辑状态	systemDiyPageMerCategroyStatus
7997	7696	0	0	1	0	1	删除	systemDiyPageMerCategroyDelete
7998	7697	0	0	1	0	1	列表	systemDiyPageLinkLst
7999	7697	0	0	1	0	1	添加	systemDiyPageLinkCreate
8000	7697	0	0	1	0	1	编辑	systemDiyPageLinkUpdate
8001	7697	0	0	1	0	1	删除	systemDiyPageLinkDelete
8002	7698	0	0	1	0	1	列表	systemDiyPageLinkMerLst
8003	7698	0	0	1	0	1	添加	systemDiyPageLinkMerCreate
8004	7698	0	0	1	0	1	编辑	systemDiyPageLinkMerUpdate
8005	7698	0	0	1	0	1	删除	systemDiyPageLinkMerDelete
8006	7699	0	0	1	0	1	列表 	systemDiyLst
8007	7699	0	0	1	0	1	添加/编辑	systemDiyCreate
8008	7699	0	0	1	0	1	使用模板	systemDiyStatus
8009	7699	0	0	1	0	1	设置默认	systemDiySetDefault
8010	7699	0	0	1	0	1	重置	systemDiyRecovery
8011	7699	0	0	1	0	1	删除	systemDiyDelete
8012	7699	0	0	1	0	1	商品列表	systemDiyProductLst
8013	7699	0	0	1	0	1	复制	systemDiyCopy
8014	7699	0	0	1	0	1	个人中心装修	systemVisualUserInfo
8015	7699	0	0	1	0	1	店铺街装修	systemVisualStoreStreet
8016	7700	0	0	1	0	1	上传图片	uploadImage
8017	7700	0	0	1	0	1	图片列表	systemAttachmentLst
8018	7701	0	0	1	0	1	组合数据配置列表	groupLst
8019	7701	0	0	1	0	1	组合数据配置添加	groupCreate
8020	7701	0	0	1	0	1	组合数据配置编辑	groupUpdate
8021	7701	0	0	1	0	1	详情	groupDetail
8022	7701	0	0	1	0	1	列表	groupDataLst
8023	7701	0	0	1	0	1	添加	groupDataCreate
8024	7701	0	0	1	0	1	编辑	groupDataUpdate
8025	7701	0	0	1	0	1	删除	groupDataDelete
8026	7701	0	0	1	0	1	修改状态	groupDataChangeStatus
8027	7702	0	0	1	0	1	上传图片	uploadImage
8028	7702	0	0	1	0	1	图片列表	systemAttachmentLst
8029	7703	0	0	1	0	1	详情	groupDetail
8030	7703	0	0	1	0	1	列表	groupDataLst
8031	7703	0	0	1	0	1	添加	groupDataCreate
8032	7703	0	0	1	0	1	编辑	groupDataUpdate
8033	7703	0	0	1	0	1	删除	groupDataDelete
8034	7703	0	0	1	0	1	修改状态	groupDataChangeStatus
8035	7704	0	0	1	0	1	上传图片	uploadImage
8036	7704	0	0	1	0	1	图片列表	systemAttachmentLst
8037	7705	0	0	1	0	1	详情	groupDetail
8038	7705	0	0	1	0	1	列表	groupDataLst
8039	7705	0	0	1	0	1	添加	groupDataCreate
8040	7705	0	0	1	0	1	编辑	groupDataUpdate
8041	7705	0	0	1	0	1	删除	groupDataDelete
8042	7705	0	0	1	0	1	修改状态	groupDataChangeStatus
8043	7706	0	0	1	0	1	上传图片	uploadImage
8044	7706	0	0	1	0	1	图片列表	systemAttachmentLst
8045	7707	0	0	1	0	1	详情	groupDetail
8046	7707	0	0	1	0	1	列表	groupDataLst
8047	7707	0	0	1	0	1	添加	groupDataCreate
8048	7707	0	0	1	0	1	编辑	groupDataUpdate
8049	7707	0	0	1	0	1	删除	groupDataDelete
8050	7707	0	0	1	0	1	修改状态	groupDataChangeStatus
8051	7708	0	0	1	0	1	上传图片	uploadImage
8052	7708	0	0	1	0	1	图片列表	systemAttachmentLst
8053	7709	0	0	1	0	1	详情	groupDetail
8054	7709	0	0	1	0	1	列表	groupDataLst
8055	7709	0	0	1	0	1	添加	groupDataCreate
8056	7709	0	0	1	0	1	编辑	groupDataUpdate
8057	7709	0	0	1	0	1	删除	groupDataDelete
8058	7709	0	0	1	0	1	修改状态	groupDataChangeStatus
8059	7710	0	0	1	0	1	上传图片	uploadImage
8060	7710	0	0	1	0	1	图片列表	systemAttachmentLst
8061	7711	0	0	1	0	1	详情	groupDetail
8062	7711	0	0	1	0	1	列表	groupDataLst
8063	7711	0	0	1	0	1	添加	groupDataCreate
8064	7711	0	0	1	0	1	编辑	groupDataUpdate
8065	7711	0	0	1	0	1	删除	groupDataDelete
8066	7711	0	0	1	0	1	修改状态	groupDataChangeStatus
8067	7712	0	0	1	0	1	上传图片	uploadImage
8068	7712	0	0	1	0	1	图片列表	systemAttachmentLst
8173	7739	0	0	1	0	1	详情	groupDetail
8174	7739	0	0	1	0	1	列表	groupDataLst
8175	7739	0	0	1	0	1	添加	groupDataCreate
8176	7739	0	0	1	0	1	编辑	groupDataUpdate
8177	7739	0	0	1	0	1	删除	groupDataDelete
8178	7739	0	0	1	0	1	修改状态	groupDataChangeStatus
8179	7740	0	0	1	0	1	上传图片	uploadImage
8180	7740	0	0	1	0	1	图片列表	systemAttachmentLst
8181	7741	0	0	1	0	1	积分配置保存	systemUserIntegralConfigSave
8182	7742	0	0	1	0	1	积分统计	systemUserIntegralTitle
8183	7742	0	0	1	0	1	积分日志	systemUserIntegralLst
8184	7742	0	0	1	0	1	积分导出	systemUserIntegralExcel
8185	7743	0	0	1	0	1	导出列表	systemStoreExcelLst
8186	7743	0	0	1	0	1	导出下载	systemStoreExcelDownload
8187	7744	0	0	1	0	1	列表	systemStoreProductPresellLst
8188	7744	0	0	1	0	1	显示/隐藏	systemStoreProductPresellShow
8189	7744	0	0	1	0	1	详情	systemStoreProductPresellDetail
8190	7744	0	0	1	0	1	编辑数据	systemStoreProductPresellGet
8191	7744	0	0	1	0	1	编辑	systemStoreProductPresellUpdate
8192	7744	0	0	1	0	1	审核	systemStoreProductPresellSwitchStatus
8193	7744	0	0	1	0	1	设置标签	systemStoreProductPresellLabels
8194	7745	0	0	1	0	1	列表	systemStoreProductAssistLst
8195	7745	0	0	1	0	1	显示/隐藏	systemStoreProductAssistShow
8196	7745	0	0	1	0	1	详情	systemStoreProductAssistDetail
8197	7745	0	0	1	0	1	编辑	systemStoreProductAssistProductUpdate
8198	7745	0	0	1	0	1	审核	systemStoreProductAssistStatus
8199	7745	0	0	1	0	1	编辑数据	systemStoreProductAssistGet
8200	7745	0	0	1	0	1	设置标签	systemStoreProductAssistLabels
8201	7746	0	0	1	0	1	列表	systemStoreProductAssistSetLst
8202	7746	0	0	1	0	1	详情	systemStoreProductAssistSetDetail
8203	7747	0	0	1	0	1	列表	systemStoreProductGroupLst
8204	7747	0	0	1	0	1	显示/隐藏	systemStoreProductGroupShow
8205	7747	0	0	1	0	1	详情	systemStoreProductGroupDetail
8206	7747	0	0	1	0	1	编辑	systemStoreProductGroupProductUpdate
8207	7747	0	0	1	0	1	审核	systemStoreProductGroupStatus
8208	7747	0	0	1	0	1	编辑数据	systemStoreProductGroupGet
8209	7747	0	0	1	0	1	排序	systemStoreProductGroupSort
8210	7747	0	0	1	0	1	设置标签	systemStoreProductGroupLabels
8211	7748	0	0	1	0	1	列表	systemStoreProductGroupBuyingLst
8212	7748	0	0	1	0	1	详情	systemStoreProductGroupBuyingDetail
8213	7749	0	0	1	0	1	配置保存	configOthersGroupBuyingUpdate
8214	7750	0	0	1	0	1	列表	systemBroadcastRoomLst
8215	7750	0	0	1	0	1	详情	systemBroadcastRoomDetail
8216	7750	0	0	1	0	1	申请	systemBroadcastRoomApply
8217	7750	0	0	1	0	1	修改状态	systemBroadcastRoomChangeStatus
8218	7750	0	0	1	0	1	排序	systemBroadcastRoomSort
8219	7750	0	0	1	0	1	修改状态	systemBroadcastRoomChangeLiveStatus
8220	7750	0	0	1	0	1	删除	systemBroadcastRoomDelete
8221	7750	0	0	1	0	1	商品列表	systemBroadcastRoomGoods
8222	7750	0	0	1	0	1	客服开关	systemBroadcastRoomCloseKf
8223	7750	0	0	1	0	1	禁言开关	systemBroadcastRoomCloseComment
8224	7750	0	0	1	0	1	收录开关	systemBroadcastRoomClosesFeeds
8225	7751	0	0	1	0	1	列表	systemBroadcastGoodsLst
8226	7751	0	0	1	0	1	详情	systemBroadcastGoodsDetail
8227	7751	0	0	1	0	1	审核	systemBroadcastGoodsApply
8228	7751	0	0	1	0	1	修改状态	systemBroadcastGoodsChangeStatus
8229	7751	0	0	1	0	1	排序	systemBroadcastGoodsSort
8230	7751	0	0	1	0	1	删除	systemBroadcastGoodsDelete
8231	7752	0	0	1	0	1	列表	systemSeckillConfigLst
8232	7752	0	0	1	0	1	添加	systemSeckillConfigCreate
8233	7752	0	0	1	0	1	编辑	systemSeckillConfigUpdate
8234	7752	0	0	1	0	1	排序	systemSeckillConfigStatus
8235	7752	0	0	1	0	1	删除	systemSeckillConfigDelete
8236	7753	0	0	1	0	1	上传图片	uploadImage
8237	7753	0	0	1	0	1	图片列表	systemAttachmentLst
8238	7754	0	0	1	0	1	统计	systemStoreSeckillProductLstFilter
8239	7754	0	0	1	0	1	列表	systemStoreSeckillProductLst
8240	7754	0	0	1	0	1	权限	systemStoreSeckillProductDetail
8241	7754	0	0	1	0	1	编辑	systemStoreSeckillProductUpdate
8242	7754	0	0	1	0	1	审核	systemStoreSeckillProductSwitchStatus
8243	7754	0	0	1	0	1	显示/隐藏	systemStoreSeckillProductChangeUsed
8244	7754	0	0	1	0	1	设置标签	systemStoreSeckillProductLabels
8245	7755	0	0	1	0	1	普通会员等级列表	systemUserMemberLst
8246	7755	0	0	1	0	1	普通会员等级添加	systemUserMemberCreate
8247	7755	0	0	1	0	1	普通会员等级编辑	systemUserMemberUpdate
8248	7755	0	0	1	0	1	普通会员等级删除	systemUserMemberDelete
8249	7756	0	0	1	0	1	上传图片	uploadImage
8250	7756	0	0	1	0	1	图片列表	systemAttachmentLst
8251	7757	0	0	1	0	1	会员权益	systemUserMemberInterestsLst
8252	7757	0	0	1	0	1	会员权益添加	systemUserMemberInterestsCreate
8253	7757	0	0	1	0	1	会员权益编辑	systemUserMemberInterestsUpdate
8254	7757	0	0	1	0	1	会员权益删除	systemUserMemberInterestsDelete
8255	7758	0	0	1	0	1	上传图片	uploadImage
8256	7758	0	0	1	0	1	图片列表	systemAttachmentLst
8257	7759	0	0	1	0	1	平台菜单/权限列表	systemMenuGetLst
8258	7759	0	0	1	0	1	平台菜单/权限添加	systemMenuCreate
8259	7759	0	0	1	0	1	平台菜单/权限编辑	systemMenuUpdate
8260	7759	0	0	1	0	1	平台菜单/权限删除	systemMenuDelete
8261	7760	0	0	1	0	1	商户菜单/权限列表	systemMerchantMenuGetLst
8262	7760	0	0	1	0	1	商户菜单/权限添加	systemMerchantMenuCreate
8263	7760	0	0	1	0	1	商户菜单/权限编辑	systemMerchantMenuUpdate
8264	7760	0	0	1	0	1	商户菜单/权限删除	systemMerchantMenuDelete
8265	7761	0	0	1	0	1	商户分类列表	systemMerchantCategoryLst
8266	7761	0	0	1	0	1	商户分类添加	systemMerchantCategoryCreate
8267	7761	0	0	1	0	1	商户分类删除	systemMerchantCategoryDelete
8268	7761	0	0	1	0	1	商户分类编辑	systemMerchantCategoryUpdate
8269	7762	0	0	0	0	1	列表	systemMerchantIntentionLst
8270	7762	0	0	0	0	1	审核	systemMerchantIntentionStatus
8271	7762	0	0	0	0	1	删除	systemMerchantIntentionDelete
8274	7762	0	0	0	0	1	备注	systemMerchantIntentionMark
8276	7763	0	0	1	0	1	商户列表	systemMerchantCreateForm
8277	7763	0	0	1	0	1	商户列表统计	systemMerchantCount
8278	7763	0	0	1	0	1	商户列表	systemMerchantLst
8279	7763	0	0	1	0	1	商户添加	systemMerchantCreate
8280	7763	0	0	1	0	1	商户编辑	systemMerchantUpdate
8281	7763	0	0	1	0	1	商户修改推荐	systemMerchantStatus
8282	7763	0	0	1	0	1	商户开启/关闭	systemMerchantClose
8283	7763	0	0	1	0	1	商户删除	systemMerchantDelete
8284	7763	0	0	1	0	1	商户修改密码	systemMerchantAdminPassword
8285	7763	0	0	1	0	1	商户登录	systemMerchantLogin
8286	7763	0	0	1	0	1	修改采集商品次数	systemMerchantChangeCopy
8287	7764	0	0	1	0	1	上传图片	uploadImage
8288	7764	0	0	1	0	1	图片列表	systemAttachmentLst
8289	7765	0	0	1	0	1	列表	systemMerchantTypeLst
8290	7765	0	0	1	0	1	添加	systemMerchantTypeCreate
8291	7765	0	0	1	0	1	编辑	systemMerchantTypeUpdate
8292	7765	0	0	1	0	1	删除	systemMerchantTypeDelete
8293	7765	0	0	1	0	1	备注	systemMerchantTypeMark
8294	7765	0	0	1	0	1	备注	systemMerchantTypeDetail
8295	7766	0	0	1	0	1	缴纳记录	systemMerchantMarginLst
8296	7766	0	0	1	0	1	扣费记录	systemMarginList
8297	7766	0	0	1	0	1	扣除保证金	systemMarginSet
8298	7766	0	0	1	0	1	退款申请列表	systemMarginRefundList
8299	7766	0	0	1	0	1	退款申请详情	systemMarginRefundShow
8300	7766	0	0	1	0	1	审核	systemMarginRefundSwitchStatus
8301	7766	0	0	1	0	1	备注	systemMarginRefundMark
8302	7767	0	0	1	0	1	系统公告列表	systemNoticeList
8303	7767	0	0	1	0	1	系统公告发布	systemNoticeCreate
8304	7768	0	0	1	0	1	消息配置列表	systemNoticeConfigLst
8305	7768	0	0	1	0	1	消息配置添加	systemNoticeConfigCreate
8306	7768	0	0	1	0	1	消息配置编辑	systemNoticeConfigUpdate
8307	7768	0	0	1	0	1	消息配置详情	systemNoticeConfigDetail
8308	7768	0	0	1	0	1	消息配置删除	systemNoticeConfigDelete
8309	7768	0	0	1	0	1	消息配置修改状态	systemNoticeConfigStatus
8310	7769	0	0	1	0	1	列表	systemOrderLst
8311	7769	0	0	1	0	1	金额统计	systemOrderStat
8312	7769	0	0	1	0	1	快递查询	systemOrderExpress
8313	7769	0	0	1	0	1	头部统计	systemOrderTitle
8314	7769	0	0	1	0	1	详情	systemOrderDetail
8315	7769	0	0	1	0	1	导出	systemOrderExcel
8316	7770	0	0	1	0	1	导出列表	systemStoreExcelLst
8317	7770	0	0	1	0	1	导出列表	systemStoreExcelDownload
8318	7771	0	0	1	0	1	核销	systemOrderTakeStat
8319	7771	0	0	1	0	1	核销订单	systemTakeOrderLst
8320	7771	0	0	1	0	1	头部统计	systemTakeOrderTitle
8321	7772	0	0	1	0	1	列表	systemRefundOrderLst
8322	7772	0	0	1	0	1	导出	systemRefundOrderExcel
8323	7773	0	0	1	0	1	导出列表	systemStoreExcelLst
8324	7773	0	0	1	0	1	导出下载	systemStoreExcelDownload
8325	7774	0	0	1	0	1	编辑	systemStoreCategoryUpdate
8326	7774	0	0	1	0	1	列表	systemStoreCategoryLst
8327	7774	0	0	1	0	1	详情	systemStoreCategoryDtailt
8328	7774	0	0	1	0	1	添加	systemStoreCategoryCreate
8329	7774	0	0	1	0	1	删除	systemStoreCategoryDelete
8330	7774	0	0	1	0	1	修改状态	systemStoreCategorySwitchStatus
8331	7774	0	0	1	0	1	修改推荐	systemStoreCategorySwitchIsHot
8332	7775	0	0	1	0	1	上传图片	uploadImage
8333	7775	0	0	1	0	1	图片列表	systemAttachmentLst
8334	7776	0	0	1	0	1	编辑	systemStoreBrandCategoryUpdate
8335	7776	0	0	1	0	1	列表	systemStoreBrandCategoryLst
8336	7776	0	0	1	0	1	详情	systemStoreBrandCategoryDtailt
8337	7776	0	0	1	0	1	添加	systemStoreBrandCategoryCreate
8338	7776	0	0	1	0	1	删除	systemStoreBrandCategoryDelete
8339	7776	0	0	1	0	1	修改状态	systemStoreBrandCategorySwitchStatus
8340	7777	0	0	1	0	1	列表	systemStoreBrandLst
8341	7777	0	0	1	0	1	修改状态	systemStoreBrandSwithStatus
8342	7777	0	0	1	0	1	添加	systemStoreBrandCreate
8343	7777	0	0	1	0	1	编辑	systemStoreBrandUpdate
8344	7777	0	0	1	0	1	删除	systemStoreBrandDelete
8345	7778	0	0	1	0	1	统计	systemStoreProductLstFilter
8346	7778	0	0	1	0	1	列表	systemStoreProductLst
8347	7778	0	0	1	0	1	详情	systemStoreProductDetail
8348	7778	0	0	1	0	1	编辑	systemStoreProductUpdate
8349	7778	0	0	1	0	1	上下架	systemStoreProductSwitchStatus
8350	7778	0	0	1	0	1	分销状态变更商品检测	systemStoreProductCheck
8351	7778	0	0	1	0	1	显示/隐藏	systemStoreProductChangeUsed
8352	7778	0	0	1	0	1	虚拟销量	systemStoreProductAddFicti
8353	7778	0	0	1	0	1	设置标签	systemStoreProductLabels
8354	7779	0	0	1	0	1	列表	systemProductReplyLst
8355	7779	0	0	1	0	1	添加虚拟评论	systemProductReplyCreate
8356	7779	0	0	1	0	1	排序	systemProductReplySort
8357	7779	0	0	1	0	1	删除	systemProductReplyDelete
8358	7780	0	0	1	0	1	上传图片	uploadImage
8359	7780	0	0	1	0	1	图片列表	systemAttachmentLst
8360	7781	0	0	1	0	1	列表	systemGuaranteeLst
8361	7781	0	0	1	0	1	添加	systemGuaranteeCreate
8362	7781	0	0	1	0	1	编辑	systemGuaranteeUpdate
8363	7781	0	0	1	0	1	详情	systemGuaranteeDetail
8364	7781	0	0	1	0	1	删除	systemGuaranteeDelete
8365	7781	0	0	1	0	1	排序	systemGuaranteeSort
8366	7781	0	0	1	0	1	修改状态	systemGuaranteeStatus
8367	7782	0	0	1	0	1	上传图片	uploadImage
8368	7782	0	0	1	0	1	图片列表	systemAttachmentLst
8369	7783	0	0	1	0	1	列表	systemStoreProductLabelLst
8370	7783	0	0	1	0	1	添加	systemStoreProductLabelCreate
8371	7783	0	0	1	0	1	编辑	systemStoreProductLabelUpdate
8372	7783	0	0	1	0	1	详情	systemStoreProductLabelDetail
8373	7783	0	0	1	0	1	删除	systemStoreProductLabelDelete
8374	7783	0	0	1	0	1	修改状态	systemStoreProductLabelStatus
8375	7784	0	0	1	0	1	优惠套餐列表	systemStoreDiscountsLst
8376	7784	0	0	1	0	1	优惠套餐详情	systemStoreDiscountsDetail
8377	7784	0	0	1	0	1	优惠套餐修改状态	systemStoreDiscountsStatus
8378	7785	0	0	1	0	1	上传图片	uploadImage
8379	7785	0	0	1	0	1	图片列表	systemAttachmentLst
8380	7786	0	0	1	0	1	身份列表	systemRoleGetList
8381	7786	0	0	1	0	1	身份添加	systemRoleCreate
8382	7786	0	0	1	0	1	身份编辑	systemRoleUpdate
8383	7786	0	0	1	0	1	身份修改状态	systemRoleStatus
8384	7786	0	0	1	0	1	身份删除	systemRoleDelete
8385	7787	0	0	1	0	1	管理员列表	systemAdminLst
8386	7787	0	0	1	0	1	管理员修改状态	systemAdminStatus
8387	7787	0	0	1	0	1	管理员添加	systemAdminCreate
8388	7787	0	0	1	0	1	管理员编辑	systemAdminUpdate
8389	7787	0	0	1	0	1	管理员修改密码	systemAdminPassword
8390	7787	0	0	1	0	1	管理员删除	systemAdminDelete
8391	7788	0	0	1	0	1	上传图片	uploadImage
8392	7788	0	0	1	0	1	图片列表	systemAttachmentLst
8393	7789	0	0	1	0	1	操作日志	systemAdminLog
8394	7790	0	0	0	0	0	修改信息	systemAdminEdit
8395	7790	0	0	0	0	0	修改密码	systemAdminEditPassword
8396	7791	0	0	1	0	1	列表	adminServiceLst
8397	7791	0	0	1	0	1	登录	adminServiceLogin
8398	7791	0	0	1	0	1	添加	adminServiceCreate
8399	7791	0	0	1	0	1	编辑	adminServiceUpdate
8400	7791	0	0	1	0	1	修改状态	adminServiceSwitchStatus
8401	7791	0	0	1	0	1	删除	adminServiceDelete
8402	7791	0	0	1	0	1	客服的全部用户 	adminServiceServiceUserList
8403	7791	0	0	1	0	1	用户与客服聊天记录	adminServiceServiceUserLogLst
8404	7791	0	0	1	0	1	客服的聊天用户列表	adminServiceServiceMerchantUserList
8405	7791	0	0	1	0	1	用户与商户聊天记录	adminServiceMerchantUserLogLst
8406	7792	0	0	1	0	1	列表	adminServiceReplyLst
8407	7792	0	0	1	0	1	添加	adminServiceReplyCreate
8408	7792	0	0	1	0	1	编辑	adminServiceReplyUpdate
8409	7792	0	0	1	0	1	切换状态	adminServiceReplyStatus
8410	7792	0	0	1	0	1	删除	adminServiceReplyDelete
8411	7793	0	0	1	0	1	分销员列表	systemPromoterUserLst
8412	7793	0	0	1	0	1	分销员统计	systemPromoterUserCount
8413	7793	0	0	1	0	1	修改分销员等级	systemUserSpreadSave
8414	7793	0	0	1	0	1	推广人列表	systemUserSpreadLst
8415	7793	0	0	1	0	1	推广人订单	systemUserSpreadOrder
8416	7793	0	0	1	0	1	清除推广人	systemUserSpreadClear
8417	7794	0	0	1	0	1	分销员等级列表	systemUserBrokerageLst
8418	7794	0	0	1	0	1	分销员等级添加	systemUserBrokerageCreate
8419	7794	0	0	1	0	1	分销员等级编辑	systemUserBrokerageUpdate
8420	7794	0	0	1	0	1	分销员等级删除	systemUserBrokerageDelete
8421	7795	0	0	1	0	1	上传图片	uploadImage
8422	7795	0	0	1	0	1	图片列表	systemAttachmentLst
8423	7796	0	0	1	0	1	统计	systemStoreBagLstFilter
8424	7796	0	0	1	0	1	列表	systemStoreBagLst
8425	7796	0	0	1	0	1	详情	systemStoreBagDetail
8426	7796	0	0	1	0	1	编辑	systemStoreBagUpdate
8427	7796	0	0	1	0	1	修改状态	systemStoreBagSwitchStatus
8428	7796	0	0	1	0	1	显示/隐藏	systemStoreBagChangeUsed
8429	7797	0	0	1	0	1	配置保存	configOthersSettingUpdate
8430	7798	0	0	1	0	1	列表	systemStoreExcelLst
8431	7798	0	0	1	0	1	下载	systemStoreExcelDownload
8432	7799	0	0	1	0	1	主要数据	systemStatisticsMain
8433	7799	0	0	1	0	1	当日订单	systemStatisticsOrder
8434	7799	0	0	1	0	1	当日订单数	systemStatisticsOrderNum
8435	7799	0	0	1	0	1	当日支付人数	systemStatisticsOrderUser
8436	7799	0	0	1	0	1	商户销量	systemStatisticsMerchantStock
8437	7799	0	0	1	0	1	商户访问量	systemStatisticsMerchantRate
8438	7799	0	0	1	0	1	商户销售额	systemStatisticsMerchantVisit
8439	7799	0	0	1	0	1	用户数据	systemStatisticsUserData
8440	7799	0	0	1	0	1	成交用户	systemStatisticsUser
8441	7799	0	0	1	0	1	成交用户占比	systemStatisticsUserRate
8442	7800	0	0	1	0	1	数据库列表	systemSafetyDatabaseLst
8443	7800	0	0	1	0	1	数据库备份列表	systemSafetyDatabaseFileList
8444	7800	0	0	1	0	1	数据库备份详情	systemSafetyDatabaseDetail
8445	7800	0	0	1	0	1	备份	systemSafetyDatabaseBackups
8446	7800	0	0	1	0	1	数据库优化	systemSafetyDatabaseOptimize
8447	7800	0	0	1	0	1	数据库维护	systemSafetyDatabaseRepair
8448	7800	0	0	1	0	1	数据库备份下载	systemSafetyDatabaseDownloadFile
8449	7800	0	0	1	0	1	数据库备份删除	systemSafetyDatabaseDeleteFile
8450	7801	0	0	1	0	1	清除缓存	systemClearCache
8451	9330	1	0	0	0	1	权限	/delivery/personnel_manage/permission
8452	7803	0	0	1	0	1	协议列表	systemAgreeKeyLsy
8453	7803	0	0	1	0	1	商户入住申请协议	systemAgreeSave
8454	7804	0	0	1	0	1	预售协议	systemAgreeSave
8455	7805	0	0	1	0	1	佣金说明	systemAgreeSave
8456	7806	0	0	1	0	1	等级规则	systemAgreeSave
8457	7807	0	0	1	0	1	使用说明	systemAgreeSave
8458	7808	0	0	1	0	1	用户协议	systemAgreeSave
8459	7809	0	0	1	0	1	会员等级规则	systemAgreeSave
8460	7810	0	0	1	0	1	店铺类型说明 	systemAgreeSave
8461	7811	0	0	1	0	1	发票说明 	systemAgreeSave
8462	7812	0	0	1	0	1	用户标签列表	systemUserLabelLst
8463	7812	0	0	1	0	1	用户标签添加	systemUserLabelCreate
8464	7812	0	0	1	0	1	用户标签删除	systemUserLabelDelete
8465	7812	0	0	1	0	1	用户标签编辑	systemUserLabelUpdate
8466	7813	0	0	1	0	1	用户搜索记录	systemUserSearchLog
8467	7813	0	0	1	0	1	用户搜索记录导出	systemUserExportSearchLog
8468	7814	0	0	1	0	1	导出列表	systemStoreExcelLst
8469	7814	0	0	1	0	1	导出下载	systemStoreExcelDownload
8470	7815	0	0	1	0	1	用户分组列表	systemUserGroupLst
8471	7815	0	0	1	0	1	用户分组添加	systemUserGroupCreate
8472	7815	0	0	1	0	1	用户分组删除	systemUserGroupDelete
8473	7815	0	0	1	0	1	用户分组编辑	systemUserGroupUpdate
8474	7816	0	0	1	0	1	列表	systemUserFeedBackCategoryLst
8475	7816	0	0	1	0	1	添加	systemUserFeedBackCategoryCreate
8476	7816	0	0	1	0	1	编辑	systemUserFeedBackCategoryUpdate
8477	7816	0	0	1	0	1	修改状态	systemUserFeedBackCategorySwitchStatus
8478	7816	0	0	1	0	1	删除	systemUserFeedBackCategoryDelete
8479	7817	0	0	1	0	1	列表	systemUserFeedBackLst
8480	7817	0	0	1	0	1	详情	systemUserFeedBackDetail
8481	7817	0	0	1	0	1	回复	systemUserFeedBackReply
8482	7817	0	0	1	0	1	删除	systemUserFeedBackDelete
8483	7818	0	0	1	0	1	上传文件	configUpload
8484	7818	0	0	1	0	1	上传原名文件	configUploadName
8485	7818	0	0	1	0	1	微信校验文件上传	configWechatUploadSet
8486	7818	0	0	1	0	1	小程序配置	configRoutineConfig
8487	7819	0	0	1	0	1	小程序下载	configRoutineDownload
8488	7820	0	0	1	0	1	微信菜单配置	wechatMenu
8489	7820	0	0	1	0	1	保存微信菜单配置	saveWechatMenu
8490	7821	0	0	1	0	1	详情	wechatReplyInfo
8491	7821	0	0	1	0	1	编辑	saveWechatReply
8492	7821	0	0	1	0	1	添加	createWechatReply
8493	7821	0	0	1	0	1	修改	updateWechatReply
8494	7821	0	0	1	0	1	列表	wechatReplyLst
8495	7821	0	0	1	0	1	删除	wechatReplyDelete
8496	7821	0	0	1	0	1	修改状态	wechatReplyStatus
8497	7821	0	0	1	0	1	上传图片	wechatUploadImage
8498	7821	0	0	1	0	1	上传语音	wechatUploadVoice
8499	7822	0	0	1	0	1	添加	systemWechatNewsCreate
8500	7822	0	0	1	0	1	编辑	systemWechatNewsUpdate
8501	7822	0	0	1	0	1	删除	systemWechatNewsDelete
8502	7822	0	0	1	0	1	列表	systemWechatNewsLst
8503	7822	0	0	1	0	1	详情	systemWechatNewsDetail
8504	7823	0	0	1	0	1	上传图片	uploadImage
8505	7823	0	0	1	0	1	图片列表	systemAttachmentLst
8506	7824	0	0	1	0	1	同步	systemTemplateMessageSync
8507	7824	0	0	1	0	1	列表	systemTemplateMessageLst
8508	7824	0	0	1	0	1	添加	systemTemplateMessageCreate
8509	7824	0	0	1	0	1	编辑	systemTemplateMessageUpdate
8510	7824	0	0	1	0	1	删除	systemTemplateMessageDelete
8511	7824	0	0	1	0	1	修改状态	systemTemplateMessageSwitchStatus
8512	7825	0	0	1	0	1	同步	systemTemplateMessageMinSync
8513	7825	0	0	1	0	1	列表 	systemTemplateMessageMinList
8514	7825	0	0	1	0	1	添加	systemTemplateMessageMinCreate
8515	7825	0	0	1	0	1	编辑	systemTemplateMessageMinUpdate
8516	7825	0	0	1	0	1	删除	systemTemplateMessageMinDelete
8517	7825	0	0	1	0	1	修改状态	systemTemplateMessageMinSwitchStatus
8518	7826	0	0	1	0	1	使用记录	systemStoreProductCopyLst
8519	7826	0	0	1	0	1	短信发送记录	smsRecord
8520	7826	0	0	1	0	1	退出登录	smsLogout
8521	7826	0	0	1	0	1	获取验证码	systemServeCaptcha
8522	7826	0	0	1	0	1	验证码校验	systemServeCaptchaCheck
8523	7826	0	0	1	0	1	注册	systemServeRegister
8524	7826	0	0	1	0	1	登录	systemServeLogin
8525	7826	0	0	1	0	1	修改密码	systemServeChangePassword
8526	7826	0	0	1	0	1	修改手机号	systemServeChangePhone
8527	7826	0	0	1	0	1	检测登录状态	systemServeIsLogin
8528	7826	0	0	1	0	1	使用记录	systemServeRecordLst
8529	7826	0	0	1	0	1	套餐列表	systemServeMealLst
8530	7826	0	0	1	0	1	购买套餐	systemServePayMeal
8531	7826	0	0	1	0	1	开通服务	systemServeOpenServe
8532	7826	0	0	1	0	1	修改签名	systemServeChangeSign
8533	7826	0	0	1	0	1	模板	systemServeExportTemps
8534	7826	0	0	1	0	1	使用记录	systemServeExportDumpLst
8535	7827	0	0	1	0	1	购买记录	systemServePayLst
8536	7827	0	0	1	0	1	商户购买记录	systemServeMerPayLst
8537	7828	0	0	1	0	1	商户结余	systemServeMerLst
8538	7829	0	0	1	0	1	列表	systemServeMerMealLst
8539	7829	0	0	1	0	1	详情	systemServeMealDetail
8540	7829	0	0	1	0	1	添加	systemServeMealCreate
8541	7829	0	0	1	0	1	编辑	systemServeMealUpdate
8542	7829	0	0	1	0	1	删除	systemServeMealDelete
8543	7829	0	0	1	0	1	修改状态	systemServeMealStatus
8544	7830	0	0	1	0	1	短信模板	systemServeSmsTemps
8545	7830	0	0	1	0	1	申请模板	systemServeSmsApply
8546	7831	0	0	1	0	1	申请记录	systemServeSmsApplyRecord
8547	1181	1	0	1	0	1	权限	/accounts/transManagement
8548	1181	1	0	1	0	1	附加权限	append_/accounts/transManagement
8549	1182	1	0	1	0	1	权限	/accounts/payType
8550	790	1	0	1	0	1	权限	/accounts/capitalFlow
8551	790	1	0	1	0	1	附加权限	append_/accounts/capitalFlow
8552	1183	1	0	1	0	1	权限	/accounts/statement
8553	1183	1	0	1	0	1	附加权限	append_/accounts/statement
8554	1102	1	0	1	0	1	权限	/order/invoice
8555	1366	1	0	1	0	1	权限	/systemForm/applyList
8556	1366	1	0	1	0	1	附加权限	append_/systemForm/applyList
8557	1304	1	0	1	0	1	权限	/systemForm/applyments
8558	54	1	0	1	0	1	权限	/config/picture
8559	1103	1	0	1	0	1	权限	/user/list
8560	1132	1	0	1	0	1	权限	/marketing/coupon/send
8561	115	1	0	1	0	1	权限	/marketing/coupon/list
8562	115	1	0	1	0	1	附加权限	append_/marketing/coupon/list
8563	122	1	0	1	0	1	权限	/marketing/coupon/user
8564	1380	1	0	1	0	1	权限	/config/freight/express
8565	9452	1	0	1	0	1	权限	/delivery/store_manage
8566	1652	1	0	1	0	1	权限	/delivery/recharge_record
8567	1651	1	0	1	0	1	权限	/delivery/usage_record
8568	700	1	0	1	0	1	权限	/config/freight/shippingTemplates
8569	1672	1	0	1	0	1	权限	/devise/diy/list
8570	1672	1	0	1	0	1	附加权限	append_/devise/diy/list
8573	1471	1	0	1	0	1	权限	/group/topic/95
8574	1471	1	0	1	0	1	附加权限	append_/group/topic/95
8575	9290	1	0	0	0	1	权限	/marketing/seckill/product/list
8576	9289	1	0	0	0	1	附加权限	append_/marketing/seckill/store_seckill/list
8577	1025	1	0	1	0	1	权限	/marketing/presell/list
8578	1025	1	0	1	0	1	附加权限	append_/marketing/presell/list
8579	1100	1	0	1	0	1	权限	/marketing/assist/list
8580	1100	1	0	1	0	1	附加权限	append_/marketing/assist/list
8581	1101	1	0	1	0	1	权限	/marketing/assist/assist_set
8582	1140	1	0	1	0	1	权限	/marketing/combination/combination_goods
8583	1140	1	0	1	0	1	附加权限	append_/marketing/combination/combination_goods
8584	1141	1	0	1	0	1	权限	/marketing/combination/combination_list
8585	1141	1	0	1	0	1	附加权限	append_/marketing/combination/combination_list
8586	786	1	0	1	0	1	权限	/marketing/studio/list
8587	786	1	0	1	0	1	附加权限	append_/marketing/studio/list
8588	1594	1	0	1	0	1	权限	/marketing/studio/assistant
8589	1594	1	0	1	0	1	附加权限	append_/marketing/studio/assistant
8590	1295	1	0	1	0	1	权限	/marketing/integral/log
8591	1295	1	0	1	0	1	附加权限	append_/marketing/integral/log
8592	513	1	0	1	0	1	权限	/order/list
8593	513	1	0	1	0	1	附加权限	append_/order/list
8594	789	1	0	1	0	1	权限	/order/cancellation
8595	528	1	0	1	0	1	权限	/order/refund
8596	528	1	0	1	0	1	附加权限	append_/order/refund
8597	99	1	0	1	0	1	权限	/product/attr
8598	96	1	0	1	0	1	权限	/product/classify
8599	96	1	0	1	0	1	附加权限	append_/product/classify
8600	105	1	0	1	0	1	权限	/product/list
8601	105	1	0	1	0	1	附加权限	append_/product/list
8602	544	1	0	1	0	1	权限	/product/reviews
8603	544	1	0	1	0	1	附加权限	append_/product/reviews
8604	1468	1	0	1	0	1	权限	/product/label
8605	1630	1	0	1	0	1	权限	/marketing/discounts/list
8606	1630	1	0	1	0	1	附加权限	append_/marketing/discounts/list
8607	1246	1	0	1	0	1	权限	/config/guarantee
8608	51	1	0	1	0	1	权限	/setting/systemAdmin
8609	0	1	0	0	0	1	权限	self
8610	120	1	0	1	0	1	权限	/config/service
8611	5123	1	0	1	0	1	权限	/systemForm/customer_keyword
8613	1656	1	0	1	0	1	权限	/setting/printer/list
8614	55	1	0	1	0	1	权限	/dashboard
8615	1119	1	0	1	0	1	权限	/station/notice
8616	74	1	0	1	0	1	权限	/systemForm/Basics/mer_base
8617	546	1	0	1	0	1	权限	/systemForm/modifyStoreInfo
8618	1286	1	0	1	0	1	权限	/user/searchRecord
8619	1030	1	0	1	0	1	权限	/user/maticlabel
8620	1029	1	0	1	0	1	权限	/user/label
8621	1378	1	0	1	0	1	权限	/setting/sms/sms_config/index
8622	1377	1	0	1	0	1	权限	/setting/sms/dumpConfig
8623	8547	1	0	1	0	1	列表	merchantFinancialRefundMargin
8624	8547	1	0	1	0	1	转账记录	merchantFinancialLst
8625	8547	1	0	1	0	1	详情	merchantFinancialDetail
8626	8547	1	0	1	0	1	申请	merchantFinancialCreateSave
8627	8547	1	0	1	0	1	删除	merchantFinancialDelete
8628	8547	1	0	1	0	1	备注	merchantFinancialMark
8629	8547	1	0	1	0	1	导出	merchantFinancialExport
8630	8548	1	0	1	0	1	导出列表	merchantStoreExcelLst
8631	8548	1	0	1	0	1	导出下载	merchantStoreExcelDownload
8632	8549	1	0	1	0	1	收款方式	merchantFinancialAccountSave
8633	8550	1	0	1	0	1	列表	merchantFinancialRecordList
8634	8550	1	0	1	0	1	导出	merchantFinancialRecordExport
8635	8550	1	0	1	0	1	统计	merchantFinancialCount
8636	8551	1	0	1	0	1	导出列表	merchantStoreExcelLst
8637	8551	1	0	1	0	1	导出下载	merchantStoreExcelDownload
8638	8552	1	0	1	0	1	列表	merchantFinanciaRecordlLst
8639	8552	1	0	1	0	1	统计	merchantFinancialTitle
8640	8552	1	0	1	0	1	详情	merchantFinancialRecordDetail
8641	8552	1	0	1	0	1	导出	merchantFinancialRecordDetailExport
8642	8553	1	0	1	0	1	导出列表	merchantStoreExcelLst
8643	8553	1	0	1	0	1	导出下载	merchantStoreExcelDownload
8644	8554	1	0	1	0	1	列表	merchantOrderReceiptLst
8645	8554	1	0	1	0	1	详情	merchantOrderReceiptDetail
8646	8554	1	0	1	0	1	开发票	merchantOrderReceiptSetRecipt
8647	8554	1	0	1	0	1	保存发票	merchantOrderReceiptSave
8648	8554	1	0	1	0	1	备注	merchantOrderReceiptMark
8649	8554	1	0	1	0	1	编辑	merchantOrderReceiptUpdate
8650	8555	1	0	1	0	1	列表	merchantOrderProfitsharingLst
8651	8555	1	0	1	0	1	导出	merchantOrderProfitsharingExport
8652	8556	1	0	1	0	1	导出列表	merchantStoreExcelLst
8653	8556	1	0	1	0	1	导出下载	merchantStoreExcelDownload
8654	8557	1	0	1	0	1	申请	merchantApplymentsCreate
8655	8557	1	0	1	0	1	详情	merchantApplymentsDetail
8656	8557	1	0	1	0	1	编辑	merchantApplymentsUpdate
8657	8557	1	0	1	0	1	上传图片	merchantApplymentsUpload
8658	8558	1	0	1	0	1	列表	merchantAttachmentLst
8659	8558	1	0	1	0	1	删除	merchantAttachmentDelete
8660	8558	1	0	1	0	1	批量修改	merchantAttachmentBatchChangeCategory
8661	8558	1	0	1	0	1	编辑	merchantAttachmentUpdate
8662	8558	1	0	1	0	1	分类列表	merchantAttachmentCategoryGetFormatList
8663	8558	1	0	1	0	1	添加	merchantAttachmentCategoryCreate
8664	8558	1	0	1	0	1	编辑	merchantAttachmentCategoryUpdate
8665	8558	1	0	1	0	1	删除	merchantAttachmentCategoryDelete
8666	8559	1	0	1	0	1	优惠券可用商品	merchantCouponProduct
8667	8559	1	0	1	0	1	发送优惠券	merchantCouponSendCoupon
8668	8559	1	0	1	0	1	列表	merchantUserLst
8669	8559	1	0	1	0	1	修改标签	merchantUserChangeLabel
8670	8559	1	0	1	0	1	订单列表	merchantUserOrder
8671	8559	1	0	1	0	1	优惠券	merchantUserCoupon
8672	8560	1	0	1	0	1	发送优惠券记录	merchantCouponSendLst
8673	8561	1	0	1	0	1	添加	merchantCouponCreate
8674	8561	1	0	1	0	1	修改状态	merchantCouponIssueChangeStatus
8675	8561	1	0	1	0	1	列表	merchantCouponLst
8676	8561	1	0	1	0	1	删除	merchantCouponDelete
8677	8561	1	0	1	0	1	详情	merchantCouponDetail
8678	8561	1	0	1	0	1	编辑	systemCouponUpdate
8679	8562	1	0	1	0	1	上传图片	merchantUploadImage
8680	8562	1	0	1	0	1	图片列表	merchantAttachmentLst
8681	8563	1	0	1	0	1	使用记录	merchantCouponIssue
8682	8564	1	0	1	0	1	列表	merchantServeExportLst
8683	8564	1	0	1	0	1	月结账号编辑	merchantExpressPratnerUpdate
8684	8565	1	0	1	0	1	获取分类	merchantStoreDeliveryBusiness
8685	8565	1	0	1	0	1	添加	merchantStoreDeliveryCreate
8686	8565	1	0	1	0	1	编辑	merchantStoreDeliveryUpdate
8687	8565	1	0	1	0	1	编辑状态	merchantStoreDeliveryStatus
8688	8565	1	0	1	0	1	列表	merchantStoreDeliveryLst
8689	8565	1	0	1	0	1	详情	merchantStoreDeliveryDetail
8690	8565	1	0	1	0	1	删除	merchantStoreDeliveryDelete
8691	8565	1	0	1	0	1	备注	merchantStoreDeliveryMark
8692	8565	1	0	1	0	1	城市列表	merchantStoreDeliveryCityList
8693	8566	1	0	1	0	1	充值记录	merchantStoreDeliveryPayLst
8694	8567	1	0	1	0	1	列表	merchantStoreDeliveryOrderLst
8695	8567	1	0	1	0	1	取消	merchantStoreDeliveryOrderCancel
8696	8567	1	0	1	0	1	详情	merchantStoreDeliveryOrderDetail
8697	8568	1	0	1	0	1	添加 	merchantStoreShippingTemplateCreate
8698	8568	1	0	1	0	1	编辑	merchantStoreShippingTemplateUpdate
8699	8568	1	0	1	0	1	详情	merchantStoreShippingTemplateDetail
8700	8568	1	0	1	0	1	删除	merchantStoreShippingTemplateDelete
8701	8569	1	0	1	0	1	列表 	merchantDiyLst
8702	8569	1	0	1	0	1	添加/编辑	merchantDiyCreate
8703	8569	1	0	1	0	1	使用模板	merchantDiyStatus
8704	8569	1	0	1	0	1	设置模版默认数据	merchantDiySetDefault
8705	8569	1	0	1	0	1	重置模板	merchantDiyRecovery
8706	8569	1	0	1	0	1	当前使用模板	merchantDiyInfo
8707	8569	1	0	1	0	1	删除	merchantDiyDelete
8708	8569	1	0	1	0	1	店铺街装修	merchantDiyProductLst
8709	8569	1	0	1	0	1	复制	merchantDiyCopy
8710	8570	1	0	1	0	1	上传图片	uploadImage
8711	8570	1	0	1	0	1	图片列表	systemAttachmentLst
8720	8573	1	0	1	0	1	数据详情	merchantGroupDetail
8721	8573	1	0	1	0	1	数据列表	merchantGroupDataLst
8722	8573	1	0	1	0	1	数据添加	merchantGroupDataCreate
8723	8573	1	0	1	0	1	数据编辑	merchantGroupDataUpdate
8724	8573	1	0	1	0	1	数据删除	merchantGroupDataDelete
8725	8573	1	0	1	0	1	数据修改状态	merchantGroupDataChangeStatus
8726	8574	1	0	1	0	1	上传图片	uploadImage
8727	8574	1	0	1	0	1	图片列表	systemAttachmentLst
8728	8575	1	0	1	0	1	统计	merchantStoreSeckillProductLstFilter
8729	8575	1	0	1	0	1	列表	merchantStoreSeckillProductLst
8730	8575	1	0	1	0	1	添加 	merchantStoreSeckillProductCreate
8731	8575	1	0	1	0	1	详情	merchantStoreSeckillProductDetail
8732	8575	1	0	1	0	1	编辑	merchantStoreSeckillProductUpdate
8733	8575	1	0	1	0	1	删除	merchantStoreSeckillProductDelete
8734	8575	1	0	1	0	1	彻底删除	merchantStoreSeckillProductDestory
8735	8575	1	0	1	0	1	恢复	merchantStoreSeckillProductRestore
8736	8575	1	0	1	0	1	修改状态	merchantStoreSeckillProductSwitchStatus
8737	8575	1	0	1	0	1	排序	merchantStoreSeckillProductUpdateSort
8738	8575	1	0	1	0	1	预览	merchantStoreSeckillProductPreview
8739	8575	1	0	1	0	1	设置标签	merchantStoreSeckillProductLabels
8740	8576	1	0	1	0	1	上传图片	merchantUploadImage
8741	8576	1	0	1	0	1	图片列表	merchantAttachmentLst
8742	8577	1	0	1	0	1	列表	merchantStoreProductPresellLst
8743	8577	1	0	1	0	1	添加	merchantStoreProductPresellCreate
8744	8577	1	0	1	0	1	详情	merchantStoreProductPresellDetail
8745	8577	1	0	1	0	1	编辑	merchantStoreProductPresellUpdate
8746	8577	1	0	1	0	1	删除	merchantStoreProductPresellDelete
8747	8577	1	0	1	0	1	修改状态	merchantStoreProductPresellStatus
8748	8577	1	0	1	0	1	排序	merchantStoreProductPresellUpdateSort
8749	8577	1	0	1	0	1	预览	merchantStoreProductPresellPreview
8750	8577	1	0	1	0	1	设置标签	merchantStoreProductPreselltLabels
8751	8578	1	0	1	0	1	上传图片	merchantUploadImage
8752	8578	1	0	1	0	1	图片列表	merchantAttachmentLst
8753	8579	1	0	1	0	1	列表 	merchantStoreProductAssistLst
8754	8579	1	0	1	0	1	添加	merchantStoreProductAssistCreate
8755	8579	1	0	1	0	1	详情	merchantStoreProductAssistDetail
8756	8579	1	0	1	0	1	编辑	merchantStoreProductAssistUpdate
8757	8579	1	0	1	0	1	删除	merchantStoreProductAssistDelete
8758	8579	1	0	1	0	1	修改状态	merchantStoreProductAssistStatus
8759	8579	1	0	1	0	1	排序	merchantStoreProductAssistUpdateSort
8760	8579	1	0	1	0	1	预览	merchantStoreProductAssistPreview
8761	8579	1	0	1	0	1	设置标签	merchantStoreProductAssistLabels
8762	8580	1	0	1	0	1	上传图片	merchantUploadImage
8763	8580	1	0	1	0	1	图片列表	merchantAttachmentLst
8764	8581	1	0	1	0	1	活动列表	merchantStoreProductAssistSetLst
8765	8581	1	0	1	0	1	活动详情	merchantStoreProductAssistSetDetail
8766	8582	1	0	1	0	1	列表	merchantStoreProductGroupLst
8767	8582	1	0	1	0	1	添加	merchantStoreProductGroupCreate
8768	8582	1	0	1	0	1	详情	merchantStoreProductGroupDetail
8769	8582	1	0	1	0	1	编辑	merchantStoreProductGroupUpdate
8770	8582	1	0	1	0	1	删除	merchantStoreProductGroupDelete
8771	8582	1	0	1	0	1	修改状态	merchantStoreProductGroupStatus
8772	8582	1	0	1	0	1	排序	merchantStoreProductGroupSort
8773	8582	1	0	1	0	1	预览	merchantStoreProductGroupPreview
8774	8582	1	0	1	0	1	设置标签	merchantStoreProductGroupLabels
8775	8582	1	0	1	0	1	拼团配置	merchantConfigGroupBuying
8776	8583	1	0	1	0	1	上传图片	merchantUploadImage
8777	8583	1	0	1	0	1	图片列表	merchantAttachmentLst
8778	8584	1	0	1	0	1	活动列表 	merchantStoreProductGroupBuyingLst
8779	8584	1	0	1	0	1	活动详情	merchantStoreProductGroupBuyingDetail
8780	8585	1	0	1	0	1	上传图片	merchantUploadImage
8781	8585	1	0	1	0	1	图片列表	merchantAttachmentLst
8782	8586	1	0	1	0	1	列表 	merchantBroadcastRoomLst
8783	8586	1	0	1	0	1	详情	merchantBroadcastRoomDetail
8784	8586	1	0	1	0	1	添加	merchantBroadcastRoomCreate
8785	8586	1	0	1	0	1	编辑	merchantBroadcastRoomUpdate
8786	8586	1	0	1	0	1	修改状态	merchantBroadcastRoomChangeStatus
8787	8586	1	0	1	0	1	导入商品	merchantBroadcastRoomExportGoods
8788	8586	1	0	1	0	1	删除商品	merchantBroadcastRoomRmExportGoods
8789	8586	1	0	1	0	1	备注	merchantBroadcastRoomMark
8790	8586	1	0	1	0	1	商品详情	merchantBroadcastRoomGoods
8791	8586	1	0	1	0	1	关闭客服	merchantBroadcastRoomCloseKf
8792	8586	1	0	1	0	1	禁言	merchantBroadcastRoomCloseComment
8793	8586	1	0	1	0	1	收录	merchantBroadcastRoomCloseFeeds
8794	8586	1	0	1	0	1	商品上下架	merchantBroadcastOnSale
8795	8586	1	0	1	0	1	删除	merchantBroadcastRoomDelete
8796	8586	1	0	1	0	1	添加 客服	merchantBroadcastAddAssistant
8797	8586	1	0	1	0	1	消息推送	merchantBroadcastPushMessage
8798	8586	1	0	1	0	1	列表	merchantBroadcastGoodsLst
8799	8586	1	0	1	0	1	详情	merchantBroadcastGoodsDetail
8800	8586	1	0	1	0	1	添加	merchantBroadcastGoodsCreate
8801	8586	1	0	1	0	1	编辑	merchantBroadcastGoodsUpdate
8802	8586	1	0	1	0	1	修改状态	merchantBroadcastGoodsChangeStatus
8803	8586	1	0	1	0	1	备注	merchantBroadcastGoodsMark
8804	8586	1	0	1	0	1	删除	merchantBroadcastGoodsDelete
8805	8586	1	0	1	0	1	批量添加	merchantBroadcastGoodsbatchCreate
8806	8587	1	0	1	0	1	上传图片	merchantUploadImage
8807	8587	1	0	1	0	1	图片列表	merchantAttachmentLst
8808	8588	1	0	1	0	1	列表	merchantBroadcastAssistantLst
8809	8588	1	0	1	0	1	添加	merchantBroadcastAssistantCreate
8810	8588	1	0	1	0	1	编辑	merchantBroadcastAssistantUpdate
8811	8588	1	0	1	0	1	备注	merchantBroadcastAssistantMark
8812	8588	1	0	1	0	1	删除	merchantBroadcastAssistantDelete
8813	8589	1	0	1	0	1	上传图片	merchantUploadImage
8814	8589	1	0	1	0	1	图片列表	merchantAttachmentLst
8815	8590	1	0	1	0	1	列表	merchantIntegralList
8816	8590	1	0	1	0	1	统计	merchantIntegralTitle
8817	8591	1	0	1	0	1	配置获取	merchantConfigForm
8818	8591	1	0	1	0	1	配置保存	merchantConfigSave
8819	8592	1	0	1	0	1	预览	merchantServeExportTemps
8820	8592	1	0	1	0	1	默认模板	merchantServeExportDumpLst
8821	8592	1	0	1	0	1	导出	merchantStoreOrderExcel
8822	8592	1	0	1	0	1	打印小票	merchantStoreOrderPrinter
8823	8592	1	0	1	0	1	统计	merchantStoreOrderTitle
8824	8592	1	0	1	0	1	列表	merchantStoreOrderLst
8825	8592	1	0	1	0	1	快递查询	merchantStoreOrderExpress
8826	8592	1	0	1	0	1	发货	merchantStoreOrderDelivery
8827	8592	1	0	1	0	1	批量发货	merchantStoreOrderBatchDelivery
8828	8592	1	0	1	0	1	导出发货单	merchantStoreOrderDeliveryExport
8829	8592	1	0	1	0	1	头部统计	merchantStoreOrderStat
8830	8592	1	0	1	0	1	编辑	merchantStoreOrderUpdate
8831	8592	1	0	1	0	1	详情	merchantStoreOrderDetail
8832	8592	1	0	1	0	1	操作记录	merchantStoreOrderLog
8833	8592	1	0	1	0	1	备注	merchantStoreOrderRemark
8834	8592	1	0	1	0	1	核销	merchantStoreOrderVerify
8835	8592	1	0	1	0	1	删除	merchantStoreOrderDelete
8836	8592	1	0	1	0	1	导入	merchantStoreOrderDeliveryImport
8837	8592	1	0	1	0	1	导入记录	merchantStoreOrderDeliveryImportLst
8838	8592	1	0	1	0	1	详情	merchantStoreOrderDeliveryImportDetail
8839	8592	1	0	1	0	1	导出发货记录	merchantStoreOrderDeliveryImportExcel
8840	8593	1	0	1	0	1	导出列表	merchantStoreExcelLst
8841	8593	1	0	1	0	1	导出下载	merchantStoreExcelDownload
8842	8594	1	0	1	0	1	统计	merchantStoreOrderTakeTitle
8843	8594	1	0	1	0	1	列表	merchantStoreTakeOrderLst
8844	8595	1	0	1	0	1	列表	merchantStoreRefundOrderLst
8845	8595	1	0	1	0	1	详情	merchantStoreRefundOrderDetail
8846	8595	1	0	1	0	1	审核	merchantStoreRefundOrderSwitchStatus
8847	8595	1	0	1	0	1	收到退回商品后确认退款	merchantStoreRefundOrderRefund
8848	8595	1	0	1	0	1	删除	merchantStoreRefundDelete
8849	8595	1	0	1	0	1	备注	merchantStoreRefundMark
8850	8595	1	0	1	0	1	操作记录	merchantStoreRefundLog
8851	8595	1	0	1	0	1	快递查询	merchantStoreRefundExpress
8852	8595	1	0	1	0	1	导出	merchantStoreRefundCreateExcel
8853	8596	1	0	1	0	1	导出列表	merchantStoreExcelLst
8854	8596	1	0	1	0	1	导出下载	merchantStoreExcelDownload
8855	8597	1	0	1	0	1	列表	merchantStoreAttrTemplateLst
8856	8597	1	0	1	0	1	添加 	merchantStoreAttrTemplateCreate
8857	8597	1	0	1	0	1	删除	merchantStoreAttrTemplateDelete
8858	8597	1	0	1	0	1	文件类型	merchantStoreAttrTemplateUpdate
8859	8598	1	0	1	0	1	编辑	merchantStoreCategoryUpdate
8860	8598	1	0	1	0	1	列表	merchantStoreCategoryLst
8861	8598	1	0	1	0	1	详情	merchantStoreCategoryDtailt
8862	8598	1	0	1	0	1	添加	merchantStoreCategoryCreate
8863	8598	1	0	1	0	1	删除	merchantStoreCategoryDelete
8864	8598	1	0	1	0	1	修改状态	merchantStoreCategorySwitchStatus
8865	8599	1	0	1	0	1	上传图片	merchantUploadImage
8866	8599	1	0	1	0	1	图片列表	merchantAttachmentLst
8867	8600	1	0	1	0	1	头部统计	merchantStoreProductLstFilter
8868	8600	1	0	1	0	1	列表	merchantStoreProductLst
8869	8600	1	0	1	0	1	添加	merchantStoreProductCreate
8870	8600	1	0	1	0	1	详情	merchantStoreProductDetail
8871	8600	1	0	1	0	1	上传视频配置	merchantStoreProductTempKey
8872	8600	1	0	1	0	1	编辑	merchantStoreProductUpdate
8873	8600	1	0	1	0	1	删除	merchantStoreProductDelete
8874	8600	1	0	1	0	1	加入回收站	merchantStoreProductDestory
8875	8600	1	0	1	0	1	恢复	merchantStoreProductRestore
8876	8600	1	0	1	0	1	上下架	merchantStoreProductSwitchStatus
8877	8600	1	0	1	0	1	排序	merchantStoreProductUpdateSort
8878	8600	1	0	1	0	1	预览	merchantStoreProductPreview
8879	8600	1	0	1	0	1	标签	merchantStoreProductLabels
8880	8600	1	0	1	0	1	获取规格	merchantStoreProductAttrValue
8881	8600	1	0	1	0	1	列表	merchantStoreProductCopyLst
8882	8600	1	0	1	0	1	获取信息	merchantStoreProductCopyGet
8883	8600	1	0	1	0	1	统计	merchantStoreProductCopyCount
8884	8600	1	0	1	0	1	保存	merchantStoreProductCopySave
8885	8601	1	0	1	0	1	上传图片	merchantUploadImage
8886	8601	1	0	1	0	1	图片列表	merchantAttachmentLst
8887	8602	1	0	1	0	1	列表	merchantProductReplyLst
8888	8602	1	0	1	0	1	回复表单	merchantProductReplyForm
8889	8602	1	0	1	0	1	回复	merchantProductReplyReply
8890	8602	1	0	1	0	1	排序	merchantProductReplySort
8891	8603	1	0	1	0	1	上传图片	merchantUploadImage
8892	8603	1	0	1	0	1	图片列表	merchantAttachmentLst
8893	8604	1	0	1	0	1	列表	merchantStoreProductLabelLst
8894	8604	1	0	1	0	1	添加	merchantStoreProductLabelCreate
8895	8604	1	0	1	0	1	编辑	merchantStoreProductLabelUpdate
8896	8604	1	0	1	0	1	详情	merchantStoreProductLabelDetail
8897	8604	1	0	1	0	1	删除	merchantStoreProductLabelDelete
8898	8604	1	0	1	0	1	修改状态	merchantStoreProductLabelStatus
8899	8605	1	0	1	0	1	添加	merchantStoreDiscountsCreate
8900	8605	1	0	1	0	1	编辑	merchantStoreDiscountsUpdate
8901	8605	1	0	1	0	1	列表	merchantStoreDiscountsLst
8902	8605	1	0	1	0	1	详情	merchantStoreDiscountsDetail
8903	8605	1	0	1	0	1	删除	merchantStoreDiscountsDelete
8904	8605	1	0	1	0	1	修改状态	merchantStoreDiscountsStatus
8905	8606	1	0	1	0	1	上传图片	merchantUploadImage
8906	8606	1	0	1	0	1	图片列表	merchantAttachmentLst
8907	8607	1	0	1	0	1	列表	merchantGuaranteeLst
8908	8607	1	0	1	0	1	添加	smerchantGuaranteeCreate
8909	8607	1	0	1	0	1	编辑	merchantGuaranteeUpdate
8910	8607	1	0	1	0	1	详情	merchantGuaranteeDetail
8911	8607	1	0	1	0	1	删除	merchantGuaranteeDelete
8912	8607	1	0	1	0	1	排序	merchantGuaranteeSort
8913	8607	1	0	1	0	1	修改状态	merchantGuaranteeStatus
8914	8608	1	0	1	0	1	列表	merchantAdminLst
8915	8608	1	0	1	0	1	修改状态	merchantAdminStatus
8916	8608	1	0	1	0	1	添加	merchantAdminCreate
8917	8608	1	0	1	0	1	编辑	merchantAdminUpdate
8918	8608	1	0	1	0	1	修改密码	merchantAdminPassword
8919	8608	1	0	1	0	1	删除	merchantAdminDelete
8920	8609	1	0	1	0	1	修改信息	merchantAdminEdit
8921	8609	1	0	1	0	1	修改密码	merchantAdminEditPassword
8922	8610	1	0	1	0	1	列表	merchantServiceLst
8923	8610	1	0	1	0	1	登录	merchantServiceLogin
8924	8610	1	0	1	0	1	添加	merchantServiceCreate
8925	8610	1	0	1	0	1	编辑	merchantServiceUpdate
8926	8610	1	0	1	0	1	修改状态	merchantServiceSwitchStatus
8927	8610	1	0	1	0	1	删除	merchantServiceDelete
8928	8610	1	0	1	0	1	客服的全部用户 	merchantServiceServiceUserList
8929	8610	1	0	1	0	1	用户与客服聊天记录	merchantServiceServiceUserLogLst
8930	8610	1	0	1	0	1	客服的聊天用户列表	merchantServiceServiceMerchantUserList
8931	8610	1	0	1	0	1	用户与商户聊天记录	merchantServiceMerchantUserLogLst
8932	8611	1	0	1	0	1	列表	merchantServiceReplyLst
8933	8611	1	0	1	0	1	添加	merchantServiceReplyCreate
8934	8611	1	0	1	0	1	编辑	merchantServiceReplyUpdate
8935	8611	1	0	1	0	1	切换状态	merchantServiceReplyStatus
8936	8611	1	0	1	0	1	删除	merchantServiceReplyDelete
8940	8613	1	0	1	0	1	列表	merchantStorePrinterLst
8941	8613	1	0	1	0	1	添加	merchantStorePrinterCreate
8942	8613	1	0	1	0	1	编辑	merchantStorePrinterUpdate
8943	8613	1	0	1	0	1	取消	merchantStorePrinterStatus
8944	8613	1	0	1	0	1	删除	merchantStorePrinterDelete
8945	8614	1	0	1	0	1	所有数据	merchantStatisticsMain
8946	8614	1	0	1	0	1	支付订单	merchantStatisticsOrder
8947	8614	1	0	1	0	1	成交客户	merchantStatisticsUser
8948	8614	1	0	1	0	1	成交客户比	merchantStatisticsUserRate
8949	8614	1	0	1	0	1	商品支付排行	merchantStatisticsProduct
8950	8614	1	0	1	0	1	商品访问排行	merchantStatisticsProductVisit
8951	8614	1	0	1	0	1	商品加购排行	merchantStatisticsProductCart
8952	8615	1	0	1	0	1	列表	systemNoticeLogList
8953	8615	1	0	1	0	1	已读	systemNoticeLogRead
8954	8615	1	0	1	0	1	删除	systemNoticeLogDel
8955	8615	1	0	1	0	1	未读统计	systemNoticeLogUnreadCount
8956	8616	1	0	1	0	1	资料更新	merchantUpdate
8957	8617	1	0	1	0	1	保存到店自提信息	merchantTakeUpdate
8958	8618	1	0	1	0	1	搜索记录	merchantUserSearchLog
8959	8619	1	0	1	0	1	列表	merchantLabelRuleLst
8960	8619	1	0	1	0	1	添加	merchantLabelRuleCreate
8961	8619	1	0	1	0	1	编辑	merchantLabelRuleUpdate
8962	8619	1	0	1	0	1	删除	merchantLabelRuleDelete
8963	8619	1	0	1	0	1	自动同步	merchantLabelRuleSync
8964	8620	1	0	1	0	1	列表	merchantUserLabelLst
8965	8620	1	0	1	0	1	添加	merchantUserLabelCreate
8966	8620	1	0	1	0	1	删除	merchantUserLabelDelete
8967	8620	1	0	1	0	1	编辑	merchantUserLabelUpdate
8968	8621	1	0	1	0	1	套餐列表	merchantServeMeal
8969	8621	1	0	1	0	1	支付二维码	merchantServeCode
8970	8621	1	0	1	0	1	购买记录	merchantServeLst
8971	8621	1	0	1	0	1	详情	merchantServeDetail
8972	8621	1	0	1	0	1	账号信息	merchantServeInfo
8973	8622	1	0	1	0	1	保存配置	merchantServeSetConfig
8974	1508	0	0	1	0	1	权限	/systemForm/Basics/members
8975	1542	0	0	1	0	1	权限	/systemForm/Basics/community
8976	1628	0	0	1	0	1	权限	/systemForm/Basics/app_version
8977	34	0	0	1	0	1	权限	/systemForm/Basics/system_tabs
8978	5119	0	0	1	0	1	权限	/systemForm/Basics/shop_tabs
8979	5120	0	0	1	0	1	权限	/systemForm/Basics/pay_tabs
8980	5121	0	0	1	0	1	权限	/systemForm/Basics/extend_tabs
8981	5127	0	0	1	0	1	权限	/systemForm/Basics/service
8982	1631	0	0	1	0	1	权限	/group/config/98
8983	1631	0	0	1	0	1	附加权限	append_/group/config/98
8984	666	0	0	1	0	1	权限	/maintain/auth
8985	8974	0	0	1	0	1	编辑配置信息	configSave
8986	8975	0	0	1	0	1	编辑配置信息	configSave
8987	8976	0	0	1	0	1	编辑配置信息	configSave
8988	8977	0	0	1	0	1	编辑配置信息	configSave
8989	8978	0	0	1	0	1	编辑配置信息	configSave
8990	8979	0	0	1	0	1	编辑配置信息	configSave
8991	8980	0	0	1	0	1	编辑配置信息	configSave
8992	8981	0	0	1	0	1	编辑配置信息	configSave
8993	8982	0	0	1	0	1	详情	groupDetail
8994	8982	0	0	1	0	1	列表	groupDataLst
8995	8982	0	0	1	0	1	添加	groupDataCreate
8996	8982	0	0	1	0	1	编辑	groupDataUpdate
8997	8982	0	0	1	0	1	删除	groupDataDelete
8998	8982	0	0	1	0	1	修改状态	groupDataChangeStatus
8999	8983	0	0	1	0	1	上传图片	uploadImage
9000	8983	0	0	1	0	1	图片列表	systemAttachmentLst
9001	7768	0	0	1	0	1	消息配置修改模板ID	systemNoticeConfigGetChangeTempId
9002	7768	0	0	1	0	1	消息配置修改模板ID	systemNoticeConfigSetChangeTempId
9003	8984	0	0	1	0	1	获取去版权信息	systemCopyright
9004	8984	0	0	1	0	1	获取授权信息	systemAuthCopyright
9005	8984	0	0	1	0	1	保存去版权信息	systemSaveCopyright
9006	1665	0	1	0	0	60	微页面	/setting/micro/list
9007	719	0	1	1	0	10	活动氛围图	/marketing/atmosphere/list
9008	719	0	1	1	0	10	活动边框图	/marketing/border/list
9009	9006	0	0	1	0	1	权限	/setting/micro/list
9010	9006	0	0	1	0	1	附加权限	append_/setting/micro/list
9011	9007	0	0	1	0	1	权限	/marketing/atmosphere/list
9012	9008	0	0	1	0	1	权限	/marketing/border/list
9013	9009	0	0	1	0	1	列表 	systemDiyMicroLst
9014	9009	0	0	1	0	1	详情 	systemDiyMicroDetail
9015	9009	0	0	1	0	1	添加/编辑	systemDiyMicroCreate
9016	9009	0	0	1	0	1	重置	systemDiyMicroRecovery
9017	9009	0	0	1	0	1	删除	systemDiyMicroDelete
9018	9010	0	0	1	0	1	上传图片	uploadImage
9019	9010	0	0	1	0	1	图片列表	systemAttachmentLst
9020	9011	0	0	1	0	1	添加	systemActivityAtmosphereCreate
9021	9011	0	0	1	0	1	列表	systemActivityAtmosphereLst
9022	9011	0	0	1	0	1	编辑	systemActivityAtmosphereUpdate
9023	9011	0	0	1	0	1	详情	systemActivityAtmosphereDetail
9024	9011	0	0	1	0	1	删除	systemActivityAtmosphereDelete
9025	9011	0	0	1	0	1	修改状态	systemActivityAtmosphereStatus
9026	9012	0	0	1	0	1	添加	systemActivityBorderCreate
9027	9012	0	0	1	0	1	列表	systemActivityBorderLst
9028	9012	0	0	1	0	1	编辑	systemActivityBorderUpdate
9029	9012	0	0	1	0	1	详情	systemActivityBorderDetail
9030	9012	0	0	1	0	1	删除	systemActivityBorderDelete
9031	9012	0	0	1	0	1	修改状态	systemActivityBorderStatus
9032	7778	0	0	1	0	1	批量上下架	systemStoreProductSwitchBatchStatus
9033	7778	0	0	1	0	1	批量设置标签	systemStoreProductSwitchBatchLabels
9034	7778	0	0	1	0	1	批量设置推荐	systemStoreProductSwitchBatchHot
9035	8600	1	0	1	0	1	免审编辑	merchantStoreProductFreeTrial
9036	8600	1	0	1	0	1	批量上下架	merchantStoreProductSwitchBatchStatus
9037	8600	1	0	1	0	1	批量设置运费模板	merchantStoreProductSwitchBatchTemplate
9038	8600	1	0	1	0	1	批量设置标签	merchantStoreProductSwitchBatchLabels
9039	8600	1	0	1	0	1	批量设置推荐	merchantStoreProductSwitchBatchHot
9040	9007	0	0	1	0	1	附加权限	append_/marketing/atmosphere/list
9041	9008	0	0	1	0	1	附加权限	append_/marketing/border/list
9042	9040	0	0	1	0	1	上传图片	uploadImage
9043	9040	0	0	1	0	1	图片列表	systemAttachmentLst
9044	9041	0	0	1	0	1	上传图片	uploadImage
9045	9041	0	0	1	0	1	图片列表	systemAttachmentLst
9046	101	0	1	1	0	-1	付费会员	/user/svip
9047	101	0	1	1	0	0	用户等级	/user/member
9048	9046	0	1	1	0	0	会员协议	/user/member/vipAgreement
9049	9046	0	1	1	0	80	会员权益	/user/member/equity
9050	9046	0	1	1	0	100	付费会员配置	/systemForm/Basics/svip
9051	9046	0	1	1	0	90	会员类型	/user/member/type
9052	87	0	1	1	0	0	商品参数	/product/specsMain
9053	526	1	1	1	0	97	付费会员	/systemForm/Basics/svip
9054	9046	0	1	1	0	70	会员记录	/user/member/record
9055	5124	0	1	1	0	0	城市数据	/freight/city/list
9056	87	0	1	1	0	0	价格说明	/product/priceDescription
9057	9052	0	1	1	0	0	店铺商品参数	/product/merSpecs
9058	9052	0	1	1	0	0	平台商品参数	/product/specs
9059	95	1	1	1	0	7	商品参数	/product/specs
9060	9050	0	0	1	0	1	权限	/systemForm/Basics/svip
9061	7669	0	0	1	0	1	统计	systemCommunityTitle
9062	9060	0	0	1	0	1	编辑配置信息	configSave
9063	7687	0	0	1	0	1	用户标签编辑	systemUserSvipUpdate
9064	7693	0	0	1	0	1	列表	systemCityAreaLst
9065	7693	0	0	1	0	1	编辑	systemCityAreaCreate
9066	7693	0	0	1	0	1	编辑	systemCityAreaUpdate
9067	7693	0	0	1	0	1	删除	systemCityAreaDelete
9068	7769	0	0	1	0	1	记录	systemOrderStatus
9069	7784	0	0	1	0	1	价格说明列表	systemPriceRuleLst
9070	7784	0	0	1	0	1	添加价格说明	systemPriceRuleCreate
9071	7784	0	0	1	0	1	修改价格说明	systemPriceRuleUpdate
9072	7784	0	0	1	0	1	价格说明修改状态	systemPriceRuleStatus
9073	7784	0	0	1	0	1	删除价格说明	systemPriceRuleDelete
9074	8592	1	0	1	0	1	核销详情	merchantStoreOrderVerifyDetail
9075	9051	0	0	1	0	1	权限	/user/member/type
9076	9051	0	0	1	0	1	附加权限	append_/user/member/type
9077	9049	0	0	1	0	1	权限	/user/member/equity
9078	9049	0	0	1	0	1	附加权限	append_/user/member/equity
9079	9058	0	0	0	0	1	权限	/product/specs
9080	9057	0	0	1	0	1	权限	/product/merSpecs
9081	9075	0	0	1	0	1	列表	systemUserSvipLst
9082	9075	0	0	1	0	1	添加	systemUserSvipCreate
9083	9075	0	0	1	0	1	编辑表单	systemUserSvipUpdateForm
9084	9075	0	0	1	0	1	编辑	systemUserSvipTypeUpdate
9085	9075	0	0	1	0	1	删除	systemUserSvipDelete
9086	9075	0	0	1	0	1	修改状态	systemUserSvipStatus
9087	9076	0	0	1	0	1	上传图片	uploadImage
9088	9076	0	0	1	0	1	图片列表	systemAttachmentLst
9089	9077	0	0	1	0	1	列表	systemUserSvipInterestsLst
9090	9077	0	0	1	0	1	编辑	systemUserSvipInterestsUpdate
9091	9077	0	0	1	0	1	编辑状态	systemUserSvipInterestsStatus
9092	9078	0	0	1	0	1	上传图片	uploadImage
9093	9078	0	0	1	0	1	图片列表	systemAttachmentLst
9094	9079	0	0	1	0	1	平台参数列表	systemStoreParameterTemplateLst
9095	9079	0	0	1	0	1	详情	systemStoreParameterTemplateDetail
9096	9079	0	0	1	0	1	删除	systemStoreParameterTemplateDelete
9097	9079	0	0	1	0	1	添加	systemStoreParameterTemplateCreate
9098	9079	0	0	1	0	1	编辑	systemStoreParameterTemplateUpdate
9099	9080	0	0	1	0	1	商户参数模板	systemStoreParameterTemplateMerLst
9100	9059	1	0	1	0	1	权限	/product/specs
9101	9100	1	0	1	0	1	列表	merchantStoreParameterTemplateLst
9102	9100	1	0	1	0	1	详情	merchantStoreParameterTemplateDetail
9103	9100	1	0	1	0	1	删除	merchantStoreParameterTemplateDelete
9104	9100	1	0	1	0	1	添加	merchantStoreParameterTemplateCreate
9105	9100	1	0	1	0	1	编辑	merchantStoreParameterTemplateUpdate
9106	9056	0	0	1	0	1	权限	/product/priceDescription
9107	9056	0	0	1	0	1	附加权限	append_/product/priceDescription
9108	9106	0	0	1	0	1	价格说明列表	systemPriceRuleLst
9109	9106	0	0	1	0	1	添加价格说明	systemPriceRuleCreate
9110	9106	0	0	1	0	1	修改价格说明	systemPriceRuleUpdate
9111	9106	0	0	1	0	1	价格说明修改状态	systemPriceRuleStatus
9112	9106	0	0	1	0	1	删除价格说明	systemPriceRuleDelete
9113	9107	0	0	1	0	1	上传图片	uploadImage
9114	9107	0	0	1	0	1	图片列表	systemAttachmentLst
9115	8600	1	0	1	0	1	批量设置推荐	merchantStoreProductSwitchBatchExtension
9116	8600	1	0	1	0	1	批量设置会员价	merchantStoreProductSwitchBatchSvipType
9117	1665	0	1	1	0	50	页面配置	/setting/system_visualization_data
9118	1289	0	1	1	0	0	商品分类	/marketing/integral/classify
9119	1289	0	1	1	0	0	商品列表	/marketing/integral/proList
9120	1289	0	1	1	0	0	积分订单	/marketing/integral/orderList
9121	1284	0	1	1	0	60	保证金配置	/systemForm/Basics/margin
9122	9121	0	0	1	0	1	权限	/systemForm/Basics/margin
9123	9118	0	0	1	0	1	权限	/marketing/integral/classify
9124	9120	0	0	1	0	1	权限	/marketing/integral/orderList
9125	9122	0	0	1	0	1	编辑配置信息	configSave
9126	7687	0	0	1	0	1	积分记录	systemUserIntegralList
9127	7687	0	0	1	0	1	签到记录	systemUserSginLog
9128	7687	0	0	1	0	1	浏览记录	systemUserHistory
9132	7766	0	0	1	0	1	待缴列表	systemMarginMakeUpMarginLst
9133	7769	0	0	1	0	1	关联订单	systemOrderChildrenList
9134	9123	0	0	1	0	1	列表	pointsCateLst
9135	9123	0	0	1	0	1	详情	pointsCateDetail
9136	9123	0	0	1	0	1	添加	pointsCateCreate
9137	9123	0	0	1	0	1	编辑	pointsCateUpdate
9138	9123	0	0	1	0	1	修改状态	pointsCateStatus
9139	9123	0	0	1	0	1	列表	pointsProductLst
9140	9123	0	0	1	0	1	获取规格	pointsCateFormatAttr
9141	9123	0	0	1	0	1	编辑	pointsProductDetail
9142	9123	0	0	1	0	1	添加	pointsProductCreate
9143	9123	0	0	1	0	1	编辑	pointsProductUpdate
9144	9123	0	0	1	0	1	修改状态	pointsProductStatus
9145	9123	0	0	1	0	1	预览	pointsProductPreview
9146	9124	0	0	1	0	1	列表	pointsOrderLst
9147	9124	0	0	1	0	1	编辑	pointsOrderDetail
9148	9124	0	0	1	0	1	发货	pointsOrderDelivery
9149	9124	0	0	1	0	1	批量发货	pointsOrderBatchDelivery
9150	9124	0	0	1	0	1	快递查询	pointsOrderExpress
9151	9124	0	0	1	0	1	导出	pointsOrderExcel
9152	9124	0	0	1	0	1	备注	pointsOrderMark
9153	9124	0	0	1	0	1	记录	pointsOrderStatus
9154	9124	0	0	1	0	1	删除	pointsOrderDelete
9155	8592	1	0	1	0	1	关联订单	merchantStoreOrderChildrenList
9156	8600	1	0	1	0	1	获取规格	merchantStoreProductFormatAttr
9157	9117	0	0	1	0	1	权限	/setting/system_visualization_data
9158	9119	0	0	1	0	1	权限	/marketing/integral/proList
9159	9157	0	0	1	0	1	可视化列表	systemVisualStoreGetThemeKey
9160	9157	0	0	1	0	1	可视化详情	systemVisualStoreGetTheme
9161	9157	0	0	1	0	1	可视化保存	systemVisualSetTheme
9162	9158	0	0	1	0	1	列表	pointsProductLst
9163	9158	0	0	1	0	1	获取规格	pointsCateFormatAttr
9164	9158	0	0	1	0	1	编辑	pointsProductDetail
9165	9158	0	0	1	0	1	添加	pointsProductCreate
9166	9158	0	0	1	0	1	编辑	pointsProductUpdate
9167	9158	0	0	1	0	1	修改状态	pointsProductStatus
9168	9158	0	0	1	0	1	预览	pointsProductPreview
9169	514	0	1	1	0	0	分销订单	/promoter/orderList
9170	1665	0	1	1	0	70	店铺模板	/setting/merchant/diyList
9172	526	1	1	1	0	0	开放账户	/systemForm/openAuth/list
9173	7668	0	0	1	0	1	上传二维码	systemAttachmentScanQrcode
9174	7668	0	0	1	0	1	扫码上传图片	systemAttachmentScanImage
9175	7668	0	0	1	0	1	扫码上传保存	systemAttachmentScanImageSave
9176	7668	0	0	1	0	1	在线图片	systemAttachmentOnline
9177	7697	0	0	1	0	1	修改状态	systemDiyPageLinkStatus
9178	7698	0	0	1	0	1	修改状态	systemDiyPageLinkMerStatus
9179	7699	0	0	1	0	1	详情 	systemDiyDetail
9180	7763	0	0	1	0	1	详情	systemMerchantDetail
9181	9214	0	0	0	0	1	金额统计	systemSpreadOrderStat
9182	9214	0	0	0	0	1	快递查询	systemSpreadOrderExpress
9183	9214	0	0	0	0	1	头部统计	systemSpreadOrderTitle
9184	9214	0	0	0	0	1	详情	systemSpreadOrderDetail
9185	9214	0	0	0	0	1	导出	systemSpreadOrderExcel
9186	9214	0	0	0	0	1	记录	systemSpreadOrderStatus
9187	9214	0	0	0	0	1	关联订单	systemSpreadOrderChildrenList
9188	8558	1	0	1	0	1	上传二维码	merchantAttachmentScanQrcode
9189	8558	1	0	1	0	1	扫码上传图片	merchantAttachmentScanImage
9190	8558	1	0	1	0	1	扫码上传保存	merchantAttachmentScanImageSave
9191	8558	1	0	1	0	1	在线图片	merchantAttachmentOnline
9192	8569	1	0	1	0	1	默认模板列表 	merchantDefaultDiyLst
9193	8569	1	0	1	0	1	详情 	merchantDiyDetail
9194	9213	1	0	0	0	1	列表	merchantOpenapiLst
9195	9213	1	0	0	0	1	添加	merchantOpenapiCreate
9196	9213	1	0	0	0	1	编辑	merchantOpenapiUpdate
9197	9213	1	0	0	0	1	修改状态	merchantOpenapiStatus
9198	9213	1	0	0	0	1	删除	merchantOpenapiDeleta
9199	9213	1	0	0	0	1	查看	merchantOpenapiGetSecretKey
9200	9213	1	0	0	0	1	重置	merchantOpenapiSetSecretKey
9201	8595	1	0	1	0	1	创建	merchantStoreRefundOrderCreate
9202	9170	0	0	1	0	1	权限	/setting/merchant/diyList
9203	9202	0	0	1	0	1	列表 	systemMerDiyLst
9204	9202	0	0	1	0	1	详情 	systemMerDiyDetail
9205	9202	0	0	1	0	1	添加/编辑	systemMerDiyCreate
9207	9202	0	0	1	0	1	设置默认	systemMerDiySetDefault
9208	9202	0	0	1	0	1	重置	systemMerDiyRecovery
9209	9202	0	0	1	0	1	删除	systemMerDiyDelete
9210	9202	0	0	1	0	1	复制	systemMerDiyCopy
9211	9202	0	0	1	0	1	保存适用范围	systemMerDiyGetScope
9212	9202	0	0	1	0	1	保存适用范围	systemMerDiySetScope
9213	9172	1	0	0	0	0	权限	/systemForm/openAuth/list
9214	9169	0	0	0	0	0	权限	/promoter/orderList
9215	101	0	1	1	0	0	用户设置	/user/setup_user
9216	1665	0	1	1	0	0	系统表单	/systemForm/form_list
9217	719	0	1	1	0	0	报名活动	/marketing/application/list
9218	0	0	1	1	0	127	首页	/
9219	9218	0	1	1	0	99	数据大屏	/data-screen/index
9220	515	0	1	1	0	10	店铺结算	/mer/accounts
9221	9220	0	1	1	0	9	店铺账单	/accounts/merchantBill
9222	1671	1	1	1	0	0	系统表单	/systemForm/form_list
9223	95	1	1	1	0	6	商品单位	/product/unit
9224	1178	0	0	1	0	1	权限	/accounts/statement
9225	9221	0	0	1	0	1	权限	/accounts/merchantBill
9226	9219	0	0	1	0	1	权限	/data-screen/index
9227	7653	0	0	1	0	1	详情	systemUserExtractDetail
9228	9224	0	0	1	0	1	列表	systemFinancialRecordLst
9229	9224	0	0	1	0	1	统计	systemFinancialRecordTitle
9230	9224	0	0	1	0	1	详情	systemFinancialRecordDetail
9231	9224	0	0	1	0	1	导出	systemFinancialRecordDetailExport
9232	9225	0	0	1	0	1	商户列表	systemFinancialRecordMerLst
9233	9225	0	0	1	0	1	商户统计	systemFinancialRecordMerAcountsLst
9234	9225	0	0	1	0	1	商户财务头部统计	systemFinancialRecordMerTitle
9235	9225	0	0	1	0	1	商户财务详情	systemFinancialRecordMerDetail
9236	9225	0	0	1	0	1	商户财务导出	systemFinancialRecordMerExcel
9237	7687	0	0	1	0	1	用户信息导出	systemUserExcel
9238	7687	0	0	1	0	1	批量设置分销员	getMemberLevelBatchSpread
9239	7763	0	0	1	0	1	操作日志	systemMerchantOperateList
9240	9214	0	0	1	0	1	列表	systemSpreadOrderLst
9241	7778	0	0	1	0	1	获取商品操作记录	systemStoreProductGetOperateList
9242	7799	0	0	1	0	1	未处理业务统计	systemStatisticsAdminCount
9243	7799	0	0	1	0	1	待办事项	systemStatisticsAdminTodo
9244	7799	0	0	1	0	1	商户销量排行	systemStatisticsMerchantTop
9245	9226	0	0	1	0	1	数据大屏	systemDataScreen
9246	9223	1	0	1	0	1	权限	/product/unit
9247	8568	1	0	1	0	1	设置默认模板	merchantStoreShippingTemplateSetDefault
9248	8600	1	0	1	0	1	获取批量修改列表	merchantStoreProductGetBatchList
9249	8600	1	0	1	0	1	批量修改商品属性	merchantStoreProductSwitchBatchProcess
9250	8600	1	0	1	0	1	操作记录	merchantStoreProductGetOperateList
9251	9246	1	0	1	0	1	商品单位列表	merchantStoreProductUnitLst
9252	9246	1	0	1	0	1	商品单位添加	merchantStoreProductUnitCreate
9253	9246	1	0	1	0	1	商品单位编辑	merchantStoreProductUnitUpdate
9254	9246	1	0	1	0	1	商品单位删除	merchantStoreProductUnitDelete
9255	8614	1	0	1	0	1	首页未处理业务统计	merchantStatisticsMerchantCount
9256	8614	1	0	1	0	1	待办事项	merchantStatisticsMerchantTodo
9257	8614	1	0	1	0	1	获取商户代办统计	merchantStatisticsProductSalesPriceTop
9258	9216	0	0	1	0	1	权限	/systemForm/form_list
9259	9217	0	0	1	0	1	权限	/marketing/application/list
9260	9217	0	0	1	0	1	附加权限	append_/marketing/application/list
9261	9215	0	0	1	0	1	权限	/user/setup_user
9262	9258	0	0	1	0	1	添加	systemFormCreate
9263	9258	0	0	1	0	1	编辑	systemFormUpdate
9264	9258	0	0	1	0	1	编辑状态	systemFormStatusSwitch
9265	9258	0	0	1	0	1	删除	systemFormDelete
9266	9258	0	0	1	0	1	详情	systemFormDetail
9267	9258	0	0	1	0	1	列表	systemFormLst
9268	9258	0	0	1	0	1	导出	systemFormExcel
9269	9258	0	0	1	0	1	表单提交记录	systemFormUserLst
9270	9259	0	0	1	0	1	添加	systemActivityFormCreate
9271	9259	0	0	1	0	1	列表	systemActivityFormLst
9272	9259	0	0	1	0	1	编辑	systemActivityFormUpdate
9273	9259	0	0	1	0	1	详情	systemActivityFormDetail
9274	9259	0	0	1	0	1	删除	systemActivityFormDelete
9275	9259	0	0	1	0	1	修改状态	systemActivityFormStatus
9276	9259	0	0	1	0	1	活动记录	systemFormActivUserLst
9277	9259	0	0	1	0	1	活动记录导出	systemFormActivUserExcel
9278	9260	0	0	1	0	1	上传图片	uploadImage
9279	9260	0	0	1	0	1	图片列表	systemAttachmentLst
9280	9261	0	0	0	0	1	列表	systemUserInfolst
9281	9261	0	0	1	0	1	添加	systemUserInfoCreate
9282	9261	0	0	1	0	1	保存信息	systemUserInfoSaveAll
9283	9261	0	0	1	0	1	删除	systemUserInfoDelete
9284	8617	1	0	1	0	1	退保证金申请	merchantFinancialRefundMarginApply
9285	118	0	1	1	0	90	存储管理	/setting/storage
9286	1376	1	1	1	0	10	自有一号通	/setting/sms/sms_account/index
9287	780	0	1	1	0	0	秒杀活动	/marketing/seckill/store_seckill/list
9289	788	1	1	1	0	0	秒杀活动	/marketing/seckill/store_seckill/list
9290	788	1	1	1	0	0	秒杀商品	/marketing/seckill/product/list
9291	9287	0	0	1	0	1	权限	/marketing/seckill/store_seckill/list
9292	9285	0	0	1	0	1	权限	/setting/storage
9293	9291	0	0	1	0	1	列表	systemSeckillActiveGetActiveList
9294	9291	0	0	1	0	1	详情	systemSeckillActiveGetActiveInfo
9295	9291	0	0	1	0	1	创建	systemSeckillActiveCreateActive
9296	9291	0	0	1	0	1	编辑	systemSeckillActiveUpdateActive
9297	9291	0	0	1	0	1	编辑状态	systemSeckillActiveUpdateActiveStatus
9298	9291	0	0	1	0	1	删除	systemSeckillActiveDeleteActive
9299	9291	0	0	1	0	1	活动统计数据面板	systemSeckillActiveChartPanel
9300	9291	0	0	1	0	1	活动参与人统计列表	systemSeckillActiveChartPeople
9301	9291	0	0	1	0	1	活动订单统计列表	systemSeckillActiveChartOrder
9302	9291	0	0	1	0	1	活动商品统计列表	systemSeckillActiveChartProduct
9303	7754	0	0	1	0	1	列表	systemStoreSeckillProductPageLst
9304	7754	0	0	1	0	1	加入回收站	systemStoreSeckillProductDelete
9305	7754	0	0	1	0	1	删除	systemStoreSeckillProductDestory
9306	7759	0	0	1	0	1	搜索获取菜单	getMenusList
9307	7778	0	0	1	0	1	获取自营商品列表	systemStoreProductGetSelfProductList
9308	9292	0	0	1	0	1	配置信息	systemStorageGetConfig
9309	9292	0	0	1	0	1	提交配置	systemStorageSetConfig
9310	9292	0	0	1	0	1	保存云存储配置	systemStorageUpdate
9311	9292	0	0	1	0	1	同步存储空间	systemStorageSync
9312	9292	0	0	1	0	1	存储空间列表	systemStorageLstRegion
9313	9292	0	0	1	0	1	添加存储空间	systemStorageCreateRegion
9314	9292	0	0	1	0	1	删除存储空间	systemStorageDeleteRegion
9315	9292	0	0	1	0	1	使用存储空间	systemStorageRegionSwtichStatus
9316	9292	0	0	1	0	1	修改存储空间名称	systemStorageUpdateDomain
9317	7801	0	0	1	0	1	替换素材域名	systemAttachmentReplaceHost
9318	9289	1	0	1	0	1	权限	/marketing/seckill/store_seckill/list
9319	9318	1	0	1	0	1	列表	merchantStoreSeckillActiveGetActiveList
9320	9318	1	0	1	0	1	详情	merchantStoreSeckillActiveGetActiveInfo
9321	9318	1	0	1	0	1	列表	merchantStoreSeckillActiveGetActiveAll
9322	9318	1	0	1	0	1	活动统计数据面板	merchantStoreSeckillActiveChartPanel
9323	9318	1	0	1	0	1	活动参与人统计列表	merchantStoreSeckillActiveChartPeople
9324	9318	1	0	1	0	1	活动订单统计列表	merchantStoreSeckillActiveChartOrder
9325	9318	1	0	1	0	1	活动商品统计列表	merchantStoreSeckillActiveChartProduct
9326	8575	1	0	1	0	1	分页列表	merchantStoreSeckillProductPageLst
9327	8575	1	0	1	0	1	商品列表	merchantStoreSeckillProductGetProductList
9328	8575	1	0	1	0	1	设置标签	merchantStoreSeckillProductSetLabels
9329	95	1	1	1	0	9	卡密列表	/product/cdkey
9330	1661	1	1	1	0	0	配送人员	/delivery/personnel_manage/index
9331	9410	1	1	1	0	0	店员配置	/systemForm/Basics/mer_service_switch
9332	526	1	1	1	0	0	同城配送	/delivery
9334	7778	0	0	1	0	1	批量设置分类推荐	systemStoreProductSwitchBatchCateHot
9335	9261	0	0	1	0	1	保存注册配置	systemUserRegisterConfig
9336	9261	0	0	1	0	1	新人礼优惠券列表	systemUserRegisterCoupon
9337	9329	1	0	1	0	1	权限	/product/cdkey
9338	8451	1	0	0	0	1	列表	merchantDeliveryServiceLst
9339	8451	1	0	0	0	1	修改状态	merchantDeliveryServiceStatus
9340	8451	1	0	0	0	1	添加	merchantDeliveryServiceCreate
9341	8451	1	0	0	0	1	编辑	merchantDeliveryServiceUpdate
9342	8451	1	0	0	0	1	删除	merchantDeliveryServiceDelete
9343	8592	1	0	1	0	1	线下支付	merchantStoreOrderOffline
9344	8600	1	0	1	0	1	操作记录	merchantStoreProductUnbind
9345	9337	1	0	1	0	1	列表	merchantStoreProductCdkeyLibraryLst
9346	9337	1	0	1	0	1	列表	merchantStoreProductCdkeyLibraryDetail
9347	9337	1	0	1	0	1	添加	merchantStoreProductCdkeyLibraryCreate
9348	9337	1	0	1	0	1	编辑表单	merchantStoreProductCdkeyLibraryUpdateForm
9349	9337	1	0	1	0	1	编辑	merchantStoreProductCdkeyLibraryUpdate
9350	9337	1	0	1	0	1	删除	merchantStoreProductCdkeyLibraryDelete
9351	9337	1	0	1	0	1	导出	merchantStoreProductCdkeyLibraryExcel
9352	9337	1	0	1	0	1	批量导入	merchantStoreProductCdkeyLibraryImport
9353	9337	1	0	1	0	1	卡密列表	merchantStoreProductCdkeyLst
9354	9337	1	0	1	0	1	添加卡密	merchantStoreProductCdkeyCreate
9355	9337	1	0	1	0	1	编辑卡密	merchantStoreProductCdkeyUpdate
9356	9337	1	0	1	0	1	删除卡密	merchantStoreProductCdkeyDelete
9357	9337	1	0	1	0	1	批量删除	merchantStoreProductCdkeyLibraryBatchDelete
9358	526	1	1	1	0	95	打印配置	/setting/printer
9359	9358	1	1	1	0	10	打印配置	/systemForm/Basics/printer_tabs
9360	110	0	1	1	0	99	商城设置	/shop
9361	0	0	1	1	0	96	内容	/content
9362	8592	1	0	1	0	1	电子面单复打	merchantStoreOrderRepeatDump
9363	1665	0	1	1	0	70	商品详情	/setting/diy/product_detail
9365	9367	0	0	0	0	0	权限	/merchant/grouping
9367	6370	0	1	1	0	21	店铺分组	/merchant/grouping
9368	514	0	1	1	0	0	分销说明	/promoter/retail
9369	512	1	1	1	0	0	代客下单	/order/customer
9370	7699	0	0	1	0	1	商品详情 	systemDiyGetProductDetail
9371	7699	0	0	1	0	1	商品详情保存 	systemDiySaveProductDetail
9372	9365	0	0	0	0	1	添加	systemMerchantRegionCreate
9373	9365	0	0	0	0	1	编辑	systemMerchantRegionUpdate
9374	9365	0	0	0	0	1	列表	systemMerchantRegionLst
9375	9365	0	0	0	0	1	删除	systemMerchantRegionDelete
9376	7763	0	0	1	0	1	虚拟关注量	systemMerchantCareFicti
9377	9079	0	0	1	0	1	删除属性	systemStoreParameterTemplateDeleteValue
9378	8592	1	0	1	0	1	配货单	merchantStoreOrderNote
9379	9100	1	0	1	0	1	删除属性	merchantStoreParameterTemplateDeleteValue
9380	8600	1	0	1	0	1	编辑商品获取信息	merchantStoreProductGetEdit
9381	9369	1	0	1	0	1	权限	/order/customer
9382	9381	1	0	1	0	1	商品分类	behalfProductCategory
9383	9381	1	0	1	0	1	商品列表	behalfProductList
9384	9381	1	0	1	0	1	商品规格详情	behalfProductDetail
9385	9381	1	0	1	0	1	会员查询	behalfUserQuery
9386	9381	1	0	1	0	1	会员详情	behalfUserInfo
9387	9381	1	0	1	0	1	会员添加	behalfUserCreate
9388	9381	1	0	1	0	1	地址列表	behalfUserAddressList
9389	9381	1	0	1	0	1	地址添加	behalfUserAddressCreate
9390	9381	1	0	1	0	1	购物车列表	behalfCartList
9391	9381	1	0	1	0	1	添加购物车	behalfCartCreate
9392	9381	1	0	1	0	1	修改购物车数据	behalfCartChange
9393	9381	1	0	1	0	1	删除购物数据	behalfCartDelete
9394	9381	1	0	1	0	1	清空购物车	behalfCartClear
9395	9381	1	0	1	0	1	购物车总数量	behalfCartCount
9396	9381	1	0	1	0	1	修改价格	behalfCartUpdatePrice
9397	9381	1	0	1	0	1	批量修改价格	behalfCartBatchUpdatePrice
9398	9381	1	0	1	0	1	校验订单	behalfCheck
9399	9381	1	0	1	0	1	支付配置	behalfPayConfig
9400	9381	1	0	1	0	1	创建订单	behalfCreate
9401	9381	1	0	1	0	1	支付	behalfPay
9402	9381	1	0	1	0	1	获取结果	behalfPayStatus
9403	9381	1	0	1	0	1	余额支付获取验证码	behalfVerify
9404	1661	1	1	1	0	0	服务人员	/config/service_staff
9405	512	1	1	1	0	116	预约设置	/product/reservation
9406	512	1	1	1	0	120	预约服务	/order/reservation
9408	106	1	1	1	0	0	逛逛社区	/community/list
9410	1661	1	1	1	0	5	店员管理	/server_manage
9411	7673	0	0	1	0	1	内容评论列表	systemCommunityReply
9412	7772	0	0	1	0	1	详情	systemRefundOrderDetail
9413	7772	0	0	1	0	1	日志	systemRefundOrderLog
9414	7772	0	0	1	0	1	审核	systemRefundOrderApprove
9415	7813	0	0	1	0	1	清除用户搜索记录	systemUserClearSearchLog
9416	9408	1	0	1	0	1	权限	/community/list
9417	9222	1	0	1	0	1	权限	/systemForm/form_list
9418	9406	1	0	1	0	1	权限	/order/reservation
9419	9404	1	0	1	0	1	权限	/config/service_staff
9420	9416	1	0	1	0	1	分类列表	merchantCommunityCateLst
9421	9416	1	0	1	0	1	列表	merchantCommunityLst
9422	9416	1	0	1	0	1	添加	merchantCommunityCreate
9423	9416	1	0	1	0	1	详情	merchantCommunityDetail
9424	9416	1	0	1	0	1	编辑	merchantCommunityUpdate
9425	9416	1	0	1	0	1	删除	merchantCommunityDelete
9426	9416	1	0	1	0	1	评论	merchantCommunityReply
9427	8564	1	0	1	0	1	修改状态	merchantExpressChangeMerStatus
9428	9417	1	0	1	0	1	添加	merFormCreate
9429	9417	1	0	1	0	1	编辑	merFormUpdate
9430	9417	1	0	1	0	1	删除	merFormDelete
9431	9417	1	0	1	0	1	详情	merFormDetail
9432	9417	1	0	1	0	1	列表	merFormLst
9433	8592	1	0	1	0	1	修改收货信息	merchantStoreOrderCollectCargo
9434	8592	1	0	1	0	1	预约订单派单	merchantStoreOrderReservationDispatch
9435	8592	1	0	1	0	1	预约订单改派	merchantStoreOrderReservationUpdateDispatch
9436	8592	1	0	1	0	1	预约订单改约	merchantStoreOrderReservationReschedule
9437	8592	1	0	1	0	1	单独修改预约时间	merchantStoreOrderReservationTime
9438	8592	1	0	1	0	1	预约订单核销	merchantStoreOrderReservationVerify
9439	9418	1	0	1	0	1	预约日历	merchantReservationServiceList
9440	8600	1	0	1	0	1	添加预约商品	merchantStoreReservationProductCreate
9441	8600	1	0	1	0	1	获取预约商品	merchantStoreReservationProductEditInfo
9442	8600	1	0	1	0	1	编辑预约商品	merchantStoreReservationProductEdit
9443	8600	1	0	1	0	1	预约商品详情	merchantStoreReservationProductDetail
9444	8600	1	0	1	0	1	批量修改预约商品库存	merchantStoreReservationProductEditStock
9445	9419	1	0	1	0	1	列表	merchantStaffsLst
9446	9419	1	0	1	0	1	添加	merchantStaffsCreate
9447	9419	1	0	1	0	1	编辑	merchantStaffsUpdate
9448	9419	1	0	1	0	1	修改状态	merchantStaffsSwitchStatus
9449	9419	1	0	1	0	1	删除	merchantStaffsDelete
9450	9261	0	0	1	0	1	扩展信息表单	systemUserFieldSaveForm
9451	9261	0	0	1	0	1	添加或编辑	systemUserInfoFieldSave
9452	9332	1	1	1	0	0	配送门店	/delivery/delivery_point
9453	1665	0	1	1	0	0	悬浮菜单	/setting/fab
9454	1665	0	1	1	0	0	商品分类	/setting/product_category
9455	1671	1	1	1	0	0	商品分类	/devise/diy/product_category
9456	9332	1	1	1	0	0	配送设置	/setting/delivery
9459	1665	0	1	1	0	78	店铺街	/setting/diy/store
9460	1665	0	1	1	0	77	个人中心	/setting/diy/personal
9463	9453	0	0	1	0	1	权限	/setting/fab
9464	9453	0	0	1	0	1	附加权限	append_/setting/fab
9465	9454	0	0	1	0	1	权限	/setting/product_category
9466	9463	0	0	1	0	1	悬浮按钮信息	systemDiyFabInfo
9467	9463	0	0	1	0	1	保存悬浮按钮	systemDiyFabSave
9468	9464	0	0	1	0	1	上传图片	uploadImage
9469	9464	0	0	1	0	1	图片列表	systemAttachmentLst
9470	9465	0	0	1	0	1	商品分类信息	systemDiyProductCategoryInfo
9471	9465	0	0	1	0	1	保存商品分类	systemDiyProductCategorySave
9472	9455	1	0	1	0	1	权限	/devise/diy/product_category
9474	9472	1	0	1	0	1	商品分类信息	merchantDiyProductCategoryInfo
9475	9472	1	0	1	0	1	保存商品分类	merchantDiyProductCategorySave
9476	8592	1	0	1	0	1	获取商家寄件价格	merchantStoreOrderGetPrice
9477	8592	1	0	1	0	1	获取商家寄件价格	merchantStoreOrderShipmentList
9478	8592	1	0	1	0	1	取消商家寄件	merchantStoreOrderCancelShipment
9479	8592	1	0	1	0	1	同城配送派单	merchantStoreOrderDeliveryDispatch
9480	8592	1	0	1	0	1	同城配送改派	merchantStoreOrderDeliveryUpdateDispatch
9481	8592	1	0	1	0	1	同城配送核销	merchantStoreOrderDeliveryConfirm
9482	8592	1	0	1	0	1	同城配送再次同步	merchantStoreOrderDeliverySync
9485	9456	1	0	0	0	0	权限	/setting/delivery
9486	9485	1	0	0	0	0	配送设置信息	merchantDeliveryConfigSettings
9487	9485	1	0	0	0	1	更新配送设置信息	merchantDeliveryConfigUpdate
9488	87	0	1	1	0	0	活动标签	/product/activityLabel
9489	9218	0	1	1	0	97	订单统计	/statistic/order
9490	9218	0	1	1	0	98	商品统计	/statistic/product
9491	9218	0	1	1	0	96	用户统计	/statistic/member
9492	0	0	1	1	0	110	店铺	/mer
9493	9492	0	1	1	0	0	区域代理	/business-zones/manage
9495	9493	0	1	1	0	0	代理人员	/business-zones/agents
9496	9493	0	1	1	0	0	代理审核	/business-zones/agent-review
9497	9493	0	1	1	0	0	代理设置	/business-zones/settings
9499	55	1	1	1	0	9	控制台	/dashboard
9500	55	1	1	1	0	8	商品统计	/statistic/product
9501	55	1	1	1	0	7	订单统计	/statistic/order
9502	515	0	1	1	0	20	商圈代理	/accounts/zoneAgent
9503	9502	0	1	1	0	40	结算审核	/accounts/zoneAgent/settlementReview
9506	9502	0	1	1	0	10	提成流水	/accounts/zoneAgent/commissionRecord
9515	0	0	1	1	1	0	设置	/settings
9551	0	0	1	1	1	70	财务	/accounts
9556	9404	1	1	1	0	1	服务人员	/config/service_staff
9557	9404	1	1	1	0	0	服务统计	/config/service_statistic
9558	9330	1	1	1	0	0	配送员管理	/delivery/personnel_manage
9559	9330	1	1	1	0	0	配送统计	/delivery/delivice_statistic
9576	9506	0	0	1	0	1	权限	/accounts/zoneAgent/commissionRecord
9595	9576	0	0	1	0	1	商圈提成流水列表	systemCircleFinancialRecordList
9596	7767	0	0	1	0	1	系统公告编辑	systemNoticeUpdate
9597	7767	0	0	1	0	1	系统公告修改状态	systemNoticeSwitchStatus
9598	7767	0	0	1	0	1	系统公告详情	systemNoticeDetail
9599	7767	0	0	1	0	1	系统公告删除	systemNoticeDelete
9600	8451	1	0	1	0	1	统计列表	merchantDeliveryServiceStatisticsList
9601	8451	1	0	1	0	1	统计详情	merchantDeliveryServiceStatisticsDetail
9602	9419	1	0	1	0	1	列表	merchantStaffsStatisticsList
9603	9419	1	0	1	0	1	详情	merchantStaffsStatisticsDetail
9604	8615	1	0	1	0	1	详情	systemNoticeLogDetail
9605	9503	0	0	1	0	1	权限	/accounts/zoneAgent/settlementReview
9606	9605	0	0	1	0	1	平台结算审核	systemCircleCheckoutAudit
9607	9605	0	0	1	0	1	平台转账	systemCircleCheckoutTransfer
9608	9605	0	0	1	0	1	平台备注	systemCircleCheckoutPlatformRemark
9641	9551	0	1	1	1	0	商圈代理	/accounts/zoneAgent
9643	9641	0	1	1	1	0	提成流水	/accounts/zoneAgent/commissionRecord
9644	9641	0	1	1	1	0	结算账号	/accounts/zoneAgent/settlementAccount
9645	9515	0	1	1	1	0	权限管理	/setting
9646	9645	0	1	1	1	0	角色权限	/setting/systemRole
9647	9645	0	1	1	1	0	管理员管理	/setting/systemAdmin
9649	9644	0	0	1	1	1	权限	/accounts/zoneAgent/settlementAccount
9651	9643	0	0	1	1	1	权限	/accounts/zoneAgent/commissionRecord
9652	9646	0	0	1	1	1	权限	/setting/systemRole
9653	9647	0	0	1	1	1	权限	/setting/systemAdmin
9654	9647	0	0	1	1	1	附加权限	append_/setting/systemAdmin
9655	9649	0	0	1	1	1	结算方式get	systemCircleAgentGetSettlementMethod
9656	9649	0	0	1	1	1	结算方式post	systemCircleAgentSetSettlementMethod
9661	9651	0	0	1	1	1	商圈提成流水列表	systemCircleFinancialRecordList
9662	9652	0	0	1	1	1	身份列表	systemRoleGetList
9663	9652	0	0	1	1	1	身份添加	systemRoleCreate
9664	9652	0	0	1	1	1	身份编辑	systemRoleUpdate
9665	9652	0	0	1	1	1	身份修改状态	systemRoleStatus
9666	9652	0	0	1	1	1	身份删除	systemRoleDelete
9667	9653	0	0	1	1	1	管理员列表	systemAdminLst
9668	9653	0	0	1	1	1	管理员修改状态	systemAdminStatus
9669	9653	0	0	1	1	1	管理员添加	systemAdminCreate
9670	9653	0	0	1	1	1	管理员编辑	systemAdminUpdate
9671	9653	0	0	1	1	1	管理员修改密码	systemAdminPassword
9672	9653	0	0	1	1	1	管理员删除	systemAdminDelete
9673	9654	0	0	1	1	1	上传图片	uploadImage
9674	9654	0	0	1	1	1	图片列表	systemAttachmentLst
9675	0	0	1	1	1	95	店铺	/mer
9676	9878	0	1	1	1	0	商户列表	/merchant/list
9677	9676	0	0	0	1	0	权限	/merchant/list
9679	9676	0	0	0	1	0	附加权限	append_/merchant/list
9682	0	0	1	1	1	100	首页	/
9685	0	0	1	1	1	90	商品	/product
9686	9685	0	1	1	1	0	商品管理	/product/examine
9687	9686	0	0	0	1	0	权限	/product/examine
9688	0	0	1	1	1	85	订单	/order
9689	9688	0	1	1	1	0	订单列表	/order/list
9690	9688	0	1	1	1	0	退款订单	/order/refund
9691	9688	0	1	1	1	0	核销记录	/order/cancellation
9692	9689	0	0	0	1	0	权限	/order/list
9693	9689	0	0	0	1	0	附加权限	append_/order/list
9694	9690	0	0	0	1	0	权限	/order/refund
9696	9691	0	0	0	1	0	权限	/order/cancellation
9697	0	0	1	1	1	80	营销	/marketing
9698	9697	0	1	1	1	0	秒杀	/marketing/seckill
9699	9697	0	1	1	1	0	预售	/marketing/presell
9700	9697	0	1	1	1	0	助力	/assist
9701	9697	0	1	1	1	0	拼团	/marketing/combination
9703	9701	0	1	1	1	0	拼团商品列表	/marketing/combination/combination_goods
9704	9701	0	1	1	1	0	拼团活动列表	/marketing/combination/combination_list
9705	9700	0	1	1	1	0	活动商品	/marketing/assist/goods_list
9706	9700	0	1	1	1	0	助力活动	/marketing/assist/list
9707	9699	0	1	1	1	0	预售商品	/marketing/presell/list
9710	9698	0	1	1	1	0	秒杀管理	/marketing/seckill/list
9711	9698	0	1	1	1	0	秒杀活动	/marketing/seckill/store_seckill/list
9714	9710	0	0	0	1	0	权限	/marketing/seckill/list
9715	9711	0	0	0	1	0	权限	/marketing/seckill/store_seckill/list
9716	9707	0	0	0	1	0	权限	/marketing/presell/list
9718	9705	0	0	0	1	0	权限	/marketing/assist/goods_list
9719	9706	0	0	0	1	0	权限	/marketing/assist/list
9720	9703	0	0	0	1	0	权限	/marketing/combination/combination_goods
9721	9704	0	0	0	1	0	权限	/marketing/combination/combination_list
9722	9690	0	0	1	1	1	附加权限	append_/order/refund
9723	9716	0	0	1	1	1	列表	systemStoreProductPresellLst
9724	9716	0	0	1	1	1	显示/隐藏	systemStoreProductPresellShow
9725	9716	0	0	1	1	1	详情	systemStoreProductPresellDetail
9726	9716	0	0	1	1	1	编辑数据	systemStoreProductPresellGet
9727	9716	0	0	1	1	1	编辑	systemStoreProductPresellUpdate
9728	9716	0	0	1	1	1	审核	systemStoreProductPresellSwitchStatus
9729	9716	0	0	1	1	1	设置标签	systemStoreProductPresellLabels
9730	9718	0	0	1	1	1	列表	systemStoreProductAssistLst
9731	9718	0	0	1	1	1	显示/隐藏	systemStoreProductAssistShow
9732	9718	0	0	1	1	1	详情	systemStoreProductAssistDetail
9733	9718	0	0	1	1	1	编辑	systemStoreProductAssistProductUpdate
9734	9718	0	0	1	1	1	审核	systemStoreProductAssistStatus
9735	9718	0	0	1	1	1	编辑数据	systemStoreProductAssistGet
9736	9718	0	0	1	1	1	设置标签	systemStoreProductAssistLabels
9737	9719	0	0	1	1	1	列表	systemStoreProductAssistSetLst
9738	9719	0	0	1	1	1	详情	systemStoreProductAssistSetDetail
9739	9720	0	0	1	1	1	列表	systemStoreProductGroupLst
9740	9720	0	0	1	1	1	显示/隐藏	systemStoreProductGroupShow
9741	9720	0	0	1	1	1	详情	systemStoreProductGroupDetail
9742	9720	0	0	1	1	1	编辑	systemStoreProductGroupProductUpdate
9743	9720	0	0	1	1	1	审核	systemStoreProductGroupStatus
9744	9720	0	0	1	1	1	编辑数据	systemStoreProductGroupGet
9745	9720	0	0	1	1	1	排序	systemStoreProductGroupSort
9746	9720	0	0	1	1	1	设置标签	systemStoreProductGroupLabels
9747	9721	0	0	1	1	1	列表	systemStoreProductGroupBuyingLst
9748	9721	0	0	1	1	1	详情	systemStoreProductGroupBuyingDetail
9749	9715	0	0	1	1	1	列表	systemSeckillActiveGetActiveList
9750	9715	0	0	1	1	1	详情	systemSeckillActiveGetActiveInfo
9751	9715	0	0	1	1	1	创建	systemSeckillActiveCreateActive
9752	9715	0	0	1	1	1	编辑	systemSeckillActiveUpdateActive
9753	9715	0	0	1	1	1	编辑状态	systemSeckillActiveUpdateActiveStatus
9754	9715	0	0	1	1	1	删除	systemSeckillActiveDeleteActive
9755	9715	0	0	1	1	1	活动统计数据面板	systemSeckillActiveChartPanel
9756	9715	0	0	1	1	1	活动参与人统计列表	systemSeckillActiveChartPeople
9757	9715	0	0	1	1	1	活动订单统计列表	systemSeckillActiveChartOrder
9758	9715	0	0	1	1	1	活动商品统计列表	systemSeckillActiveChartProduct
9759	9714	0	0	1	1	1	统计	systemStoreSeckillProductLstFilter
9760	9714	0	0	1	1	1	列表	systemStoreSeckillProductPageLst
9761	9714	0	0	1	1	1	列表	systemStoreSeckillProductLst
9762	9714	0	0	1	1	1	详情	systemStoreSeckillProductDetail
9763	9714	0	0	1	1	1	编辑	systemStoreSeckillProductUpdate
9764	9714	0	0	1	1	1	审核	systemStoreSeckillProductSwitchStatus
9765	9714	0	0	1	1	1	显示/隐藏	systemStoreSeckillProductChangeUsed
9766	9714	0	0	1	1	1	设置标签	systemStoreSeckillProductLabels
9767	9714	0	0	1	1	1	加入回收站	systemStoreSeckillProductDelete
9768	9714	0	0	1	1	1	删除	systemStoreSeckillProductDestory
9769	9677	0	0	1	1	1	虚拟关注量	systemMerchantCareFicti
9770	9677	0	0	1	1	1	商户列表	systemMerchantCreateForm
9771	9677	0	0	1	1	1	商户列表统计	systemMerchantCount
9772	9677	0	0	1	1	1	商户列表	systemMerchantLst
9773	9677	0	0	1	1	1	商户添加	systemMerchantCreate
9774	9677	0	0	1	1	1	商户编辑	systemMerchantUpdate
9775	9677	0	0	1	1	1	商户修改推荐	systemMerchantStatus
9776	9677	0	0	1	1	1	商户开启/关闭	systemMerchantClose
9777	9677	0	0	1	1	1	商户删除	systemMerchantDelete
9778	9677	0	0	1	1	1	商户修改密码	systemMerchantAdminPassword
9779	9677	0	0	1	1	1	商户登录	systemMerchantLogin
9780	9677	0	0	1	1	1	修改采集商品次数	systemMerchantChangeCopy
9781	9677	0	0	1	1	1	详情	systemMerchantDetail
9782	9677	0	0	1	1	1	操作日志	systemMerchantOperateList
9783	9679	0	0	1	1	1	上传图片	uploadImage
9784	9679	0	0	1	1	1	图片列表	systemAttachmentLst
9785	9692	0	0	1	1	1	列表	systemOrderLst
9786	9692	0	0	1	1	1	金额统计	systemOrderStat
9787	9692	0	0	1	1	1	快递查询	systemOrderExpress
9788	9692	0	0	1	1	1	头部统计	systemOrderTitle
9789	9692	0	0	1	1	1	详情	systemOrderDetail
9790	9692	0	0	1	1	1	导出	systemOrderExcel
9791	9692	0	0	1	1	1	记录	systemOrderStatus
9792	9692	0	0	1	1	1	关联订单	systemOrderChildrenList
9793	9693	0	0	1	1	1	导出列表	systemStoreExcelLst
9794	9693	0	0	1	1	1	导出列表	systemStoreExcelDownload
9795	9696	0	0	1	1	1	核销	systemOrderTakeStat
9796	9696	0	0	1	1	1	核销订单	systemTakeOrderLst
9797	9696	0	0	1	1	1	头部统计	systemTakeOrderTitle
9798	9694	0	0	1	1	1	列表	systemRefundOrderLst
9799	9694	0	0	1	1	1	详情	systemRefundOrderDetail
9800	9694	0	0	1	1	1	日志	systemRefundOrderLog
9801	9694	0	0	1	1	1	审核	systemRefundOrderApprove
9802	9694	0	0	1	1	1	导出	systemRefundOrderExcel
9803	9722	0	0	1	1	1	导出列表	systemStoreExcelLst
9804	9722	0	0	1	1	1	导出下载	systemStoreExcelDownload
9805	9687	0	0	1	1	1	统计	systemStoreProductLstFilter
9806	9687	0	0	1	1	1	列表	systemStoreProductLst
9807	9687	0	0	1	1	1	详情	systemStoreProductDetail
9808	9687	0	0	1	1	1	编辑	systemStoreProductUpdate
9809	9687	0	0	1	1	1	上下架	systemStoreProductSwitchStatus
9810	9687	0	0	1	1	1	批量上下架	systemStoreProductSwitchBatchStatus
9811	9687	0	0	1	1	1	批量设置标签	systemStoreProductSwitchBatchLabels
9812	9687	0	0	1	1	1	批量设置推荐	systemStoreProductSwitchBatchHot
9813	9687	0	0	1	1	1	批量设置分类推荐	systemStoreProductSwitchBatchCateHot
9814	9687	0	0	1	1	1	分销状态变更商品检测	systemStoreProductCheck
9815	9687	0	0	1	1	1	显示/隐藏	systemStoreProductChangeUsed
9816	9687	0	0	1	1	1	虚拟销量	systemStoreProductAddFicti
9817	9687	0	0	1	1	1	设置标签	systemStoreProductLabels
9818	9687	0	0	1	1	1	获取商品操作记录	systemStoreProductGetOperateList
9819	9687	0	0	1	1	1	获取自营商品列表	systemStoreProductGetSelfProductList
9833	9682	0	1	1	1	0	商品统计	/statistic/product
9834	9682	0	1	1	1	0	订单统计	/statistic/order
9835	9489	0	0	1	0	1	权限	/statistic/order
9836	9490	0	0	1	0	1	权限	/statistic/product
9837	9491	0	0	1	0	1	权限	/statistic/member
9838	9835	0	0	1	0	1	顶部统计	systemAnalyticsOrderTop
9839	9835	0	0	1	0	1	折线图统计	systemAnalyticsOrderLineChart
9840	9835	0	0	1	0	1	折线图统计	systemAnalyticsOrderTypePieChart
9841	9836	0	0	1	0	1	顶部统计	systemAnalyticsProductTop
9842	9836	0	0	1	0	1	折线图统计	systemAnalyticsProductLineChart
9843	9836	0	0	1	0	1	折线图统计	systemAnalyticsProductTypePieChart
9844	9837	0	0	1	0	1	顶部统计	systemAnalyticsUserTop
9845	9837	0	0	1	0	1	折线图统计	systemAnalyticsUserLineChart
9846	9837	0	0	1	0	1	折线图统计	systemAnalyticsUserTypePieChart
9847	9834	0	0	1	1	1	权限	/statistic/order
9848	9833	0	0	1	1	1	权限	/statistic/product
9849	9847	0	0	1	1	1	顶部统计	systemAnalyticsOrderTop
9850	9847	0	0	1	1	1	折线图统计	systemAnalyticsOrderLineChart
9851	9847	0	0	1	1	1	折线图统计	systemAnalyticsOrderTypePieChart
9852	9848	0	0	1	1	1	顶部统计	systemAnalyticsProductTop
9853	9848	0	0	1	1	1	折线图统计	systemAnalyticsProductLineChart
9854	9848	0	0	1	1	1	折线图统计	systemAnalyticsProductTypePieChart
9862	9501	1	0	1	0	1	权限	/statistic/order
9863	9500	1	0	1	0	1	权限	/statistic/product
9864	9862	1	0	1	0	1	顶部统计	merchantAnalyticsOrderTop
9865	9862	1	0	1	0	1	折线图统计	merchantAnalyticsOrderLineChart
9866	9862	1	0	1	0	1	折线图统计	merchantAnalyticsOrderTypePieChart
9867	9863	1	0	1	0	1	顶部统计	merchantAnalyticsProductTop
9868	9863	1	0	1	0	1	折线图统计	merchantAnalyticsProductLineChart
9869	9863	1	0	1	0	1	折线图统计	merchantAnalyticsProductTypePieChart
9873	42	0	1	1	0	0	商户管理员	/merchant/admin-list
9876	42	0	1	1	0	20	商户入驻审核	/merchant/review
9877	42	0	1	1	0	0	商户设置	/merchant/apply-setting
9878	9675	0	1	1	1	0	店铺管理	/mer/mer
9880	9878	0	1	1	1	0	店铺入驻申请	/merchant/application
9881	9880	0	0	0	1	0	权限	/merchant/application
9885	7786	0	0	1	0	1	身份列表	systemOrganizationRoleGetList
9886	7786	0	0	1	0	1	身份添加	systemOrganizationRoleCreate
9887	7786	0	0	1	0	1	身份编辑	systemOrganizationRoleUpdate
9888	7786	0	0	1	0	1	身份修改状态	systemOrganizationRoleStatus
9889	7786	0	0	1	0	1	身份删除	systemOrganizationRoleDelete
9890	7786	0	0	1	0	1	身份选项	systemOrganizationRoleOptions
9891	7778	0	0	1	0	1	批量复制商品到店铺	systemStoreProductBatchCopy
9892	9558	1	0	1	0	1	权限	/delivery/personnel_manage
9893	8557	1	0	1	0	1	上传视频	merchantApplymentsUploadVideo
9894	9892	1	0	1	0	1	列表	merchantDeliveryServiceLst
9895	9892	1	0	1	0	1	修改状态	merchantDeliveryServiceStatus
9896	9892	1	0	1	0	1	添加	merchantDeliveryServiceCreate
9897	9892	1	0	1	0	1	编辑	merchantDeliveryServiceUpdate
9898	9892	1	0	1	0	1	删除	merchantDeliveryServiceDelete
9899	9892	1	0	1	0	1	统计列表	merchantDeliveryServiceStatisticsList
9900	9892	1	0	1	0	1	统计详情	merchantDeliveryServiceStatisticsDetail
9906	9652	0	0	1	1	1	身份列表	systemOrganizationRoleGetList
9907	9652	0	0	1	1	1	身份添加	systemOrganizationRoleCreate
9908	9652	0	0	1	1	1	身份编辑	systemOrganizationRoleUpdate
9909	9652	0	0	1	1	1	身份修改状态	systemOrganizationRoleStatus
9910	9652	0	0	1	1	1	身份删除	systemOrganizationRoleDelete
9911	9652	0	0	1	1	1	身份选项	systemOrganizationRoleOptions
9912	9881	0	0	1	1	1	列表	systemMerchantIntentionLst
9913	9881	0	0	1	1	1	审核	systemMerchantIntentionStatus
9914	9881	0	0	1	1	1	删除	systemMerchantIntentionDelete
9915	9881	0	0	1	1	1	备注	systemMerchantIntentionMark
9916	9687	0	0	1	1	1	批量复制商品到店铺	systemStoreProductBatchCopy
9917	42	0	1	1	0	30	商户列表	/merchant/index
9920	9493	0	1	1	0	50	区域列表	/business-zones/index
9921	0	0	1	1	2	95	店铺	/mer
9922	9921	0	1	1	2	0	店铺管理	/mer/mer
9923	9922	0	1	1	2	0	店铺列表	/merchant/list
9924	9920	0	0	1	0	1	权限	/business-zones/index
9925	9917	0	0	1	0	1	权限	/merchant/index
9926	9495	0	0	1	0	1	权限	/business-zones/agents
9927	9873	0	0	1	0	1	权限	/merchant/admin-list
9928	9496	0	0	1	0	1	权限	/business-zones/agent-review
9929	9876	0	0	1	0	1	权限	/merchant/review
9930	9367	0	0	1	0	1	权限	/merchant/grouping
9931	9924	0	0	1	0	1	商圈列表	systemCircleList
9932	9924	0	0	1	0	1	商圈详情	systemCircleDetail
9933	9924	0	0	1	0	1	商圈添加	systemCircleCreate
9934	9924	0	0	1	0	1	商圈编辑	systemCircleUpdate
9935	9924	0	0	1	0	1	商圈删除	systemCircleDelete
9936	9924	0	0	1	0	1	商圈状态切换	systemCircleSwitch
9937	9924	0	0	1	0	1	关联商户列表	systemCircleMerchantList
9938	9925	0	0	1	0	1	商圈列表	systemCircleList
9939	9925	0	0	1	0	1	商圈详情	systemCircleDetail
9940	9925	0	0	1	0	1	商圈添加	systemCircleCreate
9941	9925	0	0	1	0	1	商圈编辑	systemCircleUpdate
9942	9925	0	0	1	0	1	商圈删除	systemCircleDelete
9943	9925	0	0	1	0	1	商圈状态切换	systemCircleSwitch
9944	9925	0	0	1	0	1	关联商户列表	systemCircleMerchantList
9945	9926	0	0	1	0	1	商圈代理添加	systemCircleAgentCreate
9946	9926	0	0	1	0	1	商圈代理编辑	systemCircleAgentUpdate
9947	9926	0	0	1	0	1	商圈代理删除	systemCircleAgentDelete
9948	9926	0	0	1	0	1	关联商户列表	systemCircleAgentMerchant
9949	9926	0	0	1	0	1	代理选项	systemCircleAgentOptions
9950	9926	0	0	1	0	1	重置密码	systemCircleAgentResetPassword
9951	9927	0	0	1	0	1	商圈代理添加	systemCircleAgentCreate
9952	9927	0	0	1	0	1	商圈代理编辑	systemCircleAgentUpdate
9953	9927	0	0	1	0	1	商圈代理删除	systemCircleAgentDelete
9954	9927	0	0	1	0	1	关联商户列表	systemCircleAgentMerchant
9955	9927	0	0	1	0	1	代理选项	systemCircleAgentOptions
9956	9927	0	0	1	0	1	重置密码	systemCircleAgentResetPassword
9957	9928	0	0	1	0	1	商圈代理审核	systemCircleAgentAudit
9958	9929	0	0	1	0	1	商圈代理审核	systemCircleAgentAudit
9959	9930	0	0	1	0	1	列表	systemStoreGroupLst
9960	9930	0	0	1	0	1	详情	systemStoreGroupDetail
9961	9930	0	0	1	0	1	添加	systemStoreGroupCreate
9962	9930	0	0	1	0	1	编辑	systemStoreGroupUpdate
9963	9930	0	0	1	0	1	删除	systemStoreGroupDelete
9964	9930	0	0	1	0	1	状态切换	systemStoreGroupSwitchStatus
9965	9930	0	0	1	0	1	设置店铺分组模板	systemStoreGroupSetTemplate
9966	9930	0	0	1	0	1	关联店铺列表	systemStoreGroupStores
9967	7763	0	0	1	0	1	商户添加店铺	systemMerchantBusinessCreate
9994	9923	0	0	1	2	1	权限	/merchant/list
9995	9923	0	0	1	2	1	附加权限	append_/merchant/list
9996	0	0	0	1	2	1	权限	self
9997	9994	0	0	1	2	1	虚拟关注量	systemMerchantCareFicti
9998	9994	0	0	1	2	1	店铺列表	systemMerchantCreateForm
9999	9994	0	0	1	2	1	店铺列表统计	systemMerchantCount
10000	9994	0	0	1	2	1	店铺列表	systemMerchantLst
10001	9994	0	0	1	2	1	店铺添加	systemMerchantCreate
10002	9994	0	0	1	2	1	店铺编辑	systemMerchantUpdate
10003	9994	0	0	1	2	1	店铺修改推荐	systemMerchantStatus
10004	9994	0	0	1	2	1	店铺开启/关闭	systemMerchantClose
10005	9994	0	0	1	2	1	店铺删除	systemMerchantDelete
10006	9994	0	0	1	2	1	店铺修改密码	systemMerchantAdminPassword
10007	9994	0	0	1	2	1	店铺登录	systemMerchantLogin
10008	9994	0	0	1	2	1	修改采集商品次数	systemMerchantChangeCopy
10009	9994	0	0	1	2	1	详情	systemMerchantDetail
10010	9994	0	0	1	2	1	操作日志	systemMerchantOperateList
10011	9994	0	0	1	2	1	商户添加店铺	systemMerchantBusinessCreate
10012	9995	0	0	1	2	1	上传图片	uploadImage
10013	9995	0	0	1	2	1	图片列表	systemAttachmentLst
10014	9996	0	0	1	2	1	修改信息	systemAdminEdit
10015	9996	0	0	1	2	1	修改密码	systemAdminEditPassword
10016	0	0	1	1	2	100	首页	/
10017	10016	0	1	1	2	0	商品统计	/statistic/product
10018	10016	0	1	1	2	0	订单统计	/statistic/order
10019	0	0	1	1	2	90	商品	/product
10020	10019	0	1	1	2	0	商品管理	/product/examine
10021	0	0	1	1	2	85	订单	/order
10022	10021	0	1	1	2	0	订单列表	/order/list
10023	10021	0	1	1	2	0	退款订单	/order/refund
10024	10021	0	1	1	2	0	核销记录	/order/cancellation
10025	0	0	1	1	2	80	营销	/marketing
10026	10025	0	1	1	2	0	秒杀	/marketing/seckill
10027	10025	0	1	1	2	0	预售	/marketing/presell
10028	10025	0	1	1	2	0	助力	/assist
10029	10025	0	1	1	2	0	拼团	/marketing/combination
10030	9641	0	1	1	1	2	申请结算	/accounts/zoneAgent/settlementApply
10031	0	0	1	1	2	70	财务	/accounts
10032	0	0	1	1	2	0	设置	/settings
10033	10032	0	1	1	2	0	权限管理	/setting
10034	10033	0	1	1	2	0	角色权限	/setting/systemRole
10035	10033	0	1	1	2	0	管理员管理	/setting/systemAdmin
10036	10026	0	1	1	2	0	秒杀管理	/marketing/seckill/list
10037	10026	0	1	1	2	0	秒杀活动	/marketing/seckill/store_seckill/list
10038	10027	0	1	1	2	0	预售商品	/marketing/presell/list
10039	10028	0	1	1	2	0	活动商品	/marketing/assist/goods_list
10040	10028	0	1	1	2	0	助力活动	/marketing/assist/list
10041	10029	0	1	1	2	0	拼团商品列表	/marketing/combination/combination_goods
10042	10029	0	1	1	2	0	拼团活动列表	/marketing/combination/combination_list
10043	10031	0	1	1	2	0	店铺结算	/mer/accounts
10044	10043	0	1	1	2	0	店铺账单	/accounts/merchantBill
10045	10030	0	0	1	1	1	权限	/accounts/zoneAgent/settlementApply
10046	10045	0	0	1	1	1	商圈申请结算获取余额	systemCircleCheckoutCreate
10047	10045	0	0	1	1	1	商圈申请结算提交	systemCircleCheckoutSave
10048	10045	0	0	1	1	1	商圈撤销结算	systemCircleCheckoutRevoke
10049	10045	0	0	1	1	1	商圈备注	systemCircleCheckoutRemark
10050	9677	0	0	1	1	1	商户添加店铺	systemMerchantBusinessCreate
10051	10044	0	0	1	2	1	权限	/accounts/merchantBill
10052	10018	0	0	1	2	1	权限	/statistic/order
10053	10017	0	0	1	2	1	权限	/statistic/product
10054	10038	0	0	1	2	1	权限	/marketing/presell/list
10055	10039	0	0	1	2	1	权限	/marketing/assist/goods_list
10056	10040	0	0	1	2	1	权限	/marketing/assist/list
10057	10041	0	0	1	2	1	权限	/marketing/combination/combination_goods
10058	10042	0	0	1	2	1	权限	/marketing/combination/combination_list
10059	10037	0	0	1	2	1	权限	/marketing/seckill/store_seckill/list
10060	10036	0	0	1	2	1	权限	/marketing/seckill/list
10061	10022	0	0	1	2	1	权限	/order/list
10062	10022	0	0	1	2	1	附加权限	append_/order/list
10063	10024	0	0	1	2	1	权限	/order/cancellation
10064	10023	0	0	1	2	1	权限	/order/refund
10065	10023	0	0	1	2	1	附加权限	append_/order/refund
10066	10020	0	0	1	2	1	权限	/product/examine
10067	10034	0	0	1	2	1	权限	/setting/systemRole
10068	10035	0	0	1	2	1	权限	/setting/systemAdmin
10069	10035	0	0	1	2	1	附加权限	append_/setting/systemAdmin
10070	10051	0	0	1	2	1	商户列表	systemFinancialRecordMerLst
10071	10051	0	0	1	2	1	商户统计	systemFinancialRecordMerAcountsLst
10072	10051	0	0	1	2	1	商户财务头部统计	systemFinancialRecordMerTitle
10073	10051	0	0	1	2	1	商户财务详情	systemFinancialRecordMerDetail
10074	10051	0	0	1	2	1	商户财务导出	systemFinancialRecordMerExcel
10075	10052	0	0	1	2	1	顶部统计	systemAnalyticsOrderTop
10076	10052	0	0	1	2	1	折线图统计	systemAnalyticsOrderLineChart
10077	10052	0	0	1	2	1	折线图统计	systemAnalyticsOrderTypePieChart
10078	10053	0	0	1	2	1	顶部统计	systemAnalyticsProductTop
10079	10053	0	0	1	2	1	折线图统计	systemAnalyticsProductLineChart
10080	10053	0	0	1	2	1	折线图统计	systemAnalyticsProductTypePieChart
10081	10054	0	0	1	2	1	列表	systemStoreProductPresellLst
10082	10054	0	0	1	2	1	显示/隐藏	systemStoreProductPresellShow
10083	10054	0	0	1	2	1	详情	systemStoreProductPresellDetail
10084	10054	0	0	1	2	1	编辑数据	systemStoreProductPresellGet
10085	10054	0	0	1	2	1	编辑	systemStoreProductPresellUpdate
10086	10054	0	0	1	2	1	审核	systemStoreProductPresellSwitchStatus
10087	10054	0	0	1	2	1	设置标签	systemStoreProductPresellLabels
10088	10055	0	0	1	2	1	列表	systemStoreProductAssistLst
10089	10055	0	0	1	2	1	显示/隐藏	systemStoreProductAssistShow
10090	10055	0	0	1	2	1	详情	systemStoreProductAssistDetail
10091	10055	0	0	1	2	1	编辑	systemStoreProductAssistProductUpdate
10092	10055	0	0	1	2	1	审核	systemStoreProductAssistStatus
10093	10055	0	0	1	2	1	编辑数据	systemStoreProductAssistGet
10094	10055	0	0	1	2	1	设置标签	systemStoreProductAssistLabels
10095	10056	0	0	1	2	1	列表	systemStoreProductAssistSetLst
10096	10056	0	0	1	2	1	详情	systemStoreProductAssistSetDetail
10097	10057	0	0	1	2	1	列表	systemStoreProductGroupLst
10098	10057	0	0	1	2	1	显示/隐藏	systemStoreProductGroupShow
10099	10057	0	0	1	2	1	详情	systemStoreProductGroupDetail
10100	10057	0	0	1	2	1	编辑	systemStoreProductGroupProductUpdate
10101	10057	0	0	1	2	1	审核	systemStoreProductGroupStatus
10102	10057	0	0	1	2	1	编辑数据	systemStoreProductGroupGet
10103	10057	0	0	1	2	1	排序	systemStoreProductGroupSort
10104	10057	0	0	1	2	1	设置标签	systemStoreProductGroupLabels
10105	10058	0	0	1	2	1	列表	systemStoreProductGroupBuyingLst
10106	10058	0	0	1	2	1	详情	systemStoreProductGroupBuyingDetail
10107	10059	0	0	1	2	1	列表	systemSeckillActiveGetActiveList
10108	10059	0	0	1	2	1	详情	systemSeckillActiveGetActiveInfo
10109	10059	0	0	1	2	1	创建	systemSeckillActiveCreateActive
10110	10059	0	0	1	2	1	编辑	systemSeckillActiveUpdateActive
10111	10059	0	0	1	2	1	编辑状态	systemSeckillActiveUpdateActiveStatus
10112	10059	0	0	1	2	1	删除	systemSeckillActiveDeleteActive
10113	10059	0	0	1	2	1	活动统计数据面板	systemSeckillActiveChartPanel
10114	10059	0	0	1	2	1	活动参与人统计列表	systemSeckillActiveChartPeople
10115	10059	0	0	1	2	1	活动订单统计列表	systemSeckillActiveChartOrder
10116	10059	0	0	1	2	1	活动商品统计列表	systemSeckillActiveChartProduct
10117	10060	0	0	1	2	1	统计	systemStoreSeckillProductLstFilter
10118	10060	0	0	1	2	1	列表	systemStoreSeckillProductPageLst
10119	10060	0	0	1	2	1	列表	systemStoreSeckillProductLst
10120	10060	0	0	1	2	1	详情	systemStoreSeckillProductDetail
10121	10060	0	0	1	2	1	编辑	systemStoreSeckillProductUpdate
10122	10060	0	0	1	2	1	审核	systemStoreSeckillProductSwitchStatus
10123	10060	0	0	1	2	1	显示/隐藏	systemStoreSeckillProductChangeUsed
10124	10060	0	0	1	2	1	设置标签	systemStoreSeckillProductLabels
10125	10060	0	0	1	2	1	加入回收站	systemStoreSeckillProductDelete
10126	10060	0	0	1	2	1	删除	systemStoreSeckillProductDestory
10127	10061	0	0	1	2	1	列表	systemOrderLst
10128	10061	0	0	1	2	1	金额统计	systemOrderStat
10129	10061	0	0	1	2	1	快递查询	systemOrderExpress
10130	10061	0	0	1	2	1	头部统计	systemOrderTitle
10131	10061	0	0	1	2	1	详情	systemOrderDetail
10132	10061	0	0	1	2	1	导出	systemOrderExcel
10133	10061	0	0	1	2	1	记录	systemOrderStatus
10134	10061	0	0	1	2	1	关联订单	systemOrderChildrenList
10135	10062	0	0	1	2	1	导出列表	systemStoreExcelLst
10136	10062	0	0	1	2	1	导出列表	systemStoreExcelDownload
10137	10063	0	0	1	2	1	核销	systemOrderTakeStat
10138	10063	0	0	1	2	1	核销订单	systemTakeOrderLst
10139	10063	0	0	1	2	1	头部统计	systemTakeOrderTitle
10140	10064	0	0	1	2	1	列表	systemRefundOrderLst
10141	10064	0	0	1	2	1	详情	systemRefundOrderDetail
10142	10064	0	0	1	2	1	日志	systemRefundOrderLog
10143	10064	0	0	1	2	1	审核	systemRefundOrderApprove
10144	10064	0	0	1	2	1	导出	systemRefundOrderExcel
10145	10065	0	0	1	2	1	导出列表	systemStoreExcelLst
10146	10065	0	0	1	2	1	导出下载	systemStoreExcelDownload
10147	10066	0	0	1	2	1	统计	systemStoreProductLstFilter
10148	10066	0	0	1	2	1	列表	systemStoreProductLst
10149	10066	0	0	1	2	1	详情	systemStoreProductDetail
10150	10066	0	0	1	2	1	编辑	systemStoreProductUpdate
10151	10066	0	0	1	2	1	上下架	systemStoreProductSwitchStatus
10152	10066	0	0	1	2	1	批量上下架	systemStoreProductSwitchBatchStatus
10153	10066	0	0	1	2	1	批量设置标签	systemStoreProductSwitchBatchLabels
10154	10066	0	0	1	2	1	批量设置推荐	systemStoreProductSwitchBatchHot
10155	10066	0	0	1	2	1	批量设置分类推荐	systemStoreProductSwitchBatchCateHot
10156	10066	0	0	1	2	1	分销状态变更商品检测	systemStoreProductCheck
10157	10066	0	0	1	2	1	显示/隐藏	systemStoreProductChangeUsed
10158	10066	0	0	1	2	1	虚拟销量	systemStoreProductAddFicti
10159	10066	0	0	1	2	1	设置标签	systemStoreProductLabels
10160	10066	0	0	1	2	1	获取商品操作记录	systemStoreProductGetOperateList
10161	10066	0	0	1	2	1	获取自营商品列表	systemStoreProductGetSelfProductList
10162	10066	0	0	1	2	1	批量复制商品到店铺	systemStoreProductBatchCopy
10163	10067	0	0	1	2	1	身份列表	systemRoleGetList
10164	10067	0	0	1	2	1	身份添加	systemRoleCreate
10165	10067	0	0	1	2	1	身份编辑	systemRoleUpdate
10166	10067	0	0	1	2	1	身份修改状态	systemRoleStatus
10167	10067	0	0	1	2	1	身份删除	systemRoleDelete
10168	10068	0	0	1	2	1	管理员列表	systemAdminLst
10169	10068	0	0	1	2	1	管理员修改状态	systemAdminStatus
10170	10068	0	0	1	2	1	管理员添加	systemAdminCreate
10171	10068	0	0	1	2	1	管理员编辑	systemAdminUpdate
10172	10068	0	0	1	2	1	管理员修改密码	systemAdminPassword
10173	10068	0	0	1	2	1	管理员删除	systemAdminDelete
10174	10069	0	0	1	2	1	上传图片	uploadImage
10175	10069	0	0	1	2	1	图片列表	systemAttachmentLst
10176	0	0	0	1	1	1	权限	self
10177	10176	0	0	1	1	1	修改信息	systemAdminEdit
10178	10176	0	0	1	1	1	修改密码	systemAdminEditPassword
10183	8600	1	0	1	0	1	批量加入回收站	merchantStoreProductBatchDelete
10184	8600	1	0	1	0	1	批量恢复	merchantStoreProductBatchRestore
10185	8600	1	0	1	0	1	批量设置服务保障	merchantStoreProductBatchGuarantee
