portal	module	page	action	crud	source	identifier
平台后台	内容	内容	(页面入口)	R	待补	
平台后台	内容 / 文章	文章	文章分类详情	R	路由	systemArticleCategoryDetail
平台后台	内容 / 文章	文章	文章列表	R	路由	systemArticlArticleLst
平台后台	内容 / 文章	文章	文章添加	C	路由	systemArticleArticleCreate
平台后台	内容 / 文章	文章	文章编辑	U	路由	systemArticArticleleUpdate
平台后台	内容 / 文章	文章	文章删除	D	路由	systemArticArticleleDelete
平台后台	内容 / 文章 / 文章分类	文章分类	文章分类列表	R	菜单权限	systemArticleCategoryLst
平台后台	内容 / 文章 / 文章分类	文章分类	文章分类添加	C	菜单权限	systemArticleCategoryCreate
平台后台	内容 / 文章 / 文章分类	文章分类	文章分类编辑	U	菜单权限	systemArticleCategoryUpdate
平台后台	内容 / 文章 / 文章分类	文章分类	文章分类修改状态	U	菜单权限	systemArticleCategoryStatus
平台后台	内容 / 文章 / 文章分类	文章分类	文章分类删除	D	菜单权限	systemArticleCategoryDelete
平台后台	内容 / 文章 / 文章分类	文章分类	文章分类详情	R	菜单权限	systemArticleCategoryDetail
平台后台	内容 / 文章 / 文章管理	文章管理	文章列表	R	菜单权限	systemArticlArticleLst
平台后台	内容 / 文章 / 文章管理	文章管理	文章添加	C	菜单权限	systemArticleArticleCreate
平台后台	内容 / 文章 / 文章管理	文章管理	文章编辑	U	菜单权限	systemArticArticleleUpdate
平台后台	内容 / 文章 / 文章管理	文章管理	文章删除	D	菜单权限	systemArticArticleleDelete
平台后台	内容 / 文章 / 文章管理	文章管理	文章详情	R	菜单权限	systemArticArticleleDetail
平台后台	内容 / 文章 / 文章管理	文章管理	文章修改状态	U	菜单权限	systemArticlArticlStatus
平台后台	内容 / 文章 / 文章管理	文章管理	上传图片	C	菜单权限	uploadImage
平台后台	内容 / 文章 / 文章管理	文章管理	素材列表	R	菜单权限	systemAttachmentLst
平台后台	内容 / 社区	社区	文章详情	R	路由	systemCommunityShow
平台后台	内容 / 社区	社区	统计	R	路由	systemCommunityTitle
平台后台	内容 / 社区	社区	社区分类状态	U	路由	systemCommunityCategoryLst
平台后台	内容 / 社区	社区	社区分类添加表单	C	路由	systemCommunityCategoryCreateForm
平台后台	内容 / 社区	社区	社区分类添加	C	路由	systemCommunityCategoryCreate
平台后台	内容 / 社区	社区	社区分类编辑表单	U	路由	systemCommunityCategoryUpdateForm
平台后台	内容 / 社区	社区	社区分类编辑	U	路由	systemCommunityCategoryUpdate
平台后台	内容 / 社区	社区	社区分类详情	R	路由	systemCommunityCategoryDetail
平台后台	内容 / 社区	社区	社区分类删除	D	路由	systemCommunityCategoryDelete
平台后台	内容 / 社区 / 社区内容	社区内容	文章列表	R	菜单权限	systemCommunityLst
平台后台	内容 / 社区 / 社区内容	社区内容	文章详情	R	菜单权限	systemCommunityDetail
平台后台	内容 / 社区 / 社区内容	社区内容	文章编辑	U	菜单权限	systemCommunityUpdate
平台后台	内容 / 社区 / 社区内容	社区内容	文章删除	D	菜单权限	systemCommunityDelete
平台后台	内容 / 社区 / 社区内容	社区内容	修改状态	U	菜单权限	systemCommunityStatus
平台后台	内容 / 社区 / 社区内容	社区内容	文章详情	RU	菜单权限	systemCommunityShow
平台后台	内容 / 社区 / 社区内容	社区内容	统计	R	菜单权限	systemCommunityTitle
平台后台	内容 / 社区 / 社区分类	社区分类	社区分类状态	RU	菜单权限	systemCommunityCategoryLst
平台后台	内容 / 社区 / 社区分类	社区分类	社区分类添加	C	菜单权限	systemCommunityCategoryCreate
平台后台	内容 / 社区 / 社区分类	社区分类	社区分类编辑	U	菜单权限	systemCommunityCategoryUpdate
平台后台	内容 / 社区 / 社区分类	社区分类	社区分类详情	R	菜单权限	systemCommunityCategoryDetail
平台后台	内容 / 社区 / 社区分类	社区分类	社区分类删除	D	菜单权限	systemCommunityCategoryDelete
平台后台	内容 / 社区 / 社区分类	社区分类	社区分类修改状态	U	菜单权限	systemCommunityCategoryStatus
平台后台	内容 / 社区 / 社区评论	社区评论	社区评论列表	R	菜单权限	systemCommunityReplyLst
平台后台	内容 / 社区 / 社区评论	社区评论	社区评论删除	D	菜单权限	systemCommunityReplyDelete
平台后台	内容 / 社区 / 社区评论	社区评论	社区评论审核	U	菜单权限	systemCommunityReplyStatus
平台后台	内容 / 社区 / 社区评论	社区评论	内容评论列表	R	菜单权限	systemCommunityReply
平台后台	内容 / 社区 / 社区话题	社区话题	社区话题	R	菜单权限	systemCommunityTopicLst
平台后台	内容 / 社区 / 社区话题	社区话题	社区话题添加	C	菜单权限	systemCommunityTopicCreate
平台后台	内容 / 社区 / 社区话题	社区话题	社区话题编辑	U	菜单权限	systemCommunityTopicUpdate
平台后台	内容 / 社区 / 社区话题	社区话题	社区话题详情 	R	菜单权限	systemCommunityTopicDetail
平台后台	内容 / 社区 / 社区话题	社区话题	社区话题删除	D	菜单权限	systemCommunityTopicDelete
平台后台	内容 / 社区 / 社区话题	社区话题	社区话题修改状态	U	菜单权限	systemCommunityTopicStatus
平台后台	内容 / 社区 / 社区话题	社区话题	社区话题推荐	U	菜单权限	systemCommunityTopicHot
平台后台	内容 / 社区 / 社区话题	社区话题	上传图片	C	菜单权限	uploadImage
平台后台	内容 / 社区 / 社区话题	社区话题	图片列表	R	菜单权限	systemAttachmentLst
平台后台	内容 / 社区 / 社区配置	社区配置	编辑配置信息	CU	菜单权限	configSave
平台后台	分销	分销	记录	R	路由	systemSpreadOrderStatus
平台后台	分销	分销	关联订单	R	路由	systemSpreadOrderChildrenList
平台后台	分销	分销	列表	R	路由	systemOrderLst
平台后台	分销	分销	金额统计	R	路由	systemOrderStat
平台后台	分销	分销	快递查询	R	路由	systemOrderExpress
平台后台	分销	分销	头部统计	R	路由	systemOrderTitle
平台后台	分销	分销	详情	R	路由	systemOrderDetail
平台后台	分销	分销	导出	R	路由	systemOrderExcel
平台后台	分销 / 佣金说明	佣金说明	佣金说明	C	菜单权限	systemAgreeSave
平台后台	分销 / 分销员列表	分销员列表	分销员列表	R	菜单权限	systemPromoterUserLst
平台后台	分销 / 分销员列表	分销员列表	分销员统计	R	菜单权限	systemPromoterUserCount
平台后台	分销 / 分销员列表	分销员列表	修改分销员等级	CRU	菜单权限	systemUserSpreadSave
平台后台	分销 / 分销员列表	分销员列表	推广人列表	R	菜单权限	systemUserSpreadLst
平台后台	分销 / 分销员列表	分销员列表	推广人订单	R	菜单权限	systemUserSpreadOrder
平台后台	分销 / 分销员列表	分销员列表	清除推广人	RD	菜单权限	systemUserSpreadClear
平台后台	分销 / 分销海报	分销海报	详情	R	菜单权限	groupDetail
平台后台	分销 / 分销海报	分销海报	列表	R	菜单权限	groupDataLst
平台后台	分销 / 分销海报	分销海报	添加	C	菜单权限	groupDataCreate
平台后台	分销 / 分销海报	分销海报	编辑	U	菜单权限	groupDataUpdate
平台后台	分销 / 分销海报	分销海报	删除	D	菜单权限	groupDataDelete
平台后台	分销 / 分销海报	分销海报	修改状态	U	菜单权限	groupDataChangeStatus
平台后台	分销 / 分销海报	分销海报	上传图片	C	菜单权限	uploadImage
平台后台	分销 / 分销海报	分销海报	图片列表	R	菜单权限	systemAttachmentLst
平台后台	分销 / 分销特权	分销特权	详情	R	菜单权限	groupDetail
平台后台	分销 / 分销特权	分销特权	列表	R	菜单权限	groupDataLst
平台后台	分销 / 分销特权	分销特权	添加	C	菜单权限	groupDataCreate
平台后台	分销 / 分销特权	分销特权	编辑	U	菜单权限	groupDataUpdate
平台后台	分销 / 分销特权	分销特权	删除	D	菜单权限	groupDataDelete
平台后台	分销 / 分销特权	分销特权	修改状态	U	菜单权限	groupDataChangeStatus
平台后台	分销 / 分销特权	分销特权	上传图片	C	菜单权限	uploadImage
平台后台	分销 / 分销特权	分销特权	图片列表	R	菜单权限	systemAttachmentLst
平台后台	分销 / 分销礼包	分销礼包	统计	R	菜单权限	systemStoreBagLstFilter
平台后台	分销 / 分销礼包	分销礼包	列表	R	菜单权限	systemStoreBagLst
平台后台	分销 / 分销礼包	分销礼包	详情	R	菜单权限	systemStoreBagDetail
平台后台	分销 / 分销礼包	分销礼包	编辑	U	菜单权限	systemStoreBagUpdate
平台后台	分销 / 分销礼包	分销礼包	修改状态	U	菜单权限	systemStoreBagSwitchStatus
平台后台	分销 / 分销礼包	分销礼包	显示/隐藏	U	菜单权限	systemStoreBagChangeUsed
平台后台	分销 / 分销等级	分销等级	(页面入口)	R	待补	
平台后台	分销 / 分销等级 / 分销员等级	分销员等级	分销员等级列表	R	菜单权限	systemUserBrokerageLst
平台后台	分销 / 分销等级 / 分销员等级	分销员等级	分销员等级添加	C	菜单权限	systemUserBrokerageCreate
平台后台	分销 / 分销等级 / 分销员等级	分销员等级	分销员等级编辑	U	菜单权限	systemUserBrokerageUpdate
平台后台	分销 / 分销等级 / 分销员等级	分销员等级	分销员等级删除	D	菜单权限	systemUserBrokerageDelete
平台后台	分销 / 分销等级 / 分销员等级	分销员等级	上传图片	C	菜单权限	uploadImage
平台后台	分销 / 分销等级 / 分销员等级	分销员等级	图片列表	R	菜单权限	systemAttachmentLst
平台后台	分销 / 分销等级 / 等级规则	等级规则	等级规则	C	菜单权限	systemAgreeSave
平台后台	分销 / 分销订单	分销订单	金额统计	R	菜单权限	systemSpreadOrderStat
平台后台	分销 / 分销订单	分销订单	快递查询	R	菜单权限	systemSpreadOrderExpress
平台后台	分销 / 分销订单	分销订单	头部统计	R	菜单权限	systemSpreadOrderTitle
平台后台	分销 / 分销订单	分销订单	详情	R	菜单权限	systemSpreadOrderDetail
平台后台	分销 / 分销订单	分销订单	导出	R	菜单权限	systemSpreadOrderExcel
平台后台	分销 / 分销订单	分销订单	记录	RU	菜单权限	systemSpreadOrderStatus
平台后台	分销 / 分销订单	分销订单	关联订单	R	菜单权限	systemSpreadOrderChildrenList
平台后台	分销 / 分销订单	分销订单	列表	R	菜单权限	systemSpreadOrderLst
平台后台	分销 / 分销说明	分销说明	(页面入口)	R	待补	
平台后台	分销 / 分销配置	分销配置	配置保存	CU	菜单权限	configOthersSettingUpdate
平台后台	分销 / 提现银行	提现银行	详情	R	菜单权限	groupDetail
平台后台	分销 / 提现银行	提现银行	列表	R	菜单权限	groupDataLst
平台后台	分销 / 提现银行	提现银行	添加	C	菜单权限	groupDataCreate
平台后台	分销 / 提现银行	提现银行	编辑	U	菜单权限	groupDataUpdate
平台后台	分销 / 提现银行	提现银行	删除	D	菜单权限	groupDataDelete
平台后台	分销 / 提现银行	提现银行	修改状态	U	菜单权限	groupDataChangeStatus
平台后台	分销 / 提现银行	提现银行	上传图片	C	菜单权限	uploadImage
平台后台	分销 / 提现银行	提现银行	图片列表	R	菜单权限	systemAttachmentLst
平台后台	商品	商品	平台参数列表	R	路由	systemStoreParameterTemplateLst
平台后台	商品	商品	商户参数模板	R	路由	systemStoreParameterTemplateMerLst
平台后台	商品	商品	详情	R	路由	systemStoreParameterTemplateDetail
平台后台	商品	商品	删除	D	路由	systemStoreParameterTemplateDelete
平台后台	商品	商品	添加	C	路由	systemStoreParameterTemplateCreate
平台后台	商品 / 价格说明	价格说明	价格说明列表	R	菜单权限	systemPriceRuleLst
平台后台	商品 / 价格说明	价格说明	添加价格说明	C	菜单权限	systemPriceRuleCreate
平台后台	商品 / 价格说明	价格说明	修改价格说明	U	菜单权限	systemPriceRuleUpdate
平台后台	商品 / 价格说明	价格说明	价格说明修改状态	U	菜单权限	systemPriceRuleStatus
平台后台	商品 / 价格说明	价格说明	删除价格说明	D	菜单权限	systemPriceRuleDelete
平台后台	商品 / 价格说明	价格说明	上传图片	C	菜单权限	uploadImage
平台后台	商品 / 价格说明	价格说明	图片列表	R	菜单权限	systemAttachmentLst
平台后台	商品 / 保障服务	保障服务	列表	R	菜单权限	systemGuaranteeLst
平台后台	商品 / 保障服务	保障服务	添加	C	菜单权限	systemGuaranteeCreate
平台后台	商品 / 保障服务	保障服务	编辑	U	菜单权限	systemGuaranteeUpdate
平台后台	商品 / 保障服务	保障服务	详情	R	菜单权限	systemGuaranteeDetail
平台后台	商品 / 保障服务	保障服务	删除	D	菜单权限	systemGuaranteeDelete
平台后台	商品 / 保障服务	保障服务	排序	U	菜单权限	systemGuaranteeSort
平台后台	商品 / 保障服务	保障服务	修改状态	U	菜单权限	systemGuaranteeStatus
平台后台	商品 / 保障服务	保障服务	上传图片	C	菜单权限	uploadImage
平台后台	商品 / 保障服务	保障服务	图片列表	R	菜单权限	systemAttachmentLst
平台后台	商品 / 品牌管理	品牌管理	(页面入口)	R	待补	
平台后台	商品 / 品牌管理 / 品牌分类	品牌分类	编辑	U	菜单权限	systemStoreBrandCategoryUpdate
平台后台	商品 / 品牌管理 / 品牌分类	品牌分类	列表	R	菜单权限	systemStoreBrandCategoryLst
平台后台	商品 / 品牌管理 / 品牌分类	品牌分类	详情	R	菜单权限	systemStoreBrandCategoryDtailt
平台后台	商品 / 品牌管理 / 品牌分类	品牌分类	添加	C	菜单权限	systemStoreBrandCategoryCreate
平台后台	商品 / 品牌管理 / 品牌分类	品牌分类	删除	D	菜单权限	systemStoreBrandCategoryDelete
平台后台	商品 / 品牌管理 / 品牌分类	品牌分类	修改状态	U	菜单权限	systemStoreBrandCategorySwitchStatus
平台后台	商品 / 品牌管理 / 品牌列表	品牌列表	列表	R	菜单权限	systemStoreBrandLst
平台后台	商品 / 品牌管理 / 品牌列表	品牌列表	修改状态	U	菜单权限	systemStoreBrandSwithStatus
平台后台	商品 / 品牌管理 / 品牌列表	品牌列表	添加	C	菜单权限	systemStoreBrandCreate
平台后台	商品 / 品牌管理 / 品牌列表	品牌列表	编辑	U	菜单权限	systemStoreBrandUpdate
平台后台	商品 / 品牌管理 / 品牌列表	品牌列表	删除	D	菜单权限	systemStoreBrandDelete
平台后台	商品 / 商品分类	商品分类	编辑	U	菜单权限	systemStoreCategoryUpdate
平台后台	商品 / 商品分类	商品分类	列表	R	菜单权限	systemStoreCategoryLst
平台后台	商品 / 商品分类	商品分类	详情	R	菜单权限	systemStoreCategoryDtailt
平台后台	商品 / 商品分类	商品分类	添加	C	菜单权限	systemStoreCategoryCreate
平台后台	商品 / 商品分类	商品分类	删除	D	菜单权限	systemStoreCategoryDelete
平台后台	商品 / 商品分类	商品分类	修改状态	U	菜单权限	systemStoreCategorySwitchStatus
平台后台	商品 / 商品分类	商品分类	修改推荐	U	菜单权限	systemStoreCategorySwitchIsHot
平台后台	商品 / 商品分类	商品分类	上传图片	C	菜单权限	uploadImage
平台后台	商品 / 商品分类	商品分类	图片列表	R	菜单权限	systemAttachmentLst
平台后台	商品 / 商品参数	商品参数	编辑	U	路由	systemStoreParameterTemplateUpdate
平台后台	商品 / 商品参数	商品参数	删除属性	D	路由	systemStoreParameterTemplateDeleteValue
平台后台	商品 / 商品参数	商品参数	添加表单	C	路由	systemStoreCategoryCreateForm
平台后台	商品 / 商品参数	商品参数	编辑表单	U	路由	systemStoreCategoryUpdateForm
平台后台	商品 / 商品参数	商品参数	编辑	U	路由	systemStoreCategoryUpdate
平台后台	商品 / 商品参数	商品参数	列表	R	路由	systemStoreCategoryLst
平台后台	商品 / 商品参数	商品参数	详情	R	路由	systemStoreCategoryDtailt
平台后台	商品 / 商品参数	商品参数	添加	C	路由	systemStoreCategoryCreate
平台后台	商品 / 商品参数	商品参数	删除	D	路由	systemStoreCategoryDelete
平台后台	商品 / 商品参数	商品参数	修改状态	U	路由	systemStoreCategorySwitchStatus
平台后台	商品 / 商品参数	商品参数	修改推荐	U	路由	systemStoreCategorySwitchIsHot
平台后台	商品 / 商品参数 / 平台商品参数	平台商品参数	平台参数列表	R	菜单权限	systemStoreParameterTemplateLst
平台后台	商品 / 商品参数 / 平台商品参数	平台商品参数	详情	R	菜单权限	systemStoreParameterTemplateDetail
平台后台	商品 / 商品参数 / 平台商品参数	平台商品参数	删除	D	菜单权限	systemStoreParameterTemplateDelete
平台后台	商品 / 商品参数 / 平台商品参数	平台商品参数	添加	C	菜单权限	systemStoreParameterTemplateCreate
平台后台	商品 / 商品参数 / 平台商品参数	平台商品参数	编辑	U	菜单权限	systemStoreParameterTemplateUpdate
平台后台	商品 / 商品参数 / 平台商品参数	平台商品参数	删除属性	D	菜单权限	systemStoreParameterTemplateDeleteValue
平台后台	商品 / 商品参数 / 店铺商品参数	店铺商品参数	商户参数模板	R	菜单权限	systemStoreParameterTemplateMerLst
平台后台	商品 / 商品标签	商品标签	列表	R	菜单权限	systemStoreProductLabelLst
平台后台	商品 / 商品标签	商品标签	添加	C	菜单权限	systemStoreProductLabelCreate
平台后台	商品 / 商品标签	商品标签	编辑	U	菜单权限	systemStoreProductLabelUpdate
平台后台	商品 / 商品标签	商品标签	详情	R	菜单权限	systemStoreProductLabelDetail
平台后台	商品 / 商品标签	商品标签	删除	D	菜单权限	systemStoreProductLabelDelete
平台后台	商品 / 商品标签	商品标签	修改状态	U	菜单权限	systemStoreProductLabelStatus
平台后台	商品 / 商品管理	商品管理	统计	R	菜单权限	systemStoreProductLstFilter
平台后台	商品 / 商品管理	商品管理	列表	R	菜单权限	systemStoreProductLst
平台后台	商品 / 商品管理	商品管理	详情	R	菜单权限	systemStoreProductDetail
平台后台	商品 / 商品管理	商品管理	编辑	U	菜单权限	systemStoreProductUpdate
平台后台	商品 / 商品管理	商品管理	上下架	U	菜单权限	systemStoreProductSwitchStatus
平台后台	商品 / 商品管理	商品管理	分销状态变更商品检测	U	菜单权限	systemStoreProductCheck
平台后台	商品 / 商品管理	商品管理	显示/隐藏	U	菜单权限	systemStoreProductChangeUsed
平台后台	商品 / 商品管理	商品管理	虚拟销量	C	菜单权限	systemStoreProductAddFicti
平台后台	商品 / 商品管理	商品管理	设置标签	U	菜单权限	systemStoreProductLabels
平台后台	商品 / 商品管理	商品管理	批量上下架	U	菜单权限	systemStoreProductSwitchBatchStatus
平台后台	商品 / 商品管理	商品管理	批量设置标签	U	菜单权限	systemStoreProductSwitchBatchLabels
平台后台	商品 / 商品管理	商品管理	批量设置推荐	U	菜单权限	systemStoreProductSwitchBatchHot
平台后台	商品 / 商品管理	商品管理	获取商品操作记录	R	菜单权限	systemStoreProductGetOperateList
平台后台	商品 / 商品管理	商品管理	获取自营商品列表	R	菜单权限	systemStoreProductGetSelfProductList
平台后台	商品 / 商品管理	商品管理	批量设置分类推荐	U	菜单权限	systemStoreProductSwitchBatchCateHot
平台后台	商品 / 商品管理	商品管理	批量复制商品到店铺	C	菜单权限	systemStoreProductBatchCopy
平台后台	商品 / 商品管理	商品管理	统计	R	菜单权限	systemStoreProductLstFilter
平台后台	商品 / 商品管理	商品管理	列表	R	菜单权限	systemStoreProductLst
平台后台	商品 / 商品管理	商品管理	详情	R	菜单权限	systemStoreProductDetail
平台后台	商品 / 商品管理	商品管理	编辑	U	菜单权限	systemStoreProductUpdate
平台后台	商品 / 商品管理	商品管理	上下架	U	菜单权限	systemStoreProductSwitchStatus
平台后台	商品 / 商品管理	商品管理	批量上下架	U	菜单权限	systemStoreProductSwitchBatchStatus
平台后台	商品 / 商品管理	商品管理	批量设置标签	U	菜单权限	systemStoreProductSwitchBatchLabels
平台后台	商品 / 商品管理	商品管理	批量设置推荐	U	菜单权限	systemStoreProductSwitchBatchHot
平台后台	商品 / 商品管理	商品管理	批量设置分类推荐	U	菜单权限	systemStoreProductSwitchBatchCateHot
平台后台	商品 / 商品管理	商品管理	分销状态变更商品检测	U	菜单权限	systemStoreProductCheck
平台后台	商品 / 商品管理	商品管理	显示/隐藏	U	菜单权限	systemStoreProductChangeUsed
平台后台	商品 / 商品管理	商品管理	虚拟销量	C	菜单权限	systemStoreProductAddFicti
平台后台	商品 / 商品管理	商品管理	设置标签	U	菜单权限	systemStoreProductLabels
平台后台	商品 / 商品管理	商品管理	获取商品操作记录	R	菜单权限	systemStoreProductGetOperateList
平台后台	商品 / 商品管理	商品管理	获取自营商品列表	R	菜单权限	systemStoreProductGetSelfProductList
平台后台	商品 / 商品管理	商品管理	批量复制商品到店铺	C	菜单权限	systemStoreProductBatchCopy
平台后台	商品 / 商品管理	商品管理	统计	R	菜单权限	systemStoreProductLstFilter
平台后台	商品 / 商品管理	商品管理	列表	R	菜单权限	systemStoreProductLst
平台后台	商品 / 商品管理	商品管理	详情	R	菜单权限	systemStoreProductDetail
平台后台	商品 / 商品管理	商品管理	编辑	U	菜单权限	systemStoreProductUpdate
平台后台	商品 / 商品管理	商品管理	上下架	U	菜单权限	systemStoreProductSwitchStatus
平台后台	商品 / 商品管理	商品管理	批量上下架	U	菜单权限	systemStoreProductSwitchBatchStatus
平台后台	商品 / 商品管理	商品管理	批量设置标签	U	菜单权限	systemStoreProductSwitchBatchLabels
平台后台	商品 / 商品管理	商品管理	批量设置推荐	U	菜单权限	systemStoreProductSwitchBatchHot
平台后台	商品 / 商品管理	商品管理	批量设置分类推荐	U	菜单权限	systemStoreProductSwitchBatchCateHot
平台后台	商品 / 商品管理	商品管理	分销状态变更商品检测	U	菜单权限	systemStoreProductCheck
平台后台	商品 / 商品管理	商品管理	显示/隐藏	U	菜单权限	systemStoreProductChangeUsed
平台后台	商品 / 商品管理	商品管理	虚拟销量	C	菜单权限	systemStoreProductAddFicti
平台后台	商品 / 商品管理	商品管理	设置标签	U	菜单权限	systemStoreProductLabels
平台后台	商品 / 商品管理	商品管理	获取商品操作记录	R	菜单权限	systemStoreProductGetOperateList
平台后台	商品 / 商品管理	商品管理	获取自营商品列表	R	菜单权限	systemStoreProductGetSelfProductList
平台后台	商品 / 商品管理	商品管理	批量复制商品到店铺	C	菜单权限	systemStoreProductBatchCopy
平台后台	商品 / 活动标签	活动标签	(页面入口)	R	待补	
平台后台	商品 / 评论管理	评论管理	列表	R	菜单权限	systemProductReplyLst
平台后台	商品 / 评论管理	评论管理	添加虚拟评论	C	菜单权限	systemProductReplyCreate
平台后台	商品 / 评论管理	评论管理	排序	U	菜单权限	systemProductReplySort
平台后台	商品 / 评论管理	评论管理	删除	D	菜单权限	systemProductReplyDelete
平台后台	商品 / 评论管理	评论管理	上传图片	C	菜单权限	uploadImage
平台后台	商品 / 评论管理	评论管理	图片列表	R	菜单权限	systemAttachmentLst
平台后台	客服	客服	用户与商户聊天记录	R	路由	adminServiceMerchantUserLogLst
平台后台	客服	客服	列表	R	路由	adminServiceReplyLst
平台后台	客服	客服	添加	C	路由	adminServiceReplyCreate
平台后台	客服	客服	编辑	U	路由	adminServiceReplyUpdate
平台后台	客服 / 客服列表	客服列表	列表	R	菜单权限	adminServiceLst
平台后台	客服 / 客服列表	客服列表	登录	O	菜单权限	adminServiceLogin
平台后台	客服 / 客服列表	客服列表	添加	C	菜单权限	adminServiceCreate
平台后台	客服 / 客服列表	客服列表	编辑	U	菜单权限	adminServiceUpdate
平台后台	客服 / 客服列表	客服列表	修改状态	U	菜单权限	adminServiceSwitchStatus
平台后台	客服 / 客服列表	客服列表	删除	D	菜单权限	adminServiceDelete
平台后台	客服 / 客服列表	客服列表	客服的全部用户 	O	菜单权限	adminServiceServiceUserList
平台后台	客服 / 客服列表	客服列表	用户与客服聊天记录	R	菜单权限	adminServiceServiceUserLogLst
平台后台	客服 / 客服列表	客服列表	客服的聊天用户列表	R	菜单权限	adminServiceServiceMerchantUserList
平台后台	客服 / 客服列表	客服列表	用户与商户聊天记录	R	菜单权限	adminServiceMerchantUserLogLst
平台后台	客服 / 客服自动回复	客服自动回复	列表	R	菜单权限	adminServiceReplyLst
平台后台	客服 / 客服自动回复	客服自动回复	添加	C	菜单权限	adminServiceReplyCreate
平台后台	客服 / 客服自动回复	客服自动回复	编辑	U	菜单权限	adminServiceReplyUpdate
平台后台	客服 / 客服自动回复	客服自动回复	切换状态	U	菜单权限	adminServiceReplyStatus
平台后台	客服 / 客服自动回复	客服自动回复	删除	D	菜单权限	adminServiceReplyDelete
平台后台	客服 / 客服设置	客服设置	编辑配置信息	CU	菜单权限	configSave
平台后台	应用	应用	(页面入口)	R	待补	
平台后台	应用 / 公众号	公众号	微信菜单配置	R	路由	wechatMenu
平台后台	应用 / 公众号	公众号	保存微信菜单配置	C	路由	saveWechatMenu
平台后台	应用 / 公众号	公众号	详情	R	路由	wechatReplyInfo
平台后台	应用 / 公众号	公众号	编辑	CU	路由	saveWechatReply
平台后台	应用 / 公众号	公众号	添加	C	路由	createWechatReply
平台后台	应用 / 公众号	公众号	修改	U	路由	updateWechatReply
平台后台	应用 / 公众号	公众号	列表	R	路由	wechatReplyLst
平台后台	应用 / 公众号	公众号	删除	D	路由	wechatReplyDelete
平台后台	应用 / 公众号	公众号	修改状态	U	路由	wechatReplyStatus
平台后台	应用 / 公众号 / 图文管理	图文管理	添加	C	菜单权限	systemWechatNewsCreate
平台后台	应用 / 公众号 / 图文管理	图文管理	编辑	U	菜单权限	systemWechatNewsUpdate
平台后台	应用 / 公众号 / 图文管理	图文管理	删除	D	菜单权限	systemWechatNewsDelete
平台后台	应用 / 公众号 / 图文管理	图文管理	列表	R	菜单权限	systemWechatNewsLst
平台后台	应用 / 公众号 / 图文管理	图文管理	详情	R	菜单权限	systemWechatNewsDetail
平台后台	应用 / 公众号 / 图文管理	图文管理	上传图片	C	菜单权限	uploadImage
平台后台	应用 / 公众号 / 图文管理	图文管理	图片列表	R	菜单权限	systemAttachmentLst
平台后台	应用 / 公众号 / 微信模板消息	微信模板消息	同步	U	菜单权限	systemTemplateMessageSync
平台后台	应用 / 公众号 / 微信模板消息	微信模板消息	列表	R	菜单权限	systemTemplateMessageLst
平台后台	应用 / 公众号 / 微信模板消息	微信模板消息	添加	C	菜单权限	systemTemplateMessageCreate
平台后台	应用 / 公众号 / 微信模板消息	微信模板消息	编辑	U	菜单权限	systemTemplateMessageUpdate
平台后台	应用 / 公众号 / 微信模板消息	微信模板消息	删除	D	菜单权限	systemTemplateMessageDelete
平台后台	应用 / 公众号 / 微信模板消息	微信模板消息	修改状态	U	菜单权限	systemTemplateMessageSwitchStatus
平台后台	应用 / 公众号 / 微信菜单	微信菜单	微信菜单配置	U	菜单权限	wechatMenu
平台后台	应用 / 公众号 / 微信菜单	微信菜单	保存微信菜单配置	CU	菜单权限	saveWechatMenu
平台后台	应用 / 公众号 / 自动回复	自动回复	详情	R	菜单权限	wechatReplyInfo
平台后台	应用 / 公众号 / 自动回复	自动回复	编辑	CU	菜单权限	saveWechatReply
平台后台	应用 / 公众号 / 自动回复	自动回复	添加	C	菜单权限	createWechatReply
平台后台	应用 / 公众号 / 自动回复	自动回复	修改	U	菜单权限	updateWechatReply
平台后台	应用 / 公众号 / 自动回复	自动回复	列表	R	菜单权限	wechatReplyLst
平台后台	应用 / 公众号 / 自动回复	自动回复	删除	D	菜单权限	wechatReplyDelete
平台后台	应用 / 公众号 / 自动回复	自动回复	修改状态	U	菜单权限	wechatReplyStatus
平台后台	应用 / 公众号 / 自动回复	自动回复	上传图片	C	菜单权限	wechatUploadImage
平台后台	应用 / 公众号 / 自动回复	自动回复	上传语音	C	菜单权限	wechatUploadVoice
平台后台	应用 / 公众号 / 自动回复 / 关键字回复	关键字回复	(页面入口)	R	待补	
平台后台	应用 / 公众号 / 自动回复 / 微信关注回复	微信关注回复	(页面入口)	R	待补	
平台后台	应用 / 公众号 / 自动回复 / 无效关键词回复	无效关键词回复	(页面入口)	R	待补	
平台后台	应用 / 小程序	小程序	小程序配置	R	路由	configRoutineConfig
平台后台	应用 / 小程序	小程序	小程序下载	R	路由	configRoutineDownload
平台后台	应用 / 小程序 / 小程序下载	小程序下载	小程序下载	R	菜单权限	configRoutineDownload
平台后台	应用 / 小程序 / 小程序订阅消息	小程序订阅消息	同步	U	菜单权限	systemTemplateMessageMinSync
平台后台	应用 / 小程序 / 小程序订阅消息	小程序订阅消息	列表 	R	菜单权限	systemTemplateMessageMinList
平台后台	应用 / 小程序 / 小程序订阅消息	小程序订阅消息	添加	C	菜单权限	systemTemplateMessageMinCreate
平台后台	应用 / 小程序 / 小程序订阅消息	小程序订阅消息	编辑	U	菜单权限	systemTemplateMessageMinUpdate
平台后台	应用 / 小程序 / 小程序订阅消息	小程序订阅消息	删除	D	菜单权限	systemTemplateMessageMinDelete
平台后台	应用 / 小程序 / 小程序订阅消息	小程序订阅消息	修改状态	U	菜单权限	systemTemplateMessageMinSwitchStatus
平台后台	店铺	店铺	分账商户申请备注	C	路由	systemMerchantApplymentsMarrkSave
平台后台	店铺	店铺	列表	R	路由	systemOrderProfitsharingLst
平台后台	店铺 / 区域代理	区域代理	(页面入口)	R	待补	
平台后台	店铺 / 区域代理 / 代理人员	代理人员	商圈代理添加	C	菜单权限	systemCircleAgentCreate
平台后台	店铺 / 区域代理 / 代理人员	代理人员	商圈代理编辑	U	菜单权限	systemCircleAgentUpdate
平台后台	店铺 / 区域代理 / 代理人员	代理人员	商圈代理删除	D	菜单权限	systemCircleAgentDelete
平台后台	店铺 / 区域代理 / 代理人员	代理人员	关联商户列表	R	菜单权限	systemCircleAgentMerchant
平台后台	店铺 / 区域代理 / 代理人员	代理人员	代理选项	O	菜单权限	systemCircleAgentOptions
平台后台	店铺 / 区域代理 / 代理人员	代理人员	重置密码	O	菜单权限	systemCircleAgentResetPassword
平台后台	店铺 / 区域代理 / 代理审核	代理审核	商圈代理审核	U	菜单权限	systemCircleAgentAudit
平台后台	店铺 / 区域代理 / 代理设置	代理设置	(页面入口)	R	待补	
平台后台	店铺 / 区域代理 / 区域列表	区域列表	商圈列表	R	菜单权限	systemCircleList
平台后台	店铺 / 区域代理 / 区域列表	区域列表	商圈详情	R	菜单权限	systemCircleDetail
平台后台	店铺 / 区域代理 / 区域列表	区域列表	商圈添加	C	菜单权限	systemCircleCreate
平台后台	店铺 / 区域代理 / 区域列表	区域列表	商圈编辑	U	菜单权限	systemCircleUpdate
平台后台	店铺 / 区域代理 / 区域列表	区域列表	商圈删除	D	菜单权限	systemCircleDelete
平台后台	店铺 / 区域代理 / 区域列表	区域列表	商圈状态切换	U	菜单权限	systemCircleSwitch
平台后台	店铺 / 区域代理 / 区域列表	区域列表	关联商户列表	R	菜单权限	systemCircleMerchantList
平台后台	店铺 / 商户管理	商户管理	分账商户申请备注	C	路由	systemMerchantApplymentsMarrkSave
平台后台	店铺 / 商户管理	商户管理	列表	R	路由	systemOrderProfitsharingLst
平台后台	店铺 / 商户管理 / 商户入驻审核	商户入驻审核	商圈代理审核	U	菜单权限	systemCircleAgentAudit
平台后台	店铺 / 商户管理 / 商户列表	商户列表	商圈列表	R	菜单权限	systemCircleList
平台后台	店铺 / 商户管理 / 商户列表	商户列表	商圈详情	R	菜单权限	systemCircleDetail
平台后台	店铺 / 商户管理 / 商户列表	商户列表	商圈添加	C	菜单权限	systemCircleCreate
平台后台	店铺 / 商户管理 / 商户列表	商户列表	商圈编辑	U	菜单权限	systemCircleUpdate
平台后台	店铺 / 商户管理 / 商户列表	商户列表	商圈删除	D	菜单权限	systemCircleDelete
平台后台	店铺 / 商户管理 / 商户列表	商户列表	商圈状态切换	U	菜单权限	systemCircleSwitch
平台后台	店铺 / 商户管理 / 商户列表	商户列表	关联商户列表	R	菜单权限	systemCircleMerchantList
平台后台	店铺 / 商户管理 / 商户管理员	商户管理员	商圈代理添加	C	菜单权限	systemCircleAgentCreate
平台后台	店铺 / 商户管理 / 商户管理员	商户管理员	商圈代理编辑	U	菜单权限	systemCircleAgentUpdate
平台后台	店铺 / 商户管理 / 商户管理员	商户管理员	商圈代理删除	D	菜单权限	systemCircleAgentDelete
平台后台	店铺 / 商户管理 / 商户管理员	商户管理员	关联商户列表	R	菜单权限	systemCircleAgentMerchant
平台后台	店铺 / 商户管理 / 商户管理员	商户管理员	代理选项	O	菜单权限	systemCircleAgentOptions
平台后台	店铺 / 商户管理 / 商户管理员	商户管理员	重置密码	O	菜单权限	systemCircleAgentResetPassword
平台后台	店铺 / 商户管理 / 商户设置	商户设置	(页面入口)	R	待补	
平台后台	店铺 / 店铺管理	店铺管理	(页面入口)	R	待补	
平台后台	店铺 / 店铺管理 / 商户列表	商户列表	虚拟关注量	O	菜单权限	systemMerchantCareFicti
平台后台	店铺 / 店铺管理 / 商户列表	商户列表	商户列表	CR	菜单权限	systemMerchantCreateForm
平台后台	店铺 / 店铺管理 / 商户列表	商户列表	商户列表统计	R	菜单权限	systemMerchantCount
平台后台	店铺 / 店铺管理 / 商户列表	商户列表	商户列表	R	菜单权限	systemMerchantLst
平台后台	店铺 / 店铺管理 / 商户列表	商户列表	商户添加	C	菜单权限	systemMerchantCreate
平台后台	店铺 / 店铺管理 / 商户列表	商户列表	商户编辑	U	菜单权限	systemMerchantUpdate
平台后台	店铺 / 店铺管理 / 商户列表	商户列表	商户修改推荐	U	菜单权限	systemMerchantStatus
平台后台	店铺 / 店铺管理 / 商户列表	商户列表	商户开启/关闭	O	菜单权限	systemMerchantClose
平台后台	店铺 / 店铺管理 / 商户列表	商户列表	商户删除	D	菜单权限	systemMerchantDelete
平台后台	店铺 / 店铺管理 / 商户列表	商户列表	商户修改密码	U	菜单权限	systemMerchantAdminPassword
平台后台	店铺 / 店铺管理 / 商户列表	商户列表	商户登录	O	菜单权限	systemMerchantLogin
平台后台	店铺 / 店铺管理 / 商户列表	商户列表	修改采集商品次数	CU	菜单权限	systemMerchantChangeCopy
平台后台	店铺 / 店铺管理 / 商户列表	商户列表	详情	R	菜单权限	systemMerchantDetail
平台后台	店铺 / 店铺管理 / 商户列表	商户列表	操作日志	R	菜单权限	systemMerchantOperateList
平台后台	店铺 / 店铺管理 / 商户列表	商户列表	上传图片	C	菜单权限	uploadImage
平台后台	店铺 / 店铺管理 / 商户列表	商户列表	图片列表	R	菜单权限	systemAttachmentLst
平台后台	店铺 / 店铺管理 / 商户列表	商户列表	商户添加店铺	C	菜单权限	systemMerchantBusinessCreate
平台后台	店铺 / 店铺管理 / 店铺入驻申请	店铺入驻申请	列表	R	菜单权限	systemMerchantIntentionLst
平台后台	店铺 / 店铺管理 / 店铺入驻申请	店铺入驻申请	审核	U	菜单权限	systemMerchantIntentionStatus
平台后台	店铺 / 店铺管理 / 店铺入驻申请	店铺入驻申请	删除	D	菜单权限	systemMerchantIntentionDelete
平台后台	店铺 / 店铺管理 / 店铺入驻申请	店铺入驻申请	备注	U	菜单权限	systemMerchantIntentionMark
平台后台	店铺 / 店铺管理 / 店铺入驻申请	店铺入驻申请	列表	R	菜单权限	systemMerchantIntentionLst
平台后台	店铺 / 店铺管理 / 店铺入驻申请	店铺入驻申请	审核	U	菜单权限	systemMerchantIntentionStatus
平台后台	店铺 / 店铺管理 / 店铺入驻申请	店铺入驻申请	删除	D	菜单权限	systemMerchantIntentionDelete
平台后台	店铺 / 店铺管理 / 店铺入驻申请	店铺入驻申请	备注	U	菜单权限	systemMerchantIntentionMark
平台后台	店铺 / 店铺管理 / 店铺分类	店铺分类	商户分类列表	R	菜单权限	systemMerchantCategoryLst
平台后台	店铺 / 店铺管理 / 店铺分类	店铺分类	商户分类添加	C	菜单权限	systemMerchantCategoryCreate
平台后台	店铺 / 店铺管理 / 店铺分类	店铺分类	商户分类删除	D	菜单权限	systemMerchantCategoryDelete
平台后台	店铺 / 店铺管理 / 店铺分类	店铺分类	商户分类编辑	U	菜单权限	systemMerchantCategoryUpdate
平台后台	店铺 / 店铺管理 / 店铺分组	店铺分组	添加	C	菜单权限	systemMerchantRegionCreate
平台后台	店铺 / 店铺管理 / 店铺分组	店铺分组	编辑	U	菜单权限	systemMerchantRegionUpdate
平台后台	店铺 / 店铺管理 / 店铺分组	店铺分组	列表	R	菜单权限	systemMerchantRegionLst
平台后台	店铺 / 店铺管理 / 店铺分组	店铺分组	删除	D	菜单权限	systemMerchantRegionDelete
平台后台	店铺 / 店铺管理 / 店铺分组	店铺分组	列表	R	菜单权限	systemStoreGroupLst
平台后台	店铺 / 店铺管理 / 店铺分组	店铺分组	详情	R	菜单权限	systemStoreGroupDetail
平台后台	店铺 / 店铺管理 / 店铺分组	店铺分组	添加	C	菜单权限	systemStoreGroupCreate
平台后台	店铺 / 店铺管理 / 店铺分组	店铺分组	编辑	U	菜单权限	systemStoreGroupUpdate
平台后台	店铺 / 店铺管理 / 店铺分组	店铺分组	删除	D	菜单权限	systemStoreGroupDelete
平台后台	店铺 / 店铺管理 / 店铺分组	店铺分组	状态切换	U	菜单权限	systemStoreGroupSwitchStatus
平台后台	店铺 / 店铺管理 / 店铺分组	店铺分组	设置店铺分组模板	U	菜单权限	systemStoreGroupSetTemplate
平台后台	店铺 / 店铺管理 / 店铺分组	店铺分组	关联店铺列表	R	菜单权限	systemStoreGroupStores
平台后台	店铺 / 店铺管理 / 店铺分账申请	店铺分账申请	分账商户申请列表	CR	菜单权限	systemMerchantApplymentsLst
平台后台	店铺 / 店铺管理 / 店铺分账申请	店铺分账申请	分账商户申请详情	CR	菜单权限	systemMerchantApplymentsDetail
平台后台	店铺 / 店铺管理 / 店铺分账申请	店铺分账申请	分账商户申请审核	CU	菜单权限	systemMerchantApplymentsStatus
平台后台	店铺 / 店铺管理 / 店铺分账申请	店铺分账申请	分账商户申请备注	CU	菜单权限	systemMerchantApplymentsMarrkSave
平台后台	店铺 / 店铺管理 / 店铺列表	店铺列表	商户列表	CR	菜单权限	systemMerchantCreateForm
平台后台	店铺 / 店铺管理 / 店铺列表	店铺列表	商户列表统计	R	菜单权限	systemMerchantCount
平台后台	店铺 / 店铺管理 / 店铺列表	店铺列表	商户列表	R	菜单权限	systemMerchantLst
平台后台	店铺 / 店铺管理 / 店铺列表	店铺列表	商户添加	C	菜单权限	systemMerchantCreate
平台后台	店铺 / 店铺管理 / 店铺列表	店铺列表	商户编辑	U	菜单权限	systemMerchantUpdate
平台后台	店铺 / 店铺管理 / 店铺列表	店铺列表	商户修改推荐	U	菜单权限	systemMerchantStatus
平台后台	店铺 / 店铺管理 / 店铺列表	店铺列表	商户开启/关闭	O	菜单权限	systemMerchantClose
平台后台	店铺 / 店铺管理 / 店铺列表	店铺列表	商户删除	D	菜单权限	systemMerchantDelete
平台后台	店铺 / 店铺管理 / 店铺列表	店铺列表	商户修改密码	U	菜单权限	systemMerchantAdminPassword
平台后台	店铺 / 店铺管理 / 店铺列表	店铺列表	商户登录	O	菜单权限	systemMerchantLogin
平台后台	店铺 / 店铺管理 / 店铺列表	店铺列表	修改采集商品次数	CU	菜单权限	systemMerchantChangeCopy
平台后台	店铺 / 店铺管理 / 店铺列表	店铺列表	上传图片	C	菜单权限	uploadImage
平台后台	店铺 / 店铺管理 / 店铺列表	店铺列表	图片列表	R	菜单权限	systemAttachmentLst
平台后台	店铺 / 店铺管理 / 店铺列表	店铺列表	详情	R	菜单权限	systemMerchantDetail
平台后台	店铺 / 店铺管理 / 店铺列表	店铺列表	操作日志	R	菜单权限	systemMerchantOperateList
平台后台	店铺 / 店铺管理 / 店铺列表	店铺列表	虚拟关注量	O	菜单权限	systemMerchantCareFicti
平台后台	店铺 / 店铺管理 / 店铺列表	店铺列表	商户添加店铺	C	菜单权限	systemMerchantBusinessCreate
平台后台	店铺 / 店铺管理 / 店铺列表	店铺列表	虚拟关注量	O	菜单权限	systemMerchantCareFicti
平台后台	店铺 / 店铺管理 / 店铺列表	店铺列表	店铺列表	CR	菜单权限	systemMerchantCreateForm
平台后台	店铺 / 店铺管理 / 店铺列表	店铺列表	店铺列表统计	R	菜单权限	systemMerchantCount
平台后台	店铺 / 店铺管理 / 店铺列表	店铺列表	店铺列表	R	菜单权限	systemMerchantLst
平台后台	店铺 / 店铺管理 / 店铺列表	店铺列表	店铺添加	C	菜单权限	systemMerchantCreate
平台后台	店铺 / 店铺管理 / 店铺列表	店铺列表	店铺编辑	U	菜单权限	systemMerchantUpdate
平台后台	店铺 / 店铺管理 / 店铺列表	店铺列表	店铺修改推荐	U	菜单权限	systemMerchantStatus
平台后台	店铺 / 店铺管理 / 店铺列表	店铺列表	店铺开启/关闭	O	菜单权限	systemMerchantClose
平台后台	店铺 / 店铺管理 / 店铺列表	店铺列表	店铺删除	D	菜单权限	systemMerchantDelete
平台后台	店铺 / 店铺管理 / 店铺列表	店铺列表	店铺修改密码	U	菜单权限	systemMerchantAdminPassword
平台后台	店铺 / 店铺管理 / 店铺列表	店铺列表	店铺登录	O	菜单权限	systemMerchantLogin
平台后台	店铺 / 店铺管理 / 店铺列表	店铺列表	修改采集商品次数	CU	菜单权限	systemMerchantChangeCopy
平台后台	店铺 / 店铺管理 / 店铺列表	店铺列表	详情	R	菜单权限	systemMerchantDetail
平台后台	店铺 / 店铺管理 / 店铺列表	店铺列表	操作日志	R	菜单权限	systemMerchantOperateList
平台后台	店铺 / 店铺管理 / 店铺列表	店铺列表	商户添加店铺	C	菜单权限	systemMerchantBusinessCreate
平台后台	店铺 / 店铺管理 / 店铺列表	店铺列表	上传图片	C	菜单权限	uploadImage
平台后台	店铺 / 店铺管理 / 店铺列表	店铺列表	图片列表	R	菜单权限	systemAttachmentLst
平台后台	店铺 / 店铺管理 / 店铺类型	店铺类型	列表	R	菜单权限	systemMerchantTypeLst
平台后台	店铺 / 店铺管理 / 店铺类型	店铺类型	添加	C	菜单权限	systemMerchantTypeCreate
平台后台	店铺 / 店铺管理 / 店铺类型	店铺类型	编辑	U	菜单权限	systemMerchantTypeUpdate
平台后台	店铺 / 店铺管理 / 店铺类型	店铺类型	删除	D	菜单权限	systemMerchantTypeDelete
平台后台	店铺 / 店铺管理 / 店铺类型	店铺类型	备注	U	菜单权限	systemMerchantTypeMark
平台后台	店铺 / 店铺管理 / 店铺类型	店铺类型	备注	RU	菜单权限	systemMerchantTypeDetail
平台后台	店铺 / 店铺设置	店铺设置	(页面入口)	R	待补	
平台后台	店铺 / 店铺设置 / 保证金配置	保证金配置	编辑配置信息	CU	菜单权限	configSave
平台后台	店铺 / 店铺设置 / 店铺保证金	店铺保证金	缴纳记录	R	菜单权限	systemMerchantMarginLst
平台后台	店铺 / 店铺设置 / 店铺保证金	店铺保证金	扣费记录	R	菜单权限	systemMarginList
平台后台	店铺 / 店铺设置 / 店铺保证金	店铺保证金	扣除保证金	O	菜单权限	systemMarginSet
平台后台	店铺 / 店铺设置 / 店铺保证金	店铺保证金	退款申请列表	CRD	菜单权限	systemMarginRefundList
平台后台	店铺 / 店铺设置 / 店铺保证金	店铺保证金	退款申请详情	CRUD	菜单权限	systemMarginRefundShow
平台后台	店铺 / 店铺设置 / 店铺保证金	店铺保证金	审核	U	菜单权限	systemMarginRefundSwitchStatus
平台后台	店铺 / 店铺设置 / 店铺保证金	店铺保证金	备注	U	菜单权限	systemMarginRefundMark
平台后台	店铺 / 店铺设置 / 店铺保证金	店铺保证金	待缴列表	R	菜单权限	systemMarginMakeUpMarginLst
平台后台	店铺 / 店铺设置 / 店铺菜单	店铺菜单	商户菜单/权限列表	R	菜单权限	systemMerchantMenuGetLst
平台后台	店铺 / 店铺设置 / 店铺菜单	店铺菜单	商户菜单/权限添加	C	菜单权限	systemMerchantMenuCreate
平台后台	店铺 / 店铺设置 / 店铺菜单	店铺菜单	商户菜单/权限编辑	U	菜单权限	systemMerchantMenuUpdate
平台后台	店铺 / 店铺设置 / 店铺菜单	店铺菜单	商户菜单/权限删除	D	菜单权限	systemMerchantMenuDelete
平台后台	店铺 / 店铺设置 / 说明提示	说明提示	店铺类型说明 	C	菜单权限	systemAgreeSave
平台后台	用户	用户	详情关联列表	R	路由	systemCouponShowLst
平台后台	用户	用户	发送优惠券	C	路由	systemCouponSend
平台后台	用户	用户	批量设置分销员	R	路由	getMemberLevelBatchSpreadForm
平台后台	用户	用户	批量设置分销员	R	路由	getMemberLevelBatchSpread
平台后台	用户	用户	用户搜索记录	R	路由	systemUserSearchLog
平台后台	用户	用户	清除用户搜索记录	R	路由	systemUserClearSearchLog
平台后台	用户	用户	用户搜索记录导出	R	路由	systemUserExportSearchLog
平台后台	用户 / 付费会员	付费会员	(页面入口)	R	待补	
平台后台	用户 / 付费会员 / 付费会员配置	付费会员配置	编辑配置信息	CU	菜单权限	configSave
平台后台	用户 / 付费会员 / 会员协议	会员协议	(页面入口)	R	待补	
平台后台	用户 / 付费会员 / 会员权益	会员权益	列表	R	菜单权限	systemUserSvipInterestsLst
平台后台	用户 / 付费会员 / 会员权益	会员权益	编辑	U	菜单权限	systemUserSvipInterestsUpdate
平台后台	用户 / 付费会员 / 会员权益	会员权益	编辑状态	U	菜单权限	systemUserSvipInterestsStatus
平台后台	用户 / 付费会员 / 会员权益	会员权益	上传图片	C	菜单权限	uploadImage
平台后台	用户 / 付费会员 / 会员权益	会员权益	图片列表	R	菜单权限	systemAttachmentLst
平台后台	用户 / 付费会员 / 会员类型	会员类型	列表	R	菜单权限	systemUserSvipLst
平台后台	用户 / 付费会员 / 会员类型	会员类型	添加	C	菜单权限	systemUserSvipCreate
平台后台	用户 / 付费会员 / 会员类型	会员类型	编辑表单	U	菜单权限	systemUserSvipUpdateForm
平台后台	用户 / 付费会员 / 会员类型	会员类型	编辑	U	菜单权限	systemUserSvipTypeUpdate
平台后台	用户 / 付费会员 / 会员类型	会员类型	删除	D	菜单权限	systemUserSvipDelete
平台后台	用户 / 付费会员 / 会员类型	会员类型	修改状态	U	菜单权限	systemUserSvipStatus
平台后台	用户 / 付费会员 / 会员类型	会员类型	上传图片	C	菜单权限	uploadImage
平台后台	用户 / 付费会员 / 会员类型	会员类型	图片列表	R	菜单权限	systemAttachmentLst
平台后台	用户 / 付费会员 / 会员记录	会员记录	列表	R	路由	systemUserSvipPayLst
平台后台	用户 / 付费会员 / 会员记录	会员记录	统计	R	路由	systemUserSvipCountInfo
平台后台	用户 / 付费会员 / 会员记录	会员记录	列表	R	路由	systemUserSvipInterestsLst
平台后台	用户 / 付费会员 / 会员记录	会员记录	编辑	U	路由	systemUserSvipInterestsUpdateForm
平台后台	用户 / 搜索记录	搜索记录	用户搜索记录	R	菜单权限	systemUserSearchLog
平台后台	用户 / 搜索记录	搜索记录	用户搜索记录导出	R	菜单权限	systemUserExportSearchLog
平台后台	用户 / 搜索记录	搜索记录	导出列表	R	菜单权限	systemStoreExcelLst
平台后台	用户 / 搜索记录	搜索记录	导出下载	R	菜单权限	systemStoreExcelDownload
平台后台	用户 / 搜索记录	搜索记录	清除用户搜索记录	RD	菜单权限	systemUserClearSearchLog
平台后台	用户 / 用户分组	用户分组	用户分组列表	R	菜单权限	systemUserGroupLst
平台后台	用户 / 用户分组	用户分组	用户分组添加	C	菜单权限	systemUserGroupCreate
平台后台	用户 / 用户分组	用户分组	用户分组删除	D	菜单权限	systemUserGroupDelete
平台后台	用户 / 用户分组	用户分组	用户分组编辑	U	菜单权限	systemUserGroupUpdate
平台后台	用户 / 用户列表	用户列表	发送优惠券	C	菜单权限	systemCouponSend
平台后台	用户 / 用户列表	用户列表	用户列表	R	菜单权限	systemUserLst
平台后台	用户 / 用户列表	用户列表	用户编辑	U	菜单权限	systemUserUpdate
平台后台	用户 / 用户列表	用户列表	用户修改余额	U	菜单权限	systemUserChangeNowMoney
平台后台	用户 / 用户列表	用户列表	用户修改积分	U	菜单权限	systemUserChangeIntegral
平台后台	用户 / 用户列表	用户列表	用户发送图文	C	菜单权限	systemWechatUserSendNews
平台后台	用户 / 用户列表	用户列表	用户详情	R	菜单权限	systemUserDetail
平台后台	用户 / 用户列表	用户列表	用户消费记录	R	菜单权限	systemUserOrder
平台后台	用户 / 用户列表	用户列表	用户持有优惠券	O	菜单权限	systemUserCoupon
平台后台	用户 / 用户列表	用户列表	用户余额变动列表	R	菜单权限	systemUserBill
平台后台	用户 / 用户列表	用户列表	推荐人修改记录	RU	菜单权限	systemUserSpreadLog
平台后台	用户 / 用户列表	用户列表	修改推荐人	RU	菜单权限	systemUserSpreadChange
平台后台	用户 / 用户列表	用户列表	用户修改会员等级	CU	菜单权限	systemUserMemberSave
平台后台	用户 / 用户列表	用户列表	用户添加	C	菜单权限	systemUserCreate
平台后台	用户 / 用户列表	用户列表	用户修改密码	U	菜单权限	systemUserChangePassword
平台后台	用户 / 用户列表	用户列表	用户分组编辑	U	菜单权限	systemUserChangeGroup
平台后台	用户 / 用户列表	用户列表	用户分组批量编辑	U	菜单权限	systemUserBatchChangeGroup
平台后台	用户 / 用户列表	用户列表	用户标签编辑	U	菜单权限	systemUserChangeLabel
平台后台	用户 / 用户列表	用户列表	用户标签批量编辑	U	菜单权限	systemUserBatchChangeLabel
平台后台	用户 / 用户列表	用户列表	优惠券列表	R	菜单权限	systemCouponList
平台后台	用户 / 用户列表	用户列表	上传图片	C	菜单权限	uploadImage
平台后台	用户 / 用户列表	用户列表	图片列表	R	菜单权限	systemAttachmentLst
平台后台	用户 / 用户列表	用户列表	用户标签编辑	U	菜单权限	systemUserSvipUpdate
平台后台	用户 / 用户列表	用户列表	积分记录	R	菜单权限	systemUserIntegralList
平台后台	用户 / 用户列表	用户列表	签到记录	R	菜单权限	systemUserSginLog
平台后台	用户 / 用户列表	用户列表	浏览记录	R	菜单权限	systemUserHistory
平台后台	用户 / 用户列表	用户列表	用户信息导出	R	菜单权限	systemUserExcel
平台后台	用户 / 用户列表	用户列表	批量设置分销员	RU	菜单权限	getMemberLevelBatchSpread
平台后台	用户 / 用户协议	用户协议	用户协议	C	菜单权限	systemAgreeSave
平台后台	用户 / 用户反馈	用户反馈	修改状态	U	路由	systemUserFeedBackCategorySwitchStatus
平台后台	用户 / 用户反馈	用户反馈	删除	D	路由	systemUserFeedBackCategoryDelete
平台后台	用户 / 用户反馈	用户反馈	列表	R	路由	systemUserFeedBackLst
平台后台	用户 / 用户反馈	用户反馈	详情	R	路由	systemUserFeedBackDetail
平台后台	用户 / 用户反馈	用户反馈	回复表单	R	路由	systemUserFeedBackReplyForm
平台后台	用户 / 用户反馈 / 反馈分类	反馈分类	列表	R	菜单权限	systemUserFeedBackCategoryLst
平台后台	用户 / 用户反馈 / 反馈分类	反馈分类	添加	C	菜单权限	systemUserFeedBackCategoryCreate
平台后台	用户 / 用户反馈 / 反馈分类	反馈分类	编辑	U	菜单权限	systemUserFeedBackCategoryUpdate
平台后台	用户 / 用户反馈 / 反馈分类	反馈分类	修改状态	U	菜单权限	systemUserFeedBackCategorySwitchStatus
平台后台	用户 / 用户反馈 / 反馈分类	反馈分类	删除	D	菜单权限	systemUserFeedBackCategoryDelete
平台后台	用户 / 用户反馈 / 反馈列表	反馈列表	列表	R	菜单权限	systemUserFeedBackLst
平台后台	用户 / 用户反馈 / 反馈列表	反馈列表	详情	R	菜单权限	systemUserFeedBackDetail
平台后台	用户 / 用户反馈 / 反馈列表	反馈列表	回复	U	菜单权限	systemUserFeedBackReply
平台后台	用户 / 用户反馈 / 反馈列表	反馈列表	删除	D	菜单权限	systemUserFeedBackDelete
平台后台	用户 / 用户标签	用户标签	用户标签列表	R	菜单权限	systemUserLabelLst
平台后台	用户 / 用户标签	用户标签	用户标签添加	C	菜单权限	systemUserLabelCreate
平台后台	用户 / 用户标签	用户标签	用户标签删除	D	菜单权限	systemUserLabelDelete
平台后台	用户 / 用户标签	用户标签	用户标签编辑	U	菜单权限	systemUserLabelUpdate
平台后台	用户 / 用户等级	用户等级	删除	D	路由	systemUserSvipDelete
平台后台	用户 / 用户等级	用户等级	修改状态	U	路由	systemUserSvipStatus
平台后台	用户 / 用户等级 / 等级权益	等级权益	会员权益	R	菜单权限	systemUserMemberInterestsLst
平台后台	用户 / 用户等级 / 等级权益	等级权益	会员权益添加	C	菜单权限	systemUserMemberInterestsCreate
平台后台	用户 / 用户等级 / 等级权益	等级权益	会员权益编辑	U	菜单权限	systemUserMemberInterestsUpdate
平台后台	用户 / 用户等级 / 等级权益	等级权益	会员权益删除	D	菜单权限	systemUserMemberInterestsDelete
平台后台	用户 / 用户等级 / 等级权益	等级权益	上传图片	C	菜单权限	uploadImage
平台后台	用户 / 用户等级 / 等级权益	等级权益	图片列表	R	菜单权限	systemAttachmentLst
平台后台	用户 / 用户等级 / 等级管理	等级管理	普通会员等级列表	R	菜单权限	systemUserMemberLst
平台后台	用户 / 用户等级 / 等级管理	等级管理	普通会员等级添加	C	菜单权限	systemUserMemberCreate
平台后台	用户 / 用户等级 / 等级管理	等级管理	普通会员等级编辑	U	菜单权限	systemUserMemberUpdate
平台后台	用户 / 用户等级 / 等级管理	等级管理	普通会员等级删除	D	菜单权限	systemUserMemberDelete
平台后台	用户 / 用户等级 / 等级管理	等级管理	上传图片	C	菜单权限	uploadImage
平台后台	用户 / 用户等级 / 等级管理	等级管理	图片列表	R	菜单权限	systemAttachmentLst
平台后台	用户 / 用户等级 / 等级说明	等级说明	会员等级规则	C	菜单权限	systemAgreeSave
平台后台	用户 / 用户等级 / 等级配置	等级配置	编辑配置信息	CU	菜单权限	configSave
平台后台	用户 / 用户设置	用户设置	列表	R	菜单权限	systemUserInfolst
平台后台	用户 / 用户设置	用户设置	添加	CR	菜单权限	systemUserInfoCreate
平台后台	用户 / 用户设置	用户设置	保存信息	CR	菜单权限	systemUserInfoSaveAll
平台后台	用户 / 用户设置	用户设置	删除	RD	菜单权限	systemUserInfoDelete
平台后台	用户 / 用户设置	用户设置	保存注册配置	CU	菜单权限	systemUserRegisterConfig
平台后台	用户 / 用户设置	用户设置	新人礼优惠券列表	R	菜单权限	systemUserRegisterCoupon
平台后台	用户 / 用户设置	用户设置	扩展信息表单	C	菜单权限	systemUserFieldSaveForm
平台后台	用户 / 用户设置	用户设置	添加或编辑	CRU	菜单权限	systemUserInfoFieldSave
平台后台	维护	维护	(页面入口)	R	待补	
平台后台	维护 / 安全维护	安全维护	数据库备份下载	R	路由	systemSafetyDatabaseDownloadFile
平台后台	维护 / 安全维护	安全维护	数据库备份删除	D	路由	systemSafetyDatabaseDeleteFile
平台后台	维护 / 安全维护 / 商业授权	商业授权	获取去版权信息	CR	菜单权限	systemCopyright
平台后台	维护 / 安全维护 / 商业授权	商业授权	获取授权信息	CR	菜单权限	systemAuthCopyright
平台后台	维护 / 安全维护 / 商业授权	商业授权	保存去版权信息	C	菜单权限	systemSaveCopyright
平台后台	维护 / 安全维护 / 数据备份	数据备份	数据库列表	R	菜单权限	systemSafetyDatabaseLst
平台后台	维护 / 安全维护 / 数据备份	数据备份	数据库备份列表	R	菜单权限	systemSafetyDatabaseFileList
平台后台	维护 / 安全维护 / 数据备份	数据备份	数据库备份详情	R	菜单权限	systemSafetyDatabaseDetail
平台后台	维护 / 安全维护 / 数据备份	数据备份	备份	O	菜单权限	systemSafetyDatabaseBackups
平台后台	维护 / 安全维护 / 数据备份	数据备份	数据库优化	O	菜单权限	systemSafetyDatabaseOptimize
平台后台	维护 / 安全维护 / 数据备份	数据备份	数据库维护	O	菜单权限	systemSafetyDatabaseRepair
平台后台	维护 / 安全维护 / 数据备份	数据备份	数据库备份下载	R	菜单权限	systemSafetyDatabaseDownloadFile
平台后台	维护 / 安全维护 / 数据备份	数据备份	数据库备份删除	D	菜单权限	systemSafetyDatabaseDeleteFile
平台后台	维护 / 安全维护 / 缓存清除	缓存清除	清除缓存	D	菜单权限	systemClearCache
平台后台	维护 / 安全维护 / 缓存清除	缓存清除	替换素材域名	O	菜单权限	systemAttachmentReplaceHost
平台后台	维护 / 导出记录	导出记录	列表	R	菜单权限	systemStoreExcelLst
平台后台	维护 / 导出记录	导出记录	下载	R	菜单权限	systemStoreExcelDownload
平台后台	维护 / 开发配置	开发配置	(页面入口)	R	待补	
平台后台	维护 / 开发配置 / 组合数据	组合数据	组合数据配置列表	RU	菜单权限	groupLst
平台后台	维护 / 开发配置 / 组合数据	组合数据	组合数据配置添加	CU	菜单权限	groupCreate
平台后台	维护 / 开发配置 / 组合数据	组合数据	组合数据配置编辑	U	菜单权限	groupUpdate
平台后台	维护 / 开发配置 / 组合数据	组合数据	详情	R	菜单权限	groupDetail
平台后台	维护 / 开发配置 / 组合数据	组合数据	列表	R	菜单权限	groupDataLst
平台后台	维护 / 开发配置 / 组合数据	组合数据	添加	C	菜单权限	groupDataCreate
平台后台	维护 / 开发配置 / 组合数据	组合数据	编辑	U	菜单权限	groupDataUpdate
平台后台	维护 / 开发配置 / 组合数据	组合数据	删除	D	菜单权限	groupDataDelete
平台后台	维护 / 开发配置 / 组合数据	组合数据	修改状态	U	菜单权限	groupDataChangeStatus
平台后台	维护 / 开发配置 / 组合数据	组合数据	上传图片	C	菜单权限	uploadImage
平台后台	维护 / 开发配置 / 组合数据	组合数据	图片列表	R	菜单权限	systemAttachmentLst
平台后台	维护 / 操作日志	操作日志	操作日志	R	菜单权限	systemAdminLog
平台后台	维护 / 配置分类	配置分类	配置分类添加	CU	菜单权限	configClassifyCreate
平台后台	维护 / 配置分类	配置分类	配置分类删除	UD	菜单权限	configClassifyDelete
平台后台	维护 / 配置分类	配置分类	配置分类编辑	U	菜单权限	configClassifyUpdate
平台后台	维护 / 配置分类	配置分类	配置分类修改状态	U	菜单权限	configClassifySwitchStatus
平台后台	维护 / 配置分类	配置分类	配置分类列表	RU	菜单权限	configClassifyLst
平台后台	维护 / 配置管理	配置管理	配置添加	CU	菜单权限	configSettingCreate
平台后台	维护 / 配置管理	配置管理	配置编辑	U	菜单权限	configSettingUpdate
平台后台	维护 / 配置管理	配置管理	配置修改状态	U	菜单权限	configSettingSwitchStatus
平台后台	维护 / 配置管理	配置管理	配置列表	RU	菜单权限	configSettingLst
平台后台	维护 / 配置管理	配置管理	配置删除	UD	菜单权限	configSettingDelete
平台后台	维护 / 页面链接	页面链接	(页面入口)	R	待补	
平台后台	营销	营销	列表	R	路由	systemStoreCouponLst
平台后台	营销	营销	使用记录	R	路由	systemCouponIssue
平台后台	营销 / 专场列表	专场列表	详情	R	菜单权限	groupDetail
平台后台	营销 / 专场列表	专场列表	列表	R	菜单权限	groupDataLst
平台后台	营销 / 专场列表	专场列表	添加	C	菜单权限	groupDataCreate
平台后台	营销 / 专场列表	专场列表	编辑	U	菜单权限	groupDataUpdate
平台后台	营销 / 专场列表	专场列表	删除	D	菜单权限	groupDataDelete
平台后台	营销 / 专场列表	专场列表	修改状态	U	菜单权限	groupDataChangeStatus
平台后台	营销 / 专场列表	专场列表	上传图片	C	菜单权限	uploadImage
平台后台	营销 / 专场列表	专场列表	图片列表	R	菜单权限	systemAttachmentLst
平台后台	营销 / 优惠套餐	优惠套餐	优惠套餐列表	R	菜单权限	systemStoreDiscountsLst
平台后台	营销 / 优惠套餐	优惠套餐	优惠套餐详情	R	菜单权限	systemStoreDiscountsDetail
平台后台	营销 / 优惠套餐	优惠套餐	优惠套餐修改状态	U	菜单权限	systemStoreDiscountsStatus
平台后台	营销 / 优惠套餐	优惠套餐	上传图片	C	菜单权限	uploadImage
平台后台	营销 / 优惠套餐	优惠套餐	图片列表	R	菜单权限	systemAttachmentLst
平台后台	营销 / 优惠套餐	优惠套餐	价格说明列表	R	菜单权限	systemPriceRuleLst
平台后台	营销 / 优惠套餐	优惠套餐	添加价格说明	C	菜单权限	systemPriceRuleCreate
平台后台	营销 / 优惠套餐	优惠套餐	修改价格说明	U	菜单权限	systemPriceRuleUpdate
平台后台	营销 / 优惠套餐	优惠套餐	价格说明修改状态	U	菜单权限	systemPriceRuleStatus
平台后台	营销 / 优惠套餐	优惠套餐	删除价格说明	D	菜单权限	systemPriceRuleDelete
平台后台	营销 / 余额充值	余额充值	(页面入口)	R	待补	
平台后台	营销 / 余额充值 / 余额充值配置	余额充值配置	详情	R	菜单权限	groupDetail
平台后台	营销 / 余额充值 / 余额充值配置	余额充值配置	列表	R	菜单权限	groupDataLst
平台后台	营销 / 余额充值 / 余额充值配置	余额充值配置	添加	C	菜单权限	groupDataCreate
平台后台	营销 / 余额充值 / 余额充值配置	余额充值配置	编辑	U	菜单权限	groupDataUpdate
平台后台	营销 / 余额充值 / 余额充值配置	余额充值配置	删除	D	菜单权限	groupDataDelete
平台后台	营销 / 余额充值 / 余额充值配置	余额充值配置	修改状态	U	菜单权限	groupDataChangeStatus
平台后台	营销 / 余额充值 / 余额充值配置	余额充值配置	上传图片	C	菜单权限	uploadImage
平台后台	营销 / 余额充值 / 余额充值配置	余额充值配置	图片列表	R	菜单权限	systemAttachmentLst
平台后台	营销 / 余额充值 / 余额设置	余额设置	编辑配置信息	CU	菜单权限	configSave
平台后台	营销 / 助力	助力	(页面入口)	R	待补	
平台后台	营销 / 助力 / 助力活动	助力活动	列表	R	菜单权限	systemStoreProductAssistSetLst
平台后台	营销 / 助力 / 助力活动	助力活动	详情	R	菜单权限	systemStoreProductAssistSetDetail
平台后台	营销 / 助力 / 助力活动	助力活动	列表	R	菜单权限	systemStoreProductAssistSetLst
平台后台	营销 / 助力 / 助力活动	助力活动	详情	R	菜单权限	systemStoreProductAssistSetDetail
平台后台	营销 / 助力 / 助力活动	助力活动	列表	R	菜单权限	systemStoreProductAssistSetLst
平台后台	营销 / 助力 / 助力活动	助力活动	详情	R	菜单权限	systemStoreProductAssistSetDetail
平台后台	营销 / 助力 / 活动商品	活动商品	列表	R	菜单权限	systemStoreProductAssistLst
平台后台	营销 / 助力 / 活动商品	活动商品	显示/隐藏	U	菜单权限	systemStoreProductAssistShow
平台后台	营销 / 助力 / 活动商品	活动商品	详情	R	菜单权限	systemStoreProductAssistDetail
平台后台	营销 / 助力 / 活动商品	活动商品	编辑	U	菜单权限	systemStoreProductAssistProductUpdate
平台后台	营销 / 助力 / 活动商品	活动商品	审核	U	菜单权限	systemStoreProductAssistStatus
平台后台	营销 / 助力 / 活动商品	活动商品	编辑数据	RU	菜单权限	systemStoreProductAssistGet
平台后台	营销 / 助力 / 活动商品	活动商品	设置标签	U	菜单权限	systemStoreProductAssistLabels
平台后台	营销 / 助力 / 活动商品	活动商品	列表	R	菜单权限	systemStoreProductAssistLst
平台后台	营销 / 助力 / 活动商品	活动商品	显示/隐藏	U	菜单权限	systemStoreProductAssistShow
平台后台	营销 / 助力 / 活动商品	活动商品	详情	R	菜单权限	systemStoreProductAssistDetail
平台后台	营销 / 助力 / 活动商品	活动商品	编辑	U	菜单权限	systemStoreProductAssistProductUpdate
平台后台	营销 / 助力 / 活动商品	活动商品	审核	U	菜单权限	systemStoreProductAssistStatus
平台后台	营销 / 助力 / 活动商品	活动商品	编辑数据	RU	菜单权限	systemStoreProductAssistGet
平台后台	营销 / 助力 / 活动商品	活动商品	设置标签	U	菜单权限	systemStoreProductAssistLabels
平台后台	营销 / 助力 / 活动商品	活动商品	列表	R	菜单权限	systemStoreProductAssistLst
平台后台	营销 / 助力 / 活动商品	活动商品	显示/隐藏	U	菜单权限	systemStoreProductAssistShow
平台后台	营销 / 助力 / 活动商品	活动商品	详情	R	菜单权限	systemStoreProductAssistDetail
平台后台	营销 / 助力 / 活动商品	活动商品	编辑	U	菜单权限	systemStoreProductAssistProductUpdate
平台后台	营销 / 助力 / 活动商品	活动商品	审核	U	菜单权限	systemStoreProductAssistStatus
平台后台	营销 / 助力 / 活动商品	活动商品	编辑数据	RU	菜单权限	systemStoreProductAssistGet
平台后台	营销 / 助力 / 活动商品	活动商品	设置标签	U	菜单权限	systemStoreProductAssistLabels
平台后台	营销 / 商户优惠券	商户优惠券	列表	R	路由	systemStoreCouponLst
平台后台	营销 / 商户优惠券	商户优惠券	使用记录	R	路由	systemCouponIssue
平台后台	营销 / 商户优惠券 / 优惠券列表	优惠券列表	列表	R	菜单权限	systemStoreCouponLst
平台后台	营销 / 商户优惠券 / 优惠券列表	优惠券列表	详情	R	菜单权限	systemCouponDetail
平台后台	营销 / 商户优惠券 / 优惠券列表	优惠券列表	商品列表	R	菜单权限	systemCouponProduct
平台后台	营销 / 商户优惠券 / 领取记录	领取记录	使用记录	R	菜单权限	systemCouponIssue
平台后台	营销 / 平台优惠券	平台优惠券	详情	R	路由	systemCouponShow
平台后台	营销 / 平台优惠券	平台优惠券	使用记录	R	路由	systemCouponIssue
平台后台	营销 / 平台优惠券	平台优惠券	复制表单	C	路由	systemCouponCloneForm
平台后台	营销 / 平台优惠券 / 优惠券列表	优惠券列表	添加	C	菜单权限	systemCouponCreate
平台后台	营销 / 平台优惠券 / 优惠券列表	优惠券列表	编辑	U	菜单权限	systemCouponUpdate
平台后台	营销 / 平台优惠券 / 优惠券列表	优惠券列表	删除	D	菜单权限	systemCouponDelete
平台后台	营销 / 平台优惠券 / 优惠券列表	优惠券列表	修改状态	U	菜单权限	systemCouponStatus
平台后台	营销 / 平台优惠券 / 优惠券列表	优惠券列表	列表	R	菜单权限	systemCouponList
平台后台	营销 / 平台优惠券 / 优惠券列表	优惠券列表	详情	RU	菜单权限	systemCouponShow
平台后台	营销 / 平台优惠券 / 优惠券列表	优惠券列表	详情关联列表	RU	菜单权限	systemCouponShowLst
平台后台	营销 / 平台优惠券 / 优惠券列表	优惠券列表	上传图片	C	菜单权限	uploadImage
平台后台	营销 / 平台优惠券 / 优惠券列表	优惠券列表	图片列表	R	菜单权限	systemAttachmentLst
平台后台	营销 / 平台优惠券 / 使用说明	使用说明	使用说明	C	菜单权限	systemAgreeSave
平台后台	营销 / 平台优惠券 / 发送记录	发送记录	发送记录	CR	菜单权限	systemCouponSendLst
平台后台	营销 / 平台优惠券 / 领取记录	领取记录	使用记录	R	菜单权限	systemCouponIssue
平台后台	营销 / 报名活动	报名活动	添加	C	菜单权限	systemActivityFormCreate
平台后台	营销 / 报名活动	报名活动	列表	R	菜单权限	systemActivityFormLst
平台后台	营销 / 报名活动	报名活动	编辑	U	菜单权限	systemActivityFormUpdate
平台后台	营销 / 报名活动	报名活动	详情	R	菜单权限	systemActivityFormDetail
平台后台	营销 / 报名活动	报名活动	删除	D	菜单权限	systemActivityFormDelete
平台后台	营销 / 报名活动	报名活动	修改状态	U	菜单权限	systemActivityFormStatus
平台后台	营销 / 报名活动	报名活动	活动记录	R	菜单权限	systemFormActivUserLst
平台后台	营销 / 报名活动	报名活动	活动记录导出	R	菜单权限	systemFormActivUserExcel
平台后台	营销 / 报名活动	报名活动	上传图片	C	菜单权限	uploadImage
平台后台	营销 / 报名活动	报名活动	图片列表	R	菜单权限	systemAttachmentLst
平台后台	营销 / 拼团	拼团	排序	U	路由	systemStoreProductGroupSort
平台后台	营销 / 拼团	拼团	设置标签	C	路由	systemStoreProductGroupLabels
平台后台	营销 / 拼团 / 拼团商品列表	拼团商品列表	列表	R	菜单权限	systemStoreProductGroupLst
平台后台	营销 / 拼团 / 拼团商品列表	拼团商品列表	显示/隐藏	U	菜单权限	systemStoreProductGroupShow
平台后台	营销 / 拼团 / 拼团商品列表	拼团商品列表	详情	R	菜单权限	systemStoreProductGroupDetail
平台后台	营销 / 拼团 / 拼团商品列表	拼团商品列表	编辑	U	菜单权限	systemStoreProductGroupProductUpdate
平台后台	营销 / 拼团 / 拼团商品列表	拼团商品列表	审核	U	菜单权限	systemStoreProductGroupStatus
平台后台	营销 / 拼团 / 拼团商品列表	拼团商品列表	编辑数据	RU	菜单权限	systemStoreProductGroupGet
平台后台	营销 / 拼团 / 拼团商品列表	拼团商品列表	排序	U	菜单权限	systemStoreProductGroupSort
平台后台	营销 / 拼团 / 拼团商品列表	拼团商品列表	设置标签	U	菜单权限	systemStoreProductGroupLabels
平台后台	营销 / 拼团 / 拼团商品列表	拼团商品列表	列表	R	菜单权限	systemStoreProductGroupLst
平台后台	营销 / 拼团 / 拼团商品列表	拼团商品列表	显示/隐藏	U	菜单权限	systemStoreProductGroupShow
平台后台	营销 / 拼团 / 拼团商品列表	拼团商品列表	详情	R	菜单权限	systemStoreProductGroupDetail
平台后台	营销 / 拼团 / 拼团商品列表	拼团商品列表	编辑	U	菜单权限	systemStoreProductGroupProductUpdate
平台后台	营销 / 拼团 / 拼团商品列表	拼团商品列表	审核	U	菜单权限	systemStoreProductGroupStatus
平台后台	营销 / 拼团 / 拼团商品列表	拼团商品列表	编辑数据	RU	菜单权限	systemStoreProductGroupGet
平台后台	营销 / 拼团 / 拼团商品列表	拼团商品列表	排序	U	菜单权限	systemStoreProductGroupSort
平台后台	营销 / 拼团 / 拼团商品列表	拼团商品列表	设置标签	U	菜单权限	systemStoreProductGroupLabels
平台后台	营销 / 拼团 / 拼团商品列表	拼团商品列表	列表	R	菜单权限	systemStoreProductGroupLst
平台后台	营销 / 拼团 / 拼团商品列表	拼团商品列表	显示/隐藏	U	菜单权限	systemStoreProductGroupShow
平台后台	营销 / 拼团 / 拼团商品列表	拼团商品列表	详情	R	菜单权限	systemStoreProductGroupDetail
平台后台	营销 / 拼团 / 拼团商品列表	拼团商品列表	编辑	U	菜单权限	systemStoreProductGroupProductUpdate
平台后台	营销 / 拼团 / 拼团商品列表	拼团商品列表	审核	U	菜单权限	systemStoreProductGroupStatus
平台后台	营销 / 拼团 / 拼团商品列表	拼团商品列表	编辑数据	RU	菜单权限	systemStoreProductGroupGet
平台后台	营销 / 拼团 / 拼团商品列表	拼团商品列表	排序	U	菜单权限	systemStoreProductGroupSort
平台后台	营销 / 拼团 / 拼团商品列表	拼团商品列表	设置标签	U	菜单权限	systemStoreProductGroupLabels
平台后台	营销 / 拼团 / 拼团活动列表	拼团活动列表	列表	R	菜单权限	systemStoreProductGroupBuyingLst
平台后台	营销 / 拼团 / 拼团活动列表	拼团活动列表	详情	R	菜单权限	systemStoreProductGroupBuyingDetail
平台后台	营销 / 拼团 / 拼团活动列表	拼团活动列表	列表	R	菜单权限	systemStoreProductGroupBuyingLst
平台后台	营销 / 拼团 / 拼团活动列表	拼团活动列表	详情	R	菜单权限	systemStoreProductGroupBuyingDetail
平台后台	营销 / 拼团 / 拼团活动列表	拼团活动列表	列表	R	菜单权限	systemStoreProductGroupBuyingLst
平台后台	营销 / 拼团 / 拼团活动列表	拼团活动列表	详情	R	菜单权限	systemStoreProductGroupBuyingDetail
平台后台	营销 / 拼团 / 拼团设置	拼团设置	配置保存	CU	菜单权限	configOthersGroupBuyingUpdate
平台后台	营销 / 活动氛围图	活动氛围图	添加	C	菜单权限	systemActivityAtmosphereCreate
平台后台	营销 / 活动氛围图	活动氛围图	列表	R	菜单权限	systemActivityAtmosphereLst
平台后台	营销 / 活动氛围图	活动氛围图	编辑	U	菜单权限	systemActivityAtmosphereUpdate
平台后台	营销 / 活动氛围图	活动氛围图	详情	R	菜单权限	systemActivityAtmosphereDetail
平台后台	营销 / 活动氛围图	活动氛围图	删除	D	菜单权限	systemActivityAtmosphereDelete
平台后台	营销 / 活动氛围图	活动氛围图	修改状态	U	菜单权限	systemActivityAtmosphereStatus
平台后台	营销 / 活动氛围图	活动氛围图	上传图片	C	菜单权限	uploadImage
平台后台	营销 / 活动氛围图	活动氛围图	图片列表	R	菜单权限	systemAttachmentLst
平台后台	营销 / 活动边框图	活动边框图	添加	C	菜单权限	systemActivityBorderCreate
平台后台	营销 / 活动边框图	活动边框图	列表	R	菜单权限	systemActivityBorderLst
平台后台	营销 / 活动边框图	活动边框图	编辑	U	菜单权限	systemActivityBorderUpdate
平台后台	营销 / 活动边框图	活动边框图	详情	R	菜单权限	systemActivityBorderDetail
平台后台	营销 / 活动边框图	活动边框图	删除	D	菜单权限	systemActivityBorderDelete
平台后台	营销 / 活动边框图	活动边框图	修改状态	U	菜单权限	systemActivityBorderStatus
平台后台	营销 / 活动边框图	活动边框图	上传图片	C	菜单权限	uploadImage
平台后台	营销 / 活动边框图	活动边框图	图片列表	R	菜单权限	systemAttachmentLst
平台后台	营销 / 直播	直播	(页面入口)	R	待补	
平台后台	营销 / 直播 / 直播商品管理	直播商品管理	列表	R	菜单权限	systemBroadcastGoodsLst
平台后台	营销 / 直播 / 直播商品管理	直播商品管理	详情	R	菜单权限	systemBroadcastGoodsDetail
平台后台	营销 / 直播 / 直播商品管理	直播商品管理	审核	U	菜单权限	systemBroadcastGoodsApply
平台后台	营销 / 直播 / 直播商品管理	直播商品管理	修改状态	U	菜单权限	systemBroadcastGoodsChangeStatus
平台后台	营销 / 直播 / 直播商品管理	直播商品管理	排序	U	菜单权限	systemBroadcastGoodsSort
平台后台	营销 / 直播 / 直播商品管理	直播商品管理	删除	D	菜单权限	systemBroadcastGoodsDelete
平台后台	营销 / 直播 / 直播间管理	直播间管理	列表	R	菜单权限	systemBroadcastRoomLst
平台后台	营销 / 直播 / 直播间管理	直播间管理	详情	R	菜单权限	systemBroadcastRoomDetail
平台后台	营销 / 直播 / 直播间管理	直播间管理	申请	C	菜单权限	systemBroadcastRoomApply
平台后台	营销 / 直播 / 直播间管理	直播间管理	修改状态	U	菜单权限	systemBroadcastRoomChangeStatus
平台后台	营销 / 直播 / 直播间管理	直播间管理	排序	U	菜单权限	systemBroadcastRoomSort
平台后台	营销 / 直播 / 直播间管理	直播间管理	修改状态	U	菜单权限	systemBroadcastRoomChangeLiveStatus
平台后台	营销 / 直播 / 直播间管理	直播间管理	删除	D	菜单权限	systemBroadcastRoomDelete
平台后台	营销 / 直播 / 直播间管理	直播间管理	商品列表	R	菜单权限	systemBroadcastRoomGoods
平台后台	营销 / 直播 / 直播间管理	直播间管理	客服开关	U	菜单权限	systemBroadcastRoomCloseKf
平台后台	营销 / 直播 / 直播间管理	直播间管理	禁言开关	U	菜单权限	systemBroadcastRoomCloseComment
平台后台	营销 / 直播 / 直播间管理	直播间管理	收录开关	U	菜单权限	systemBroadcastRoomClosesFeeds
平台后台	营销 / 秒杀	秒杀	排序	U	路由	systemSeckillConfigStatus
平台后台	营销 / 秒杀	秒杀	删除	D	路由	systemSeckillConfigDelete
平台后台	营销 / 秒杀	秒杀	列表	R	路由	systemSeckillActiveGetActiveList
平台后台	营销 / 秒杀	秒杀	详情	R	路由	systemSeckillActiveGetActiveInfo
平台后台	营销 / 秒杀	秒杀	列表	R	路由	systemSeckillActiveGetActiveAll
平台后台	营销 / 秒杀	秒杀	创建	C	路由	systemSeckillActiveCreateActive
平台后台	营销 / 秒杀	秒杀	编辑	U	路由	systemSeckillActiveUpdateActive
平台后台	营销 / 秒杀	秒杀	编辑状态	U	路由	systemSeckillActiveUpdateActiveStatus
平台后台	营销 / 秒杀	秒杀	删除	D	路由	systemSeckillActiveDeleteActive
平台后台	营销 / 秒杀	秒杀	活动统计数据面板	R	路由	systemSeckillActiveChartPanel
平台后台	营销 / 秒杀	秒杀	活动参与人统计列表	R	路由	systemSeckillActiveChartPeople
平台后台	营销 / 秒杀	秒杀	活动订单统计列表	R	路由	systemSeckillActiveChartOrder
平台后台	营销 / 秒杀	秒杀	活动商品统计列表	R	路由	systemSeckillActiveChartProduct
平台后台	营销 / 秒杀	秒杀	统计	R	路由	systemStoreSeckillProductLstFilter
平台后台	营销 / 秒杀	秒杀	列表	R	路由	systemStoreSeckillProductPageLst
平台后台	营销 / 秒杀	秒杀	列表	R	路由	systemStoreSeckillProductLst
平台后台	营销 / 秒杀	秒杀	详情	R	路由	systemStoreSeckillProductDetail
平台后台	营销 / 秒杀	秒杀	编辑	U	路由	systemStoreSeckillProductUpdate
平台后台	营销 / 秒杀	秒杀	审核	U	路由	systemStoreSeckillProductSwitchStatus
平台后台	营销 / 秒杀	秒杀	审核表单	U	路由	systemStoreSeckillProductSwitchStatusForm
平台后台	营销 / 秒杀	秒杀	显示/隐藏	U	路由	systemStoreSeckillProductChangeUsed
平台后台	营销 / 秒杀	秒杀	设置标签	C	路由	systemStoreSeckillProductLabels
平台后台	营销 / 秒杀	秒杀	加入回收站	C	路由	systemStoreSeckillProductDelete
平台后台	营销 / 秒杀	秒杀	删除	D	路由	systemStoreSeckillProductDestory
平台后台	营销 / 秒杀 / 秒杀活动	秒杀活动	列表	R	菜单权限	systemSeckillActiveGetActiveList
平台后台	营销 / 秒杀 / 秒杀活动	秒杀活动	详情	R	菜单权限	systemSeckillActiveGetActiveInfo
平台后台	营销 / 秒杀 / 秒杀活动	秒杀活动	创建	C	菜单权限	systemSeckillActiveCreateActive
平台后台	营销 / 秒杀 / 秒杀活动	秒杀活动	编辑	U	菜单权限	systemSeckillActiveUpdateActive
平台后台	营销 / 秒杀 / 秒杀活动	秒杀活动	编辑状态	U	菜单权限	systemSeckillActiveUpdateActiveStatus
平台后台	营销 / 秒杀 / 秒杀活动	秒杀活动	删除	D	菜单权限	systemSeckillActiveDeleteActive
平台后台	营销 / 秒杀 / 秒杀活动	秒杀活动	活动统计数据面板	R	菜单权限	systemSeckillActiveChartPanel
平台后台	营销 / 秒杀 / 秒杀活动	秒杀活动	活动参与人统计列表	R	菜单权限	systemSeckillActiveChartPeople
平台后台	营销 / 秒杀 / 秒杀活动	秒杀活动	活动订单统计列表	R	菜单权限	systemSeckillActiveChartOrder
平台后台	营销 / 秒杀 / 秒杀活动	秒杀活动	活动商品统计列表	R	菜单权限	systemSeckillActiveChartProduct
平台后台	营销 / 秒杀 / 秒杀活动	秒杀活动	列表	R	菜单权限	systemSeckillActiveGetActiveList
平台后台	营销 / 秒杀 / 秒杀活动	秒杀活动	详情	R	菜单权限	systemSeckillActiveGetActiveInfo
平台后台	营销 / 秒杀 / 秒杀活动	秒杀活动	创建	C	菜单权限	systemSeckillActiveCreateActive
平台后台	营销 / 秒杀 / 秒杀活动	秒杀活动	编辑	U	菜单权限	systemSeckillActiveUpdateActive
平台后台	营销 / 秒杀 / 秒杀活动	秒杀活动	编辑状态	U	菜单权限	systemSeckillActiveUpdateActiveStatus
平台后台	营销 / 秒杀 / 秒杀活动	秒杀活动	删除	D	菜单权限	systemSeckillActiveDeleteActive
平台后台	营销 / 秒杀 / 秒杀活动	秒杀活动	活动统计数据面板	R	菜单权限	systemSeckillActiveChartPanel
平台后台	营销 / 秒杀 / 秒杀活动	秒杀活动	活动参与人统计列表	R	菜单权限	systemSeckillActiveChartPeople
平台后台	营销 / 秒杀 / 秒杀活动	秒杀活动	活动订单统计列表	R	菜单权限	systemSeckillActiveChartOrder
平台后台	营销 / 秒杀 / 秒杀活动	秒杀活动	活动商品统计列表	R	菜单权限	systemSeckillActiveChartProduct
平台后台	营销 / 秒杀 / 秒杀活动	秒杀活动	列表	R	菜单权限	systemSeckillActiveGetActiveList
平台后台	营销 / 秒杀 / 秒杀活动	秒杀活动	详情	R	菜单权限	systemSeckillActiveGetActiveInfo
平台后台	营销 / 秒杀 / 秒杀活动	秒杀活动	创建	C	菜单权限	systemSeckillActiveCreateActive
平台后台	营销 / 秒杀 / 秒杀活动	秒杀活动	编辑	U	菜单权限	systemSeckillActiveUpdateActive
平台后台	营销 / 秒杀 / 秒杀活动	秒杀活动	编辑状态	U	菜单权限	systemSeckillActiveUpdateActiveStatus
平台后台	营销 / 秒杀 / 秒杀活动	秒杀活动	删除	D	菜单权限	systemSeckillActiveDeleteActive
平台后台	营销 / 秒杀 / 秒杀活动	秒杀活动	活动统计数据面板	R	菜单权限	systemSeckillActiveChartPanel
平台后台	营销 / 秒杀 / 秒杀活动	秒杀活动	活动参与人统计列表	R	菜单权限	systemSeckillActiveChartPeople
平台后台	营销 / 秒杀 / 秒杀活动	秒杀活动	活动订单统计列表	R	菜单权限	systemSeckillActiveChartOrder
平台后台	营销 / 秒杀 / 秒杀活动	秒杀活动	活动商品统计列表	R	菜单权限	systemSeckillActiveChartProduct
平台后台	营销 / 秒杀 / 秒杀管理	秒杀管理	统计	R	菜单权限	systemStoreSeckillProductLstFilter
平台后台	营销 / 秒杀 / 秒杀管理	秒杀管理	列表	R	菜单权限	systemStoreSeckillProductLst
平台后台	营销 / 秒杀 / 秒杀管理	秒杀管理	编辑	U	菜单权限	systemStoreSeckillProductUpdate
平台后台	营销 / 秒杀 / 秒杀管理	秒杀管理	审核	U	菜单权限	systemStoreSeckillProductSwitchStatus
平台后台	营销 / 秒杀 / 秒杀管理	秒杀管理	显示/隐藏	U	菜单权限	systemStoreSeckillProductChangeUsed
平台后台	营销 / 秒杀 / 秒杀管理	秒杀管理	设置标签	U	菜单权限	systemStoreSeckillProductLabels
平台后台	营销 / 秒杀 / 秒杀管理	秒杀管理	列表	R	菜单权限	systemStoreSeckillProductPageLst
平台后台	营销 / 秒杀 / 秒杀管理	秒杀管理	加入回收站	D	菜单权限	systemStoreSeckillProductDelete
平台后台	营销 / 秒杀 / 秒杀管理	秒杀管理	删除	D	菜单权限	systemStoreSeckillProductDestory
平台后台	营销 / 秒杀 / 秒杀管理	秒杀管理	统计	R	菜单权限	systemStoreSeckillProductLstFilter
平台后台	营销 / 秒杀 / 秒杀管理	秒杀管理	列表	R	菜单权限	systemStoreSeckillProductPageLst
平台后台	营销 / 秒杀 / 秒杀管理	秒杀管理	列表	R	菜单权限	systemStoreSeckillProductLst
平台后台	营销 / 秒杀 / 秒杀管理	秒杀管理	详情	R	菜单权限	systemStoreSeckillProductDetail
平台后台	营销 / 秒杀 / 秒杀管理	秒杀管理	编辑	U	菜单权限	systemStoreSeckillProductUpdate
平台后台	营销 / 秒杀 / 秒杀管理	秒杀管理	审核	U	菜单权限	systemStoreSeckillProductSwitchStatus
平台后台	营销 / 秒杀 / 秒杀管理	秒杀管理	显示/隐藏	U	菜单权限	systemStoreSeckillProductChangeUsed
平台后台	营销 / 秒杀 / 秒杀管理	秒杀管理	设置标签	U	菜单权限	systemStoreSeckillProductLabels
平台后台	营销 / 秒杀 / 秒杀管理	秒杀管理	加入回收站	D	菜单权限	systemStoreSeckillProductDelete
平台后台	营销 / 秒杀 / 秒杀管理	秒杀管理	删除	D	菜单权限	systemStoreSeckillProductDestory
平台后台	营销 / 秒杀 / 秒杀管理	秒杀管理	统计	R	菜单权限	systemStoreSeckillProductLstFilter
平台后台	营销 / 秒杀 / 秒杀管理	秒杀管理	列表	R	菜单权限	systemStoreSeckillProductPageLst
平台后台	营销 / 秒杀 / 秒杀管理	秒杀管理	列表	R	菜单权限	systemStoreSeckillProductLst
平台后台	营销 / 秒杀 / 秒杀管理	秒杀管理	详情	R	菜单权限	systemStoreSeckillProductDetail
平台后台	营销 / 秒杀 / 秒杀管理	秒杀管理	编辑	U	菜单权限	systemStoreSeckillProductUpdate
平台后台	营销 / 秒杀 / 秒杀管理	秒杀管理	审核	U	菜单权限	systemStoreSeckillProductSwitchStatus
平台后台	营销 / 秒杀 / 秒杀管理	秒杀管理	显示/隐藏	U	菜单权限	systemStoreSeckillProductChangeUsed
平台后台	营销 / 秒杀 / 秒杀管理	秒杀管理	设置标签	U	菜单权限	systemStoreSeckillProductLabels
平台后台	营销 / 秒杀 / 秒杀管理	秒杀管理	加入回收站	D	菜单权限	systemStoreSeckillProductDelete
平台后台	营销 / 秒杀 / 秒杀管理	秒杀管理	删除	D	菜单权限	systemStoreSeckillProductDestory
平台后台	营销 / 秒杀 / 秒杀配置	秒杀配置	列表	R	菜单权限	systemSeckillConfigLst
平台后台	营销 / 秒杀 / 秒杀配置	秒杀配置	添加	C	菜单权限	systemSeckillConfigCreate
平台后台	营销 / 秒杀 / 秒杀配置	秒杀配置	编辑	U	菜单权限	systemSeckillConfigUpdate
平台后台	营销 / 秒杀 / 秒杀配置	秒杀配置	排序	U	菜单权限	systemSeckillConfigStatus
平台后台	营销 / 秒杀 / 秒杀配置	秒杀配置	删除	D	菜单权限	systemSeckillConfigDelete
平台后台	营销 / 秒杀 / 秒杀配置	秒杀配置	上传图片	C	菜单权限	uploadImage
平台后台	营销 / 秒杀 / 秒杀配置	秒杀配置	图片列表	R	菜单权限	systemAttachmentLst
平台后台	营销 / 积分	积分	积分配置保存	C	路由	systemUserIntegralConfigSave
平台后台	营销 / 积分	积分	积分统计	R	路由	systemUserIntegralTitle
平台后台	营销 / 积分 / 商品分类	商品分类	列表	R	菜单权限	pointsCateLst
平台后台	营销 / 积分 / 商品分类	商品分类	详情	R	菜单权限	pointsCateDetail
平台后台	营销 / 积分 / 商品分类	商品分类	添加	C	菜单权限	pointsCateCreate
平台后台	营销 / 积分 / 商品分类	商品分类	编辑	U	菜单权限	pointsCateUpdate
平台后台	营销 / 积分 / 商品分类	商品分类	修改状态	U	菜单权限	pointsCateStatus
平台后台	营销 / 积分 / 商品分类	商品分类	列表	R	菜单权限	pointsProductLst
平台后台	营销 / 积分 / 商品分类	商品分类	获取规格	R	菜单权限	pointsCateFormatAttr
平台后台	营销 / 积分 / 商品分类	商品分类	编辑	RU	菜单权限	pointsProductDetail
平台后台	营销 / 积分 / 商品分类	商品分类	添加	C	菜单权限	pointsProductCreate
平台后台	营销 / 积分 / 商品分类	商品分类	编辑	U	菜单权限	pointsProductUpdate
平台后台	营销 / 积分 / 商品分类	商品分类	修改状态	U	菜单权限	pointsProductStatus
平台后台	营销 / 积分 / 商品分类	商品分类	预览	R	菜单权限	pointsProductPreview
平台后台	营销 / 积分 / 商品列表	商品列表	列表	R	菜单权限	pointsProductLst
平台后台	营销 / 积分 / 商品列表	商品列表	获取规格	R	菜单权限	pointsCateFormatAttr
平台后台	营销 / 积分 / 商品列表	商品列表	编辑	RU	菜单权限	pointsProductDetail
平台后台	营销 / 积分 / 商品列表	商品列表	添加	C	菜单权限	pointsProductCreate
平台后台	营销 / 积分 / 商品列表	商品列表	编辑	U	菜单权限	pointsProductUpdate
平台后台	营销 / 积分 / 商品列表	商品列表	修改状态	U	菜单权限	pointsProductStatus
平台后台	营销 / 积分 / 商品列表	商品列表	预览	R	菜单权限	pointsProductPreview
平台后台	营销 / 积分 / 积分日志	积分日志	积分统计	R	菜单权限	systemUserIntegralTitle
平台后台	营销 / 积分 / 积分日志	积分日志	积分日志	R	菜单权限	systemUserIntegralLst
平台后台	营销 / 积分 / 积分日志	积分日志	积分导出	R	菜单权限	systemUserIntegralExcel
平台后台	营销 / 积分 / 积分日志	积分日志	导出列表	R	菜单权限	systemStoreExcelLst
平台后台	营销 / 积分 / 积分日志	积分日志	导出下载	R	菜单权限	systemStoreExcelDownload
平台后台	营销 / 积分 / 积分订单	积分订单	列表	R	菜单权限	pointsOrderLst
平台后台	营销 / 积分 / 积分订单	积分订单	编辑	RU	菜单权限	pointsOrderDetail
平台后台	营销 / 积分 / 积分订单	积分订单	发货	U	菜单权限	pointsOrderDelivery
平台后台	营销 / 积分 / 积分订单	积分订单	批量发货	U	菜单权限	pointsOrderBatchDelivery
平台后台	营销 / 积分 / 积分订单	积分订单	快递查询	R	菜单权限	pointsOrderExpress
平台后台	营销 / 积分 / 积分订单	积分订单	导出	R	菜单权限	pointsOrderExcel
平台后台	营销 / 积分 / 积分订单	积分订单	备注	U	菜单权限	pointsOrderMark
平台后台	营销 / 积分 / 积分订单	积分订单	记录	RU	菜单权限	pointsOrderStatus
平台后台	营销 / 积分 / 积分订单	积分订单	删除	D	菜单权限	pointsOrderDelete
平台后台	营销 / 积分 / 积分配置	积分配置	积分配置保存	CU	菜单权限	systemUserIntegralConfigSave
平台后台	营销 / 预售	预售	审核	U	路由	systemStoreProductPresellSwitchStatus
平台后台	营销 / 预售	预售	设置标签	C	路由	systemStoreProductPresellLabels
平台后台	营销 / 预售	预售	列表	R	路由	systemStoreProductAssistLst
平台后台	营销 / 预售	预售	显示/隐藏	U	路由	systemStoreProductAssistShow
平台后台	营销 / 预售	预售	详情	R	路由	systemStoreProductAssistDetail
平台后台	营销 / 预售	预售	编辑	U	路由	systemStoreProductAssistProductUpdate
平台后台	营销 / 预售	预售	审核	U	路由	systemStoreProductAssistStatus
平台后台	营销 / 预售 / 预售协议	预售协议	预售协议	C	菜单权限	systemAgreeSave
平台后台	营销 / 预售 / 预售商品	预售商品	列表	R	菜单权限	systemStoreProductPresellLst
平台后台	营销 / 预售 / 预售商品	预售商品	显示/隐藏	U	菜单权限	systemStoreProductPresellShow
平台后台	营销 / 预售 / 预售商品	预售商品	详情	R	菜单权限	systemStoreProductPresellDetail
平台后台	营销 / 预售 / 预售商品	预售商品	编辑数据	RU	菜单权限	systemStoreProductPresellGet
平台后台	营销 / 预售 / 预售商品	预售商品	编辑	U	菜单权限	systemStoreProductPresellUpdate
平台后台	营销 / 预售 / 预售商品	预售商品	审核	U	菜单权限	systemStoreProductPresellSwitchStatus
平台后台	营销 / 预售 / 预售商品	预售商品	设置标签	U	菜单权限	systemStoreProductPresellLabels
平台后台	营销 / 预售 / 预售商品	预售商品	列表	R	菜单权限	systemStoreProductPresellLst
平台后台	营销 / 预售 / 预售商品	预售商品	显示/隐藏	U	菜单权限	systemStoreProductPresellShow
平台后台	营销 / 预售 / 预售商品	预售商品	详情	R	菜单权限	systemStoreProductPresellDetail
平台后台	营销 / 预售 / 预售商品	预售商品	编辑数据	RU	菜单权限	systemStoreProductPresellGet
平台后台	营销 / 预售 / 预售商品	预售商品	编辑	U	菜单权限	systemStoreProductPresellUpdate
平台后台	营销 / 预售 / 预售商品	预售商品	审核	U	菜单权限	systemStoreProductPresellSwitchStatus
平台后台	营销 / 预售 / 预售商品	预售商品	设置标签	U	菜单权限	systemStoreProductPresellLabels
平台后台	营销 / 预售 / 预售商品	预售商品	列表	R	菜单权限	systemStoreProductPresellLst
平台后台	营销 / 预售 / 预售商品	预售商品	显示/隐藏	U	菜单权限	systemStoreProductPresellShow
平台后台	营销 / 预售 / 预售商品	预售商品	详情	R	菜单权限	systemStoreProductPresellDetail
平台后台	营销 / 预售 / 预售商品	预售商品	编辑数据	RU	菜单权限	systemStoreProductPresellGet
平台后台	营销 / 预售 / 预售商品	预售商品	编辑	U	菜单权限	systemStoreProductPresellUpdate
平台后台	营销 / 预售 / 预售商品	预售商品	审核	U	菜单权限	systemStoreProductPresellSwitchStatus
平台后台	营销 / 预售 / 预售商品	预售商品	设置标签	U	菜单权限	systemStoreProductPresellLabels
平台后台	装修	装修	(页面入口)	R	待补	
平台后台	装修 / 个人中心	个人中心	(页面入口)	R	待补	
平台后台	装修 / 主题风格	主题风格	一键换色保存	C	菜单权限	systemSetChangeColor
平台后台	装修 / 商品分类	商品分类	商品分类信息	R	菜单权限	systemDiyProductCategoryInfo
平台后台	装修 / 商品分类	商品分类	保存商品分类	C	菜单权限	systemDiyProductCategorySave
平台后台	装修 / 商品详情	商品详情	(页面入口)	R	待补	
平台后台	装修 / 店铺模板	店铺模板	列表 	R	菜单权限	systemMerDiyLst
平台后台	装修 / 店铺模板	店铺模板	详情 	R	菜单权限	systemMerDiyDetail
平台后台	装修 / 店铺模板	店铺模板	添加/编辑	CU	菜单权限	systemMerDiyCreate
平台后台	装修 / 店铺模板	店铺模板	设置默认	U	菜单权限	systemMerDiySetDefault
平台后台	装修 / 店铺模板	店铺模板	重置	O	菜单权限	systemMerDiyRecovery
平台后台	装修 / 店铺模板	店铺模板	删除	D	菜单权限	systemMerDiyDelete
平台后台	装修 / 店铺模板	店铺模板	复制	C	菜单权限	systemMerDiyCopy
平台后台	装修 / 店铺模板	店铺模板	保存适用范围	CR	菜单权限	systemMerDiyGetScope
平台后台	装修 / 店铺模板	店铺模板	保存适用范围	C	菜单权限	systemMerDiySetScope
平台后台	装修 / 店铺街	店铺街	(页面入口)	R	待补	
平台后台	装修 / 微页面	微页面	列表 	R	菜单权限	systemDiyMicroLst
平台后台	装修 / 微页面	微页面	详情 	R	菜单权限	systemDiyMicroDetail
平台后台	装修 / 微页面	微页面	添加/编辑	CU	菜单权限	systemDiyMicroCreate
平台后台	装修 / 微页面	微页面	重置	O	菜单权限	systemDiyMicroRecovery
平台后台	装修 / 微页面	微页面	删除	D	菜单权限	systemDiyMicroDelete
平台后台	装修 / 微页面	微页面	上传图片	C	菜单权限	uploadImage
平台后台	装修 / 微页面	微页面	图片列表	R	菜单权限	systemAttachmentLst
平台后台	装修 / 悬浮菜单	悬浮菜单	悬浮按钮信息	R	菜单权限	systemDiyFabInfo
平台后台	装修 / 悬浮菜单	悬浮菜单	保存悬浮按钮	C	菜单权限	systemDiyFabSave
平台后台	装修 / 悬浮菜单	悬浮菜单	上传图片	C	菜单权限	uploadImage
平台后台	装修 / 悬浮菜单	悬浮菜单	图片列表	R	菜单权限	systemAttachmentLst
平台后台	装修 / 系统表单	系统表单	添加	C	菜单权限	systemFormCreate
平台后台	装修 / 系统表单	系统表单	编辑	U	菜单权限	systemFormUpdate
平台后台	装修 / 系统表单	系统表单	编辑状态	U	菜单权限	systemFormStatusSwitch
平台后台	装修 / 系统表单	系统表单	删除	D	菜单权限	systemFormDelete
平台后台	装修 / 系统表单	系统表单	详情	R	菜单权限	systemFormDetail
平台后台	装修 / 系统表单	系统表单	列表	R	菜单权限	systemFormLst
平台后台	装修 / 系统表单	系统表单	导出	R	菜单权限	systemFormExcel
平台后台	装修 / 系统表单	系统表单	表单提交记录	CR	菜单权限	systemFormUserLst
平台后台	装修 / 素材管理	素材管理	素材分类列表	R	菜单权限	systemAttachmentCategoryGetFormatList
平台后台	装修 / 素材管理	素材管理	素材分类添加	C	菜单权限	systemAttachmentCategoryCreate
平台后台	装修 / 素材管理	素材管理	素材编辑	U	菜单权限	systemAttachmentCategoryUpdate
平台后台	装修 / 素材管理	素材管理	素材删除	D	菜单权限	systemAttachmentCategoryDelete
平台后台	装修 / 素材管理	素材管理	素材列表	R	菜单权限	systemAttachmentLst
平台后台	装修 / 素材管理	素材管理	素材删除	D	菜单权限	systemAttachmentDelete
平台后台	装修 / 素材管理	素材管理	批量移动	O	菜单权限	systemAttachmentBatchChangeCategory
平台后台	装修 / 素材管理	素材管理	素材编辑	U	菜单权限	systemAttachmentUpdate
平台后台	装修 / 素材管理	素材管理	上传二维码	C	菜单权限	systemAttachmentScanQrcode
平台后台	装修 / 素材管理	素材管理	扫码上传图片	C	菜单权限	systemAttachmentScanImage
平台后台	装修 / 素材管理	素材管理	扫码上传保存	C	菜单权限	systemAttachmentScanImageSave
平台后台	装修 / 素材管理	素材管理	在线图片	O	菜单权限	systemAttachmentOnline
平台后台	装修 / 页面装修	页面装修	列表 	R	菜单权限	systemDiyLst
平台后台	装修 / 页面装修	页面装修	添加/编辑	CU	菜单权限	systemDiyCreate
平台后台	装修 / 页面装修	页面装修	使用模板	U	菜单权限	systemDiyStatus
平台后台	装修 / 页面装修	页面装修	设置默认	U	菜单权限	systemDiySetDefault
平台后台	装修 / 页面装修	页面装修	重置	O	菜单权限	systemDiyRecovery
平台后台	装修 / 页面装修	页面装修	删除	D	菜单权限	systemDiyDelete
平台后台	装修 / 页面装修	页面装修	商品列表	R	菜单权限	systemDiyProductLst
平台后台	装修 / 页面装修	页面装修	复制	C	菜单权限	systemDiyCopy
平台后台	装修 / 页面装修	页面装修	个人中心装修	R	菜单权限	systemVisualUserInfo
平台后台	装修 / 页面装修	页面装修	店铺街装修	O	菜单权限	systemVisualStoreStreet
平台后台	装修 / 页面装修	页面装修	上传图片	C	菜单权限	uploadImage
平台后台	装修 / 页面装修	页面装修	图片列表	R	菜单权限	systemAttachmentLst
平台后台	装修 / 页面装修	页面装修	详情 	R	菜单权限	systemDiyDetail
平台后台	装修 / 页面装修	页面装修	商品详情 	R	菜单权限	systemDiyGetProductDetail
平台后台	装修 / 页面装修	页面装修	商品详情保存 	CR	菜单权限	systemDiySaveProductDetail
平台后台	装修 / 页面配置	页面配置	可视化列表	R	菜单权限	systemVisualStoreGetThemeKey
平台后台	装修 / 页面配置	页面配置	可视化详情	R	菜单权限	systemVisualStoreGetTheme
平台后台	装修 / 页面配置	页面配置	可视化保存	C	菜单权限	systemVisualSetTheme
平台后台	装修 / 页面链接	页面链接	(页面入口)	R	待补	
平台后台	装修 / 页面链接 / 商户页面分类	商户页面分类	列表 	R	菜单权限	systemDiyPageMerCategroyLst
平台后台	装修 / 页面链接 / 商户页面分类	商户页面分类	添加	C	菜单权限	systemDiyPageMerCategroyCreate
平台后台	装修 / 页面链接 / 商户页面分类	商户页面分类	编辑	U	菜单权限	systemDiyPageMerCategroyUpdate
平台后台	装修 / 页面链接 / 商户页面分类	商户页面分类	编辑状态	U	菜单权限	systemDiyPageMerCategroyStatus
平台后台	装修 / 页面链接 / 商户页面分类	商户页面分类	删除	D	菜单权限	systemDiyPageMerCategroyDelete
平台后台	装修 / 页面链接 / 商户页面链接	商户页面链接	列表	R	菜单权限	systemDiyPageLinkMerLst
平台后台	装修 / 页面链接 / 商户页面链接	商户页面链接	添加	C	菜单权限	systemDiyPageLinkMerCreate
平台后台	装修 / 页面链接 / 商户页面链接	商户页面链接	编辑	U	菜单权限	systemDiyPageLinkMerUpdate
平台后台	装修 / 页面链接 / 商户页面链接	商户页面链接	删除	D	菜单权限	systemDiyPageLinkMerDelete
平台后台	装修 / 页面链接 / 商户页面链接	商户页面链接	修改状态	U	菜单权限	systemDiyPageLinkMerStatus
平台后台	装修 / 页面链接 / 平台页面分类	平台页面分类	列表 	R	菜单权限	systemDiyPageCategroyLst
平台后台	装修 / 页面链接 / 平台页面分类	平台页面分类	添加	C	菜单权限	systemDiyPageCategroyCreate
平台后台	装修 / 页面链接 / 平台页面分类	平台页面分类	编辑	U	菜单权限	systemDiyPageCategroyUpdate
平台后台	装修 / 页面链接 / 平台页面分类	平台页面分类	编辑状态	U	菜单权限	systemDiyPageCategroyStatus
平台后台	装修 / 页面链接 / 平台页面分类	平台页面分类	删除	D	菜单权限	systemDiyPageCategroyDelete
平台后台	装修 / 页面链接 / 平台页面链接	平台页面链接	列表	R	菜单权限	systemDiyPageLinkLst
平台后台	装修 / 页面链接 / 平台页面链接	平台页面链接	添加	C	菜单权限	systemDiyPageLinkCreate
平台后台	装修 / 页面链接 / 平台页面链接	平台页面链接	编辑	U	菜单权限	systemDiyPageLinkUpdate
平台后台	装修 / 页面链接 / 平台页面链接	平台页面链接	删除	D	菜单权限	systemDiyPageLinkDelete
平台后台	装修 / 页面链接 / 平台页面链接	平台页面链接	修改状态	U	菜单权限	systemDiyPageLinkStatus
平台后台	订单	订单	记录	R	路由	systemOrderStatus
平台后台	订单	订单	关联订单	R	路由	systemOrderChildrenList
平台后台	订单	订单	核销	R	路由	systemOrderTakeStat
平台后台	订单 / 核销记录	核销记录	核销	U	菜单权限	systemOrderTakeStat
平台后台	订单 / 核销记录	核销记录	核销订单	RU	菜单权限	systemTakeOrderLst
平台后台	订单 / 核销记录	核销记录	头部统计	R	菜单权限	systemTakeOrderTitle
平台后台	订单 / 核销记录	核销记录	核销	U	菜单权限	systemOrderTakeStat
平台后台	订单 / 核销记录	核销记录	核销订单	RU	菜单权限	systemTakeOrderLst
平台后台	订单 / 核销记录	核销记录	头部统计	R	菜单权限	systemTakeOrderTitle
平台后台	订单 / 核销记录	核销记录	核销	U	菜单权限	systemOrderTakeStat
平台后台	订单 / 核销记录	核销记录	核销订单	RU	菜单权限	systemTakeOrderLst
平台后台	订单 / 核销记录	核销记录	头部统计	R	菜单权限	systemTakeOrderTitle
平台后台	订单 / 订单列表	订单列表	列表	R	菜单权限	systemOrderLst
平台后台	订单 / 订单列表	订单列表	金额统计	R	菜单权限	systemOrderStat
平台后台	订单 / 订单列表	订单列表	快递查询	R	菜单权限	systemOrderExpress
平台后台	订单 / 订单列表	订单列表	头部统计	R	菜单权限	systemOrderTitle
平台后台	订单 / 订单列表	订单列表	详情	R	菜单权限	systemOrderDetail
平台后台	订单 / 订单列表	订单列表	导出	R	菜单权限	systemOrderExcel
平台后台	订单 / 订单列表	订单列表	导出列表	R	菜单权限	systemStoreExcelLst
平台后台	订单 / 订单列表	订单列表	导出列表	R	菜单权限	systemStoreExcelDownload
平台后台	订单 / 订单列表	订单列表	记录	RU	菜单权限	systemOrderStatus
平台后台	订单 / 订单列表	订单列表	关联订单	O	菜单权限	systemOrderChildrenList
平台后台	订单 / 订单列表	订单列表	列表	R	菜单权限	systemOrderLst
平台后台	订单 / 订单列表	订单列表	金额统计	R	菜单权限	systemOrderStat
平台后台	订单 / 订单列表	订单列表	快递查询	R	菜单权限	systemOrderExpress
平台后台	订单 / 订单列表	订单列表	头部统计	R	菜单权限	systemOrderTitle
平台后台	订单 / 订单列表	订单列表	详情	R	菜单权限	systemOrderDetail
平台后台	订单 / 订单列表	订单列表	导出	R	菜单权限	systemOrderExcel
平台后台	订单 / 订单列表	订单列表	记录	RU	菜单权限	systemOrderStatus
平台后台	订单 / 订单列表	订单列表	关联订单	O	菜单权限	systemOrderChildrenList
平台后台	订单 / 订单列表	订单列表	导出列表	R	菜单权限	systemStoreExcelLst
平台后台	订单 / 订单列表	订单列表	导出列表	R	菜单权限	systemStoreExcelDownload
平台后台	订单 / 订单列表	订单列表	列表	R	菜单权限	systemOrderLst
平台后台	订单 / 订单列表	订单列表	金额统计	R	菜单权限	systemOrderStat
平台后台	订单 / 订单列表	订单列表	快递查询	R	菜单权限	systemOrderExpress
平台后台	订单 / 订单列表	订单列表	头部统计	R	菜单权限	systemOrderTitle
平台后台	订单 / 订单列表	订单列表	详情	R	菜单权限	systemOrderDetail
平台后台	订单 / 订单列表	订单列表	导出	R	菜单权限	systemOrderExcel
平台后台	订单 / 订单列表	订单列表	记录	RU	菜单权限	systemOrderStatus
平台后台	订单 / 订单列表	订单列表	关联订单	O	菜单权限	systemOrderChildrenList
平台后台	订单 / 订单列表	订单列表	导出列表	R	菜单权限	systemStoreExcelLst
平台后台	订单 / 订单列表	订单列表	导出列表	R	菜单权限	systemStoreExcelDownload
平台后台	订单 / 退款订单	退款订单	列表	R	菜单权限	systemRefundOrderLst
平台后台	订单 / 退款订单	退款订单	导出	R	菜单权限	systemRefundOrderExcel
平台后台	订单 / 退款订单	退款订单	导出列表	R	菜单权限	systemStoreExcelLst
平台后台	订单 / 退款订单	退款订单	导出下载	R	菜单权限	systemStoreExcelDownload
平台后台	订单 / 退款订单	退款订单	详情	R	菜单权限	systemRefundOrderDetail
平台后台	订单 / 退款订单	退款订单	日志	R	菜单权限	systemRefundOrderLog
平台后台	订单 / 退款订单	退款订单	审核	U	菜单权限	systemRefundOrderApprove
平台后台	订单 / 退款订单	退款订单	列表	R	菜单权限	systemRefundOrderLst
平台后台	订单 / 退款订单	退款订单	详情	R	菜单权限	systemRefundOrderDetail
平台后台	订单 / 退款订单	退款订单	日志	R	菜单权限	systemRefundOrderLog
平台后台	订单 / 退款订单	退款订单	审核	U	菜单权限	systemRefundOrderApprove
平台后台	订单 / 退款订单	退款订单	导出	R	菜单权限	systemRefundOrderExcel
平台后台	订单 / 退款订单	退款订单	导出列表	R	菜单权限	systemStoreExcelLst
平台后台	订单 / 退款订单	退款订单	导出下载	R	菜单权限	systemStoreExcelDownload
平台后台	订单 / 退款订单	退款订单	列表	R	菜单权限	systemRefundOrderLst
平台后台	订单 / 退款订单	退款订单	详情	R	菜单权限	systemRefundOrderDetail
平台后台	订单 / 退款订单	退款订单	日志	R	菜单权限	systemRefundOrderLog
平台后台	订单 / 退款订单	退款订单	审核	U	菜单权限	systemRefundOrderApprove
平台后台	订单 / 退款订单	退款订单	导出	R	菜单权限	systemRefundOrderExcel
平台后台	订单 / 退款订单	退款订单	导出列表	R	菜单权限	systemStoreExcelLst
平台后台	订单 / 退款订单	退款订单	导出下载	R	菜单权限	systemStoreExcelDownload
平台后台	设置	设置	(页面入口)	R	待补	
平台后台	设置 / 商城设置	商城设置	(页面入口)	R	待补	
平台后台	设置 / 商城设置 / 协议规则	协议规则	协议列表	R	菜单权限	systemAgreeKeyLsy
平台后台	设置 / 商城设置 / 协议规则	协议规则	商户入住申请协议	C	菜单权限	systemAgreeSave
平台后台	设置 / 商城设置 / 商城设置	商城设置	编辑配置信息	CU	菜单权限	configSave
平台后台	设置 / 商城设置 / 支付设置	支付设置	编辑配置信息	CU	菜单权限	configSave
平台后台	设置 / 商城设置 / 热门搜索	热门搜索	详情	R	菜单权限	groupDetail
平台后台	设置 / 商城设置 / 热门搜索	热门搜索	列表	R	菜单权限	groupDataLst
平台后台	设置 / 商城设置 / 热门搜索	热门搜索	添加	C	菜单权限	groupDataCreate
平台后台	设置 / 商城设置 / 热门搜索	热门搜索	编辑	U	菜单权限	groupDataUpdate
平台后台	设置 / 商城设置 / 热门搜索	热门搜索	删除	D	菜单权限	groupDataDelete
平台后台	设置 / 商城设置 / 热门搜索	热门搜索	修改状态	U	菜单权限	groupDataChangeStatus
平台后台	设置 / 商城设置 / 热门搜索	热门搜索	上传图片	C	菜单权限	uploadImage
平台后台	设置 / 商城设置 / 热门搜索	热门搜索	图片列表	R	菜单权限	systemAttachmentLst
平台后台	设置 / 商城设置 / 配送配置	配送配置	(页面入口)	R	待补	
平台后台	设置 / 商城设置 / 配送配置 / 城市数据	城市数据	(页面入口)	R	待补	
平台后台	设置 / 商城设置 / 配送配置 / 物流公司	物流公司	列表	R	菜单权限	systemExpressLst
平台后台	设置 / 商城设置 / 配送配置 / 物流公司	物流公司	修改状态	U	菜单权限	systemExpressSwitchStatus
平台后台	设置 / 商城设置 / 配送配置 / 物流公司	物流公司	编辑	U	菜单权限	systemExpressUpdate
平台后台	设置 / 商城设置 / 配送配置 / 物流公司	物流公司	删除	D	菜单权限	systemExpressDelete
平台后台	设置 / 商城设置 / 配送配置 / 物流公司	物流公司	同步	U	菜单权限	systemExpressSync
平台后台	设置 / 商城设置 / 配送配置 / 物流公司	物流公司	列表	R	菜单权限	systemServeExportLst
平台后台	设置 / 商城设置 / 配送配置 / 物流公司	物流公司	列表	R	菜单权限	systemCityAreaLst
平台后台	设置 / 商城设置 / 配送配置 / 物流公司	物流公司	编辑	CU	菜单权限	systemCityAreaCreate
平台后台	设置 / 商城设置 / 配送配置 / 物流公司	物流公司	编辑	U	菜单权限	systemCityAreaUpdate
平台后台	设置 / 商城设置 / 配送配置 / 物流公司	物流公司	删除	D	菜单权限	systemCityAreaDelete
平台后台	设置 / 商城设置 / 配送配置 / 第三方送	第三方送	门店列表	R	路由	systemDeliveryStationlst
平台后台	设置 / 商城设置 / 配送配置 / 第三方送	第三方送	门店详情	R	路由	systemDeliveryStationDetail
平台后台	设置 / 商城设置 / 配送配置 / 第三方送	第三方送	门店筛选	R	路由	systemStoreDeliveryOptions
平台后台	设置 / 商城设置 / 配送配置 / 第三方送 / 充值记录	充值记录	充值记录	CR	菜单权限	systemDeliveryStationPaayyLst
平台后台	设置 / 商城设置 / 配送配置 / 第三方送 / 充值记录	充值记录	统计	R	菜单权限	systemDeliveryOrderTitle
平台后台	设置 / 商城设置 / 配送配置 / 第三方送 / 充值记录	充值记录	余额	R	菜单权限	systemDeliveryStationGetBalance
平台后台	设置 / 商城设置 / 配送配置 / 第三方送 / 配送记录	配送记录	配送记录	R	菜单权限	systemDeliveryOrderLst
平台后台	设置 / 商城设置 / 配送配置 / 第三方送 / 配送记录	配送记录	配送详情	R	菜单权限	systemDeliveryOrderDetail
平台后台	设置 / 商城设置 / 配送配置 / 第三方送 / 配送配置	配送配置	编辑配置	CU	菜单权限	systemDeliveryConfigSave
平台后台	设置 / 应用配置	应用配置	(页面入口)	R	待补	
平台后台	设置 / 应用配置 / APP升级配置	APP升级配置	编辑配置信息	CU	菜单权限	configSave
平台后台	设置 / 应用配置 / APP配置	APP配置	编辑配置信息	CU	菜单权限	configSave
平台后台	设置 / 应用配置 / 上传校验文件	上传校验文件	上传文件	C	菜单权限	configUpload
平台后台	设置 / 应用配置 / 上传校验文件	上传校验文件	上传原名文件	C	菜单权限	configUploadName
平台后台	设置 / 应用配置 / 上传校验文件	上传校验文件	微信校验文件上传	C	菜单权限	configWechatUploadSet
平台后台	设置 / 应用配置 / 上传校验文件	上传校验文件	小程序配置	U	菜单权限	configRoutineConfig
平台后台	设置 / 应用配置 / 公众号配置	公众号配置	编辑配置信息	CU	菜单权限	configSave
平台后台	设置 / 应用配置 / 小程序配置	小程序配置	编辑配置信息	CU	菜单权限	configSave
平台后台	设置 / 权限管理	权限管理	一键换色	R	路由	systemGetChangeColor
平台后台	设置 / 权限管理	权限管理	一键换色保存	C	路由	systemSetChangeColor
平台后台	设置 / 权限管理	权限管理	列表 	R	路由	systemDiyPageCategroyLst
平台后台	设置 / 权限管理	权限管理	添加表单	C	路由	systemDiyPageCategroyCreateForm
平台后台	设置 / 权限管理	权限管理	添加	C	路由	systemDiyPageCategroyCreate
平台后台	设置 / 权限管理	权限管理	编辑表单	U	路由	systemDiyPageCategroyUpdateForm
平台后台	设置 / 权限管理	权限管理	编辑	U	路由	systemDiyPageCategroyUpdate
平台后台	设置 / 权限管理 / 管理员管理	管理员管理	管理员列表	R	菜单权限	systemAdminLst
平台后台	设置 / 权限管理 / 管理员管理	管理员管理	管理员修改状态	U	菜单权限	systemAdminStatus
平台后台	设置 / 权限管理 / 管理员管理	管理员管理	管理员添加	C	菜单权限	systemAdminCreate
平台后台	设置 / 权限管理 / 管理员管理	管理员管理	管理员编辑	U	菜单权限	systemAdminUpdate
平台后台	设置 / 权限管理 / 管理员管理	管理员管理	管理员修改密码	U	菜单权限	systemAdminPassword
平台后台	设置 / 权限管理 / 管理员管理	管理员管理	管理员删除	D	菜单权限	systemAdminDelete
平台后台	设置 / 权限管理 / 管理员管理	管理员管理	上传图片	C	菜单权限	uploadImage
平台后台	设置 / 权限管理 / 管理员管理	管理员管理	图片列表	R	菜单权限	systemAttachmentLst
平台后台	设置 / 权限管理 / 管理员管理	管理员管理	管理员列表	R	菜单权限	systemAdminLst
平台后台	设置 / 权限管理 / 管理员管理	管理员管理	管理员修改状态	U	菜单权限	systemAdminStatus
平台后台	设置 / 权限管理 / 管理员管理	管理员管理	管理员添加	C	菜单权限	systemAdminCreate
平台后台	设置 / 权限管理 / 管理员管理	管理员管理	管理员编辑	U	菜单权限	systemAdminUpdate
平台后台	设置 / 权限管理 / 管理员管理	管理员管理	管理员修改密码	U	菜单权限	systemAdminPassword
平台后台	设置 / 权限管理 / 管理员管理	管理员管理	管理员删除	D	菜单权限	systemAdminDelete
平台后台	设置 / 权限管理 / 管理员管理	管理员管理	上传图片	C	菜单权限	uploadImage
平台后台	设置 / 权限管理 / 管理员管理	管理员管理	图片列表	R	菜单权限	systemAttachmentLst
平台后台	设置 / 权限管理 / 管理员管理	管理员管理	管理员列表	R	菜单权限	systemAdminLst
平台后台	设置 / 权限管理 / 管理员管理	管理员管理	管理员修改状态	U	菜单权限	systemAdminStatus
平台后台	设置 / 权限管理 / 管理员管理	管理员管理	管理员添加	C	菜单权限	systemAdminCreate
平台后台	设置 / 权限管理 / 管理员管理	管理员管理	管理员编辑	U	菜单权限	systemAdminUpdate
平台后台	设置 / 权限管理 / 管理员管理	管理员管理	管理员修改密码	U	菜单权限	systemAdminPassword
平台后台	设置 / 权限管理 / 管理员管理	管理员管理	管理员删除	D	菜单权限	systemAdminDelete
平台后台	设置 / 权限管理 / 管理员管理	管理员管理	上传图片	C	菜单权限	uploadImage
平台后台	设置 / 权限管理 / 管理员管理	管理员管理	图片列表	R	菜单权限	systemAttachmentLst
平台后台	设置 / 权限管理 / 菜单管理	菜单管理	平台菜单/权限列表	R	菜单权限	systemMenuGetLst
平台后台	设置 / 权限管理 / 菜单管理	菜单管理	平台菜单/权限添加	C	菜单权限	systemMenuCreate
平台后台	设置 / 权限管理 / 菜单管理	菜单管理	平台菜单/权限编辑	U	菜单权限	systemMenuUpdate
平台后台	设置 / 权限管理 / 菜单管理	菜单管理	平台菜单/权限删除	D	菜单权限	systemMenuDelete
平台后台	设置 / 权限管理 / 菜单管理	菜单管理	搜索获取菜单	R	菜单权限	getMenusList
平台后台	设置 / 权限管理 / 角色权限	角色权限	身份列表	R	菜单权限	systemRoleGetList
平台后台	设置 / 权限管理 / 角色权限	角色权限	身份添加	C	菜单权限	systemRoleCreate
平台后台	设置 / 权限管理 / 角色权限	角色权限	身份编辑	U	菜单权限	systemRoleUpdate
平台后台	设置 / 权限管理 / 角色权限	角色权限	身份修改状态	U	菜单权限	systemRoleStatus
平台后台	设置 / 权限管理 / 角色权限	角色权限	身份删除	D	菜单权限	systemRoleDelete
平台后台	设置 / 权限管理 / 角色权限	角色权限	身份列表	R	菜单权限	systemOrganizationRoleGetList
平台后台	设置 / 权限管理 / 角色权限	角色权限	身份添加	C	菜单权限	systemOrganizationRoleCreate
平台后台	设置 / 权限管理 / 角色权限	角色权限	身份编辑	U	菜单权限	systemOrganizationRoleUpdate
平台后台	设置 / 权限管理 / 角色权限	角色权限	身份修改状态	U	菜单权限	systemOrganizationRoleStatus
平台后台	设置 / 权限管理 / 角色权限	角色权限	身份删除	D	菜单权限	systemOrganizationRoleDelete
平台后台	设置 / 权限管理 / 角色权限	角色权限	身份选项	O	菜单权限	systemOrganizationRoleOptions
平台后台	设置 / 权限管理 / 角色权限	角色权限	身份列表	R	菜单权限	systemRoleGetList
平台后台	设置 / 权限管理 / 角色权限	角色权限	身份添加	C	菜单权限	systemRoleCreate
平台后台	设置 / 权限管理 / 角色权限	角色权限	身份编辑	U	菜单权限	systemRoleUpdate
平台后台	设置 / 权限管理 / 角色权限	角色权限	身份修改状态	U	菜单权限	systemRoleStatus
平台后台	设置 / 权限管理 / 角色权限	角色权限	身份删除	D	菜单权限	systemRoleDelete
平台后台	设置 / 权限管理 / 角色权限	角色权限	身份列表	R	菜单权限	systemOrganizationRoleGetList
平台后台	设置 / 权限管理 / 角色权限	角色权限	身份添加	C	菜单权限	systemOrganizationRoleCreate
平台后台	设置 / 权限管理 / 角色权限	角色权限	身份编辑	U	菜单权限	systemOrganizationRoleUpdate
平台后台	设置 / 权限管理 / 角色权限	角色权限	身份修改状态	U	菜单权限	systemOrganizationRoleStatus
平台后台	设置 / 权限管理 / 角色权限	角色权限	身份删除	D	菜单权限	systemOrganizationRoleDelete
平台后台	设置 / 权限管理 / 角色权限	角色权限	身份选项	O	菜单权限	systemOrganizationRoleOptions
平台后台	设置 / 权限管理 / 角色权限	角色权限	身份列表	R	菜单权限	systemRoleGetList
平台后台	设置 / 权限管理 / 角色权限	角色权限	身份添加	C	菜单权限	systemRoleCreate
平台后台	设置 / 权限管理 / 角色权限	角色权限	身份编辑	U	菜单权限	systemRoleUpdate
平台后台	设置 / 权限管理 / 角色权限	角色权限	身份修改状态	U	菜单权限	systemRoleStatus
平台后台	设置 / 权限管理 / 角色权限	角色权限	身份删除	D	菜单权限	systemRoleDelete
平台后台	设置 / 消息管理	消息管理	(页面入口)	R	待补	
平台后台	设置 / 消息管理 / 公告管理	公告管理	系统公告列表	R	菜单权限	systemNoticeList
平台后台	设置 / 消息管理 / 公告管理	公告管理	系统公告发布	C	菜单权限	systemNoticeCreate
平台后台	设置 / 消息管理 / 公告管理	公告管理	系统公告编辑	U	菜单权限	systemNoticeUpdate
平台后台	设置 / 消息管理 / 公告管理	公告管理	系统公告修改状态	U	菜单权限	systemNoticeSwitchStatus
平台后台	设置 / 消息管理 / 公告管理	公告管理	系统公告详情	R	菜单权限	systemNoticeDetail
平台后台	设置 / 消息管理 / 公告管理	公告管理	系统公告删除	D	菜单权限	systemNoticeDelete
平台后台	设置 / 消息管理 / 消息管理	消息管理	消息配置列表	RU	菜单权限	systemNoticeConfigLst
平台后台	设置 / 消息管理 / 消息管理	消息管理	消息配置添加	CU	菜单权限	systemNoticeConfigCreate
平台后台	设置 / 消息管理 / 消息管理	消息管理	消息配置编辑	U	菜单权限	systemNoticeConfigUpdate
平台后台	设置 / 消息管理 / 消息管理	消息管理	消息配置详情	RU	菜单权限	systemNoticeConfigDetail
平台后台	设置 / 消息管理 / 消息管理	消息管理	消息配置删除	UD	菜单权限	systemNoticeConfigDelete
平台后台	设置 / 消息管理 / 消息管理	消息管理	消息配置修改状态	U	菜单权限	systemNoticeConfigStatus
平台后台	设置 / 消息管理 / 消息管理	消息管理	消息配置修改模板ID	RU	菜单权限	systemNoticeConfigGetChangeTempId
平台后台	设置 / 消息管理 / 消息管理	消息管理	消息配置修改模板ID	U	菜单权限	systemNoticeConfigSetChangeTempId
平台后台	设置 / 系统设置	系统设置	配置表单	R	路由	systemDeliveryConfigForm
平台后台	设置 / 系统设置	系统设置	编辑配置	U	路由	systemDeliveryConfigSave
平台后台	设置 / 系统设置 / 一号通	一号通	(页面入口)	R	待补	
平台后台	设置 / 系统设置 / 一号通 / 商户结余	商户结余	商户结余	R	菜单权限	systemServeMerLst
平台后台	设置 / 系统设置 / 一号通 / 服务配置	服务配置	列表	R	菜单权限	systemServeMerMealLst
平台后台	设置 / 系统设置 / 一号通 / 服务配置	服务配置	详情	R	菜单权限	systemServeMealDetail
平台后台	设置 / 系统设置 / 一号通 / 服务配置	服务配置	添加	C	菜单权限	systemServeMealCreate
平台后台	设置 / 系统设置 / 一号通 / 服务配置	服务配置	编辑	U	菜单权限	systemServeMealUpdate
平台后台	设置 / 系统设置 / 一号通 / 服务配置	服务配置	删除	D	菜单权限	systemServeMealDelete
平台后台	设置 / 系统设置 / 一号通 / 服务配置	服务配置	修改状态	U	菜单权限	systemServeMealStatus
平台后台	设置 / 系统设置 / 一号通 / 登陆入口	登陆入口	使用记录	CR	菜单权限	systemStoreProductCopyLst
平台后台	设置 / 系统设置 / 一号通 / 登陆入口	登陆入口	短信发送记录	CR	菜单权限	smsRecord
平台后台	设置 / 系统设置 / 一号通 / 登陆入口	登陆入口	退出登录	O	菜单权限	smsLogout
平台后台	设置 / 系统设置 / 一号通 / 登陆入口	登陆入口	获取验证码	R	菜单权限	systemServeCaptcha
平台后台	设置 / 系统设置 / 一号通 / 登陆入口	登陆入口	验证码校验	O	菜单权限	systemServeCaptchaCheck
平台后台	设置 / 系统设置 / 一号通 / 登陆入口	登陆入口	注册	O	菜单权限	systemServeRegister
平台后台	设置 / 系统设置 / 一号通 / 登陆入口	登陆入口	登录	O	菜单权限	systemServeLogin
平台后台	设置 / 系统设置 / 一号通 / 登陆入口	登陆入口	修改密码	U	菜单权限	systemServeChangePassword
平台后台	设置 / 系统设置 / 一号通 / 登陆入口	登陆入口	修改手机号	U	菜单权限	systemServeChangePhone
平台后台	设置 / 系统设置 / 一号通 / 登陆入口	登陆入口	检测登录状态	U	菜单权限	systemServeIsLogin
平台后台	设置 / 系统设置 / 一号通 / 登陆入口	登陆入口	使用记录	R	菜单权限	systemServeRecordLst
平台后台	设置 / 系统设置 / 一号通 / 登陆入口	登陆入口	套餐列表	R	菜单权限	systemServeMealLst
平台后台	设置 / 系统设置 / 一号通 / 登陆入口	登陆入口	购买套餐	O	菜单权限	systemServePayMeal
平台后台	设置 / 系统设置 / 一号通 / 登陆入口	登陆入口	开通服务	C	菜单权限	systemServeOpenServe
平台后台	设置 / 系统设置 / 一号通 / 登陆入口	登陆入口	修改签名	U	菜单权限	systemServeChangeSign
平台后台	设置 / 系统设置 / 一号通 / 登陆入口	登陆入口	模板	R	菜单权限	systemServeExportTemps
平台后台	设置 / 系统设置 / 一号通 / 登陆入口	登陆入口	使用记录	R	菜单权限	systemServeExportDumpLst
平台后台	设置 / 系统设置 / 一号通 / 短信设置	短信设置	短信模板	R	路由	systemServeSmsTemps
平台后台	设置 / 系统设置 / 一号通 / 短信设置	短信设置	申请模板	C	路由	systemServeSmsApply
平台后台	设置 / 系统设置 / 一号通 / 短信设置 / 申请记录	申请记录	申请记录	CR	菜单权限	systemServeSmsApplyRecord
平台后台	设置 / 系统设置 / 一号通 / 短信设置 / 短信模板	短信模板	短信模板	O	菜单权限	systemServeSmsTemps
平台后台	设置 / 系统设置 / 一号通 / 短信设置 / 短信模板	短信模板	申请模板	C	菜单权限	systemServeSmsApply
平台后台	设置 / 系统设置 / 一号通 / 短信设置 / 短信账户	短信账户	(页面入口)	R	待补	
平台后台	设置 / 系统设置 / 一号通 / 短信设置 / 短信配置	短信配置	编辑配置信息	CU	菜单权限	configSave
平台后台	设置 / 系统设置 / 一号通 / 购买记录	购买记录	购买记录	R	菜单权限	systemServePayLst
平台后台	设置 / 系统设置 / 一号通 / 购买记录	购买记录	商户购买记录	R	菜单权限	systemServeMerPayLst
平台后台	设置 / 系统设置 / 存储管理	存储管理	配置信息	RU	菜单权限	systemStorageGetConfig
平台后台	设置 / 系统设置 / 存储管理	存储管理	提交配置	CU	菜单权限	systemStorageSetConfig
平台后台	设置 / 系统设置 / 存储管理	存储管理	保存云存储配置	CU	菜单权限	systemStorageUpdate
平台后台	设置 / 系统设置 / 存储管理	存储管理	同步存储空间	U	菜单权限	systemStorageSync
平台后台	设置 / 系统设置 / 存储管理	存储管理	存储空间列表	R	菜单权限	systemStorageLstRegion
平台后台	设置 / 系统设置 / 存储管理	存储管理	添加存储空间	C	菜单权限	systemStorageCreateRegion
平台后台	设置 / 系统设置 / 存储管理	存储管理	删除存储空间	D	菜单权限	systemStorageDeleteRegion
平台后台	设置 / 系统设置 / 存储管理	存储管理	使用存储空间	U	菜单权限	systemStorageRegionSwtichStatus
平台后台	设置 / 系统设置 / 存储管理	存储管理	修改存储空间名称	U	菜单权限	systemStorageUpdateDomain
平台后台	设置 / 系统设置 / 接口配置	接口配置	编辑配置信息	CU	菜单权限	configSave
平台后台	设置 / 系统设置 / 系统设置	系统设置	编辑配置信息	CU	菜单权限	configSave
平台后台	财务	财务	配置信息	R	路由	systemOrderProfitsharingGetConfig
平台后台	财务	财务	配置保存	C	路由	systemOrderProfitsharingSetConfig
平台后台	财务	财务	申请列表	R	路由	systemUserExtractLst
平台后台	财务	财务	审核表单	U	路由	systemUserExtractSwitchStatusForm
平台后台	财务	财务	审核	U	路由	systemUserExtractSwitchStatus
平台后台	财务 / 发票管理	发票管理	(页面入口)	R	待补	
平台后台	财务 / 发票管理 / 发票列表	发票列表	列表	R	菜单权限	systemOrderReceiptList
平台后台	财务 / 发票管理 / 发票列表	发票列表	详情	R	菜单权限	systemOrderReceiptDetail
平台后台	财务 / 发票管理 / 发票说明	发票说明	发票说明 	C	菜单权限	systemAgreeSave
平台后台	财务 / 商圈代理	商圈代理	结算方式get	R	路由	systemCircleAgentGetSettlementMethod
平台后台	财务 / 商圈代理	商圈代理	结算方式post	C	路由	systemCircleAgentSetSettlementMethod
平台后台	财务 / 商圈代理	商圈代理	结算记录列表	R	路由	systemCircleCheckoutList
平台后台	财务 / 商圈代理	商圈代理	结算记录详情	R	路由	systemCircleCheckoutDetail
平台后台	财务 / 商圈代理	商圈代理	平台结算审核	U	路由	systemCircleCheckoutAudit
平台后台	财务 / 商圈代理 / 提成流水	提成流水	商圈提成流水列表	R	菜单权限	systemCircleFinancialRecordList
平台后台	财务 / 商圈代理 / 提成流水	提成流水	商圈提成流水列表	R	菜单权限	systemCircleFinancialRecordList
平台后台	财务 / 商圈代理 / 申请结算	申请结算	商圈申请结算获取余额	CR	菜单权限	systemCircleCheckoutCreate
平台后台	财务 / 商圈代理 / 申请结算	申请结算	商圈申请结算提交	C	菜单权限	systemCircleCheckoutSave
平台后台	财务 / 商圈代理 / 申请结算	申请结算	商圈撤销结算	O	菜单权限	systemCircleCheckoutRevoke
平台后台	财务 / 商圈代理 / 申请结算	申请结算	商圈备注	U	菜单权限	systemCircleCheckoutRemark
平台后台	财务 / 商圈代理 / 结算审核	结算审核	平台结算审核	U	菜单权限	systemCircleCheckoutAudit
平台后台	财务 / 商圈代理 / 结算审核	结算审核	平台转账	O	菜单权限	systemCircleCheckoutTransfer
平台后台	财务 / 商圈代理 / 结算审核	结算审核	平台备注	U	菜单权限	systemCircleCheckoutPlatformRemark
平台后台	财务 / 商圈代理 / 结算账号	结算账号	结算方式get	R	菜单权限	systemCircleAgentGetSettlementMethod
平台后台	财务 / 商圈代理 / 结算账号	结算账号	结算方式post	O	菜单权限	systemCircleAgentSetSettlementMethod
平台后台	财务 / 店铺结算	店铺结算	(页面入口)	R	待补	
平台后台	财务 / 店铺结算 / 分账管理	分账管理	列表	R	菜单权限	systemOrderProfitsharingLst
平台后台	财务 / 店铺结算 / 分账管理	分账管理	重新分账	O	菜单权限	systemOrderProfitsharingAgain
平台后台	财务 / 店铺结算 / 分账管理	分账管理	导出	R	菜单权限	systemOrderProfitsharingExport
平台后台	财务 / 店铺结算 / 分账管理	分账管理	导出列表	R	菜单权限	systemStoreExcelLst
平台后台	财务 / 店铺结算 / 分账管理	分账管理	导出下载	R	菜单权限	systemStoreExcelDownload
平台后台	财务 / 店铺结算 / 平台账单	平台账单	列表	R	菜单权限	systemFinancialRecordLst
平台后台	财务 / 店铺结算 / 平台账单	平台账单	统计	R	菜单权限	systemFinancialRecordTitle
平台后台	财务 / 店铺结算 / 平台账单	平台账单	详情	R	菜单权限	systemFinancialRecordDetail
平台后台	财务 / 店铺结算 / 平台账单	平台账单	导出	R	菜单权限	systemFinancialRecordDetailExport
平台后台	财务 / 店铺结算 / 平台账单	平台账单	导出列表	R	菜单权限	systemStoreExcelLst
平台后台	财务 / 店铺结算 / 平台账单	平台账单	导出下载	R	菜单权限	systemStoreExcelDownload
平台后台	财务 / 店铺结算 / 店铺账单	店铺账单	商户列表	R	菜单权限	systemFinancialRecordMerLst
平台后台	财务 / 店铺结算 / 店铺账单	店铺账单	商户统计	R	菜单权限	systemFinancialRecordMerAcountsLst
平台后台	财务 / 店铺结算 / 店铺账单	店铺账单	商户财务头部统计	R	菜单权限	systemFinancialRecordMerTitle
平台后台	财务 / 店铺结算 / 店铺账单	店铺账单	商户财务详情	R	菜单权限	systemFinancialRecordMerDetail
平台后台	财务 / 店铺结算 / 店铺账单	店铺账单	商户财务导出	R	菜单权限	systemFinancialRecordMerExcel
平台后台	财务 / 店铺结算 / 店铺账单	店铺账单	商户列表	R	菜单权限	systemFinancialRecordMerLst
平台后台	财务 / 店铺结算 / 店铺账单	店铺账单	商户统计	R	菜单权限	systemFinancialRecordMerAcountsLst
平台后台	财务 / 店铺结算 / 店铺账单	店铺账单	商户财务头部统计	R	菜单权限	systemFinancialRecordMerTitle
平台后台	财务 / 店铺结算 / 店铺账单	店铺账单	商户财务详情	R	菜单权限	systemFinancialRecordMerDetail
平台后台	财务 / 店铺结算 / 店铺账单	店铺账单	商户财务导出	R	菜单权限	systemFinancialRecordMerExcel
平台后台	财务 / 店铺结算 / 转账记录	转账记录	列表	R	菜单权限	systemFinancialList
平台后台	财务 / 店铺结算 / 转账记录	转账记录	详情	R	菜单权限	systemFinancialDetail
平台后台	财务 / 店铺结算 / 转账记录	转账记录	编辑	U	菜单权限	systemFinancialUpdate
平台后台	财务 / 店铺结算 / 转账记录	转账记录	修改状态	U	菜单权限	systemFinancialSwitchStatus
平台后台	财务 / 店铺结算 / 转账记录	转账记录	备注	U	菜单权限	systemFinancialMark
平台后台	财务 / 店铺结算 / 转账记录	转账记录	统计	R	菜单权限	systemFinancialTitle
平台后台	财务 / 店铺结算 / 转账记录	转账记录	导出	R	菜单权限	systemFinancialExport
平台后台	财务 / 店铺结算 / 转账记录	转账记录	导出列表	R	菜单权限	systemStoreExcelLst
平台后台	财务 / 店铺结算 / 转账记录	转账记录	导出下载	R	菜单权限	systemStoreExcelDownload
平台后台	财务 / 店铺结算 / 转账设置	转账设置	配置信息	RU	菜单权限	systemOrderProfitsharingGetConfig
平台后台	财务 / 店铺结算 / 转账设置	转账设置	配置保存	CU	菜单权限	systemOrderProfitsharingSetConfig
平台后台	财务 / 用户结算	用户结算	(页面入口)	R	待补	
平台后台	财务 / 用户结算 / 充值记录	充值记录	列表	R	菜单权限	systemUserRechargeList
平台后台	财务 / 用户结算 / 充值记录	充值记录	统计	R	菜单权限	systemUserRechargeTotal
平台后台	财务 / 用户结算 / 提现管理	提现管理	申请列表	CR	菜单权限	systemUserExtractLst
平台后台	财务 / 用户结算 / 提现管理	提现管理	审核	U	菜单权限	systemUserExtractSwitchStatus
平台后台	财务 / 用户结算 / 提现管理	提现管理	导出	R	菜单权限	systemUserExtractExport
平台后台	财务 / 用户结算 / 提现管理	提现管理	导出列表	R	菜单权限	systemStoreExcelLst
平台后台	财务 / 用户结算 / 提现管理	提现管理	导出下载	R	菜单权限	systemStoreExcelDownload
平台后台	财务 / 用户结算 / 提现管理	提现管理	详情	R	菜单权限	systemUserExtractDetail
平台后台	财务 / 用户结算 / 资金记录	资金记录	列表	R	菜单权限	systemUserBillList
平台后台	财务 / 用户结算 / 资金记录	资金记录	导出	R	菜单权限	systemUserBillExport
平台后台	财务 / 用户结算 / 资金记录	资金记录	导出列表	R	菜单权限	systemStoreExcelLst
平台后台	财务 / 用户结算 / 资金记录	资金记录	导出下载	R	菜单权限	systemStoreExcelDownload
平台后台	财务 / 资金流水	资金流水	列表	R	菜单权限	systemFinancialRecordList
平台后台	财务 / 资金流水	资金流水	导出	R	菜单权限	systemFinancialRecordExport
平台后台	财务 / 资金流水	资金流水	统计	R	菜单权限	systemFinancialCount
平台后台	财务 / 资金流水	资金流水	导出列表	R	菜单权限	systemStoreExcelLst
平台后台	财务 / 资金流水	资金流水	导出下载	R	菜单权限	systemStoreExcelDownload
平台后台	首页	首页	分账商户申请备注	C	路由	systemMerchantApplymentsMarrkSave
平台后台	首页	首页	列表	R	路由	systemOrderProfitsharingLst
平台后台	首页 / 商品统计	商品统计	顶部统计	R	菜单权限	systemAnalyticsProductTop
平台后台	首页 / 商品统计	商品统计	折线图统计	R	菜单权限	systemAnalyticsProductLineChart
平台后台	首页 / 商品统计	商品统计	折线图统计	R	菜单权限	systemAnalyticsProductTypePieChart
平台后台	首页 / 商品统计	商品统计	顶部统计	R	菜单权限	systemAnalyticsProductTop
平台后台	首页 / 商品统计	商品统计	折线图统计	R	菜单权限	systemAnalyticsProductLineChart
平台后台	首页 / 商品统计	商品统计	折线图统计	R	菜单权限	systemAnalyticsProductTypePieChart
平台后台	首页 / 商品统计	商品统计	顶部统计	R	菜单权限	systemAnalyticsProductTop
平台后台	首页 / 商品统计	商品统计	折线图统计	R	菜单权限	systemAnalyticsProductLineChart
平台后台	首页 / 商品统计	商品统计	折线图统计	R	菜单权限	systemAnalyticsProductTypePieChart
平台后台	首页 / 控制台	控制台	主要数据	O	菜单权限	systemStatisticsMain
平台后台	首页 / 控制台	控制台	当日订单	O	菜单权限	systemStatisticsOrder
平台后台	首页 / 控制台	控制台	当日订单数	O	菜单权限	systemStatisticsOrderNum
平台后台	首页 / 控制台	控制台	当日支付人数	O	菜单权限	systemStatisticsOrderUser
平台后台	首页 / 控制台	控制台	商户销量	O	菜单权限	systemStatisticsMerchantStock
平台后台	首页 / 控制台	控制台	商户访问量	O	菜单权限	systemStatisticsMerchantRate
平台后台	首页 / 控制台	控制台	商户销售额	O	菜单权限	systemStatisticsMerchantVisit
平台后台	首页 / 控制台	控制台	用户数据	O	菜单权限	systemStatisticsUserData
平台后台	首页 / 控制台	控制台	成交用户	O	菜单权限	systemStatisticsUser
平台后台	首页 / 控制台	控制台	成交用户占比	O	菜单权限	systemStatisticsUserRate
平台后台	首页 / 控制台	控制台	未处理业务统计	RU	菜单权限	systemStatisticsAdminCount
平台后台	首页 / 控制台	控制台	待办事项	O	菜单权限	systemStatisticsAdminTodo
平台后台	首页 / 控制台	控制台	商户销量排行	O	菜单权限	systemStatisticsMerchantTop
平台后台	首页 / 数据大屏	数据大屏	数据大屏	O	菜单权限	systemDataScreen
平台后台	首页 / 用户统计	用户统计	顶部统计	R	菜单权限	systemAnalyticsUserTop
平台后台	首页 / 用户统计	用户统计	折线图统计	R	菜单权限	systemAnalyticsUserLineChart
平台后台	首页 / 用户统计	用户统计	折线图统计	R	菜单权限	systemAnalyticsUserTypePieChart
平台后台	首页 / 订单统计	订单统计	顶部统计	R	菜单权限	systemAnalyticsOrderTop
平台后台	首页 / 订单统计	订单统计	折线图统计	R	菜单权限	systemAnalyticsOrderLineChart
平台后台	首页 / 订单统计	订单统计	折线图统计	R	菜单权限	systemAnalyticsOrderTypePieChart
平台后台	首页 / 订单统计	订单统计	顶部统计	R	菜单权限	systemAnalyticsOrderTop
平台后台	首页 / 订单统计	订单统计	折线图统计	R	菜单权限	systemAnalyticsOrderLineChart
平台后台	首页 / 订单统计	订单统计	折线图统计	R	菜单权限	systemAnalyticsOrderTypePieChart
平台后台	首页 / 订单统计	订单统计	顶部统计	R	菜单权限	systemAnalyticsOrderTop
平台后台	首页 / 订单统计	订单统计	折线图统计	R	菜单权限	systemAnalyticsOrderLineChart
平台后台	首页 / 订单统计	订单统计	折线图统计	R	菜单权限	systemAnalyticsOrderTypePieChart
商户后台	公告	公告	列表	R	菜单权限	systemNoticeLogList
商户后台	公告	公告	已读	R	菜单权限	systemNoticeLogRead
商户后台	公告	公告	删除	D	菜单权限	systemNoticeLogDel
商户后台	公告	公告	未读统计	R	菜单权限	systemNoticeLogUnreadCount
商户后台	公告	公告	详情	R	菜单权限	systemNoticeLogDetail
商户后台	员工	员工	(页面入口)	R	待补	
商户后台	员工 / 店员管理	店员管理	(页面入口)	R	待补	
商户后台	员工 / 店员管理 / 店员列表	店员列表	列表	R	菜单权限	merchantServiceLst
商户后台	员工 / 店员管理 / 店员列表	店员列表	登录	O	菜单权限	merchantServiceLogin
商户后台	员工 / 店员管理 / 店员列表	店员列表	添加	C	菜单权限	merchantServiceCreate
商户后台	员工 / 店员管理 / 店员列表	店员列表	编辑	U	菜单权限	merchantServiceUpdate
商户后台	员工 / 店员管理 / 店员列表	店员列表	修改状态	U	菜单权限	merchantServiceSwitchStatus
商户后台	员工 / 店员管理 / 店员列表	店员列表	删除	D	菜单权限	merchantServiceDelete
商户后台	员工 / 店员管理 / 店员列表	店员列表	客服的全部用户 	O	菜单权限	merchantServiceServiceUserList
商户后台	员工 / 店员管理 / 店员列表	店员列表	用户与客服聊天记录	R	菜单权限	merchantServiceServiceUserLogLst
商户后台	员工 / 店员管理 / 店员列表	店员列表	客服的聊天用户列表	R	菜单权限	merchantServiceServiceMerchantUserList
商户后台	员工 / 店员管理 / 店员列表	店员列表	用户与商户聊天记录	R	菜单权限	merchantServiceMerchantUserLogLst
商户后台	员工 / 店员管理 / 店员配置	店员配置	(页面入口)	R	待补	
商户后台	员工 / 店员管理 / 自动回复	自动回复	列表	R	菜单权限	merchantServiceReplyLst
商户后台	员工 / 店员管理 / 自动回复	自动回复	添加	C	菜单权限	merchantServiceReplyCreate
商户后台	员工 / 店员管理 / 自动回复	自动回复	编辑	U	菜单权限	merchantServiceReplyUpdate
商户后台	员工 / 店员管理 / 自动回复	自动回复	切换状态	U	菜单权限	merchantServiceReplyStatus
商户后台	员工 / 店员管理 / 自动回复	自动回复	删除	D	菜单权限	merchantServiceReplyDelete
商户后台	员工 / 服务人员	服务人员	列表	R	菜单权限	merchantStaffsLst
商户后台	员工 / 服务人员	服务人员	添加	C	菜单权限	merchantStaffsCreate
商户后台	员工 / 服务人员	服务人员	编辑	U	菜单权限	merchantStaffsUpdate
商户后台	员工 / 服务人员	服务人员	修改状态	U	菜单权限	merchantStaffsSwitchStatus
商户后台	员工 / 服务人员	服务人员	删除	D	菜单权限	merchantStaffsDelete
商户后台	员工 / 服务人员	服务人员	列表	R	菜单权限	merchantStaffsStatisticsList
商户后台	员工 / 服务人员	服务人员	详情	R	菜单权限	merchantStaffsStatisticsDetail
商户后台	员工 / 服务人员 / 服务人员	服务人员	列表	R	路由	merchantStaffsStatisticsList
商户后台	员工 / 服务人员 / 服务人员	服务人员	详情	R	路由	merchantStaffsStatisticsDetail
商户后台	员工 / 服务人员 / 服务统计	服务统计	客服的聊天用户列表	R	路由	merchantServiceServiceMerchantUserList
商户后台	员工 / 服务人员 / 服务统计	服务统计	用户与商户聊天记录	R	路由	merchantServiceMerchantUserLogLst
商户后台	员工 / 服务人员 / 服务统计	服务统计	列表	R	路由	merchantServiceReplyLst
商户后台	员工 / 服务人员 / 服务统计	服务统计	添加	C	路由	merchantServiceReplyCreate
商户后台	员工 / 服务人员 / 服务统计	服务统计	编辑	U	路由	merchantServiceReplyUpdate
商户后台	员工 / 配送人员	配送人员	列表	R	菜单权限	merchantDeliveryServiceLst
商户后台	员工 / 配送人员	配送人员	修改状态	U	菜单权限	merchantDeliveryServiceStatus
商户后台	员工 / 配送人员	配送人员	添加	C	菜单权限	merchantDeliveryServiceCreate
商户后台	员工 / 配送人员	配送人员	编辑	U	菜单权限	merchantDeliveryServiceUpdate
商户后台	员工 / 配送人员	配送人员	删除	D	菜单权限	merchantDeliveryServiceDelete
商户后台	员工 / 配送人员	配送人员	统计列表	R	菜单权限	merchantDeliveryServiceStatisticsList
商户后台	员工 / 配送人员	配送人员	统计详情	R	菜单权限	merchantDeliveryServiceStatisticsDetail
商户后台	员工 / 配送人员 / 配送员管理	配送员管理	列表	R	菜单权限	merchantDeliveryServiceLst
商户后台	员工 / 配送人员 / 配送员管理	配送员管理	修改状态	U	菜单权限	merchantDeliveryServiceStatus
商户后台	员工 / 配送人员 / 配送员管理	配送员管理	添加	C	菜单权限	merchantDeliveryServiceCreate
商户后台	员工 / 配送人员 / 配送员管理	配送员管理	编辑	U	菜单权限	merchantDeliveryServiceUpdate
商户后台	员工 / 配送人员 / 配送员管理	配送员管理	删除	D	菜单权限	merchantDeliveryServiceDelete
商户后台	员工 / 配送人员 / 配送员管理	配送员管理	统计列表	R	菜单权限	merchantDeliveryServiceStatisticsList
商户后台	员工 / 配送人员 / 配送员管理	配送员管理	统计详情	R	菜单权限	merchantDeliveryServiceStatisticsDetail
商户后台	员工 / 配送人员 / 配送统计	配送统计	(页面入口)	R	待补	
商户后台	商品	商品	列表	R	路由	merchantStoreAttrTemplateLst
商户后台	商品	商品	添加 	C	路由	merchantStoreAttrTemplateCreate
商户后台	商品 / 卡密列表	卡密列表	列表	R	菜单权限	merchantStoreProductCdkeyLibraryLst
商户后台	商品 / 卡密列表	卡密列表	列表	R	菜单权限	merchantStoreProductCdkeyLibraryDetail
商户后台	商品 / 卡密列表	卡密列表	添加	C	菜单权限	merchantStoreProductCdkeyLibraryCreate
商户后台	商品 / 卡密列表	卡密列表	编辑表单	U	菜单权限	merchantStoreProductCdkeyLibraryUpdateForm
商户后台	商品 / 卡密列表	卡密列表	编辑	U	菜单权限	merchantStoreProductCdkeyLibraryUpdate
商户后台	商品 / 卡密列表	卡密列表	删除	D	菜单权限	merchantStoreProductCdkeyLibraryDelete
商户后台	商品 / 卡密列表	卡密列表	导出	R	菜单权限	merchantStoreProductCdkeyLibraryExcel
商户后台	商品 / 卡密列表	卡密列表	批量导入	C	菜单权限	merchantStoreProductCdkeyLibraryImport
商户后台	商品 / 卡密列表	卡密列表	卡密列表	R	菜单权限	merchantStoreProductCdkeyLst
商户后台	商品 / 卡密列表	卡密列表	添加卡密	C	菜单权限	merchantStoreProductCdkeyCreate
商户后台	商品 / 卡密列表	卡密列表	编辑卡密	U	菜单权限	merchantStoreProductCdkeyUpdate
商户后台	商品 / 卡密列表	卡密列表	删除卡密	D	菜单权限	merchantStoreProductCdkeyDelete
商户后台	商品 / 卡密列表	卡密列表	批量删除	D	菜单权限	merchantStoreProductCdkeyLibraryBatchDelete
商户后台	商品 / 商品分类	商品分类	编辑	U	菜单权限	merchantStoreCategoryUpdate
商户后台	商品 / 商品分类	商品分类	列表	R	菜单权限	merchantStoreCategoryLst
商户后台	商品 / 商品分类	商品分类	详情	R	菜单权限	merchantStoreCategoryDtailt
商户后台	商品 / 商品分类	商品分类	添加	C	菜单权限	merchantStoreCategoryCreate
商户后台	商品 / 商品分类	商品分类	删除	D	菜单权限	merchantStoreCategoryDelete
商户后台	商品 / 商品分类	商品分类	修改状态	U	菜单权限	merchantStoreCategorySwitchStatus
商户后台	商品 / 商品分类	商品分类	上传图片	C	菜单权限	merchantUploadImage
商户后台	商品 / 商品分类	商品分类	图片列表	R	菜单权限	merchantAttachmentLst
商户后台	商品 / 商品列表	商品列表	头部统计	R	菜单权限	merchantStoreProductLstFilter
商户后台	商品 / 商品列表	商品列表	列表	R	菜单权限	merchantStoreProductLst
商户后台	商品 / 商品列表	商品列表	添加	C	菜单权限	merchantStoreProductCreate
商户后台	商品 / 商品列表	商品列表	详情	R	菜单权限	merchantStoreProductDetail
商户后台	商品 / 商品列表	商品列表	上传视频配置	CU	菜单权限	merchantStoreProductTempKey
商户后台	商品 / 商品列表	商品列表	编辑	U	菜单权限	merchantStoreProductUpdate
商户后台	商品 / 商品列表	商品列表	删除	D	菜单权限	merchantStoreProductDelete
商户后台	商品 / 商品列表	商品列表	加入回收站	O	菜单权限	merchantStoreProductDestory
商户后台	商品 / 商品列表	商品列表	恢复	O	菜单权限	merchantStoreProductRestore
商户后台	商品 / 商品列表	商品列表	上下架	U	菜单权限	merchantStoreProductSwitchStatus
商户后台	商品 / 商品列表	商品列表	排序	U	菜单权限	merchantStoreProductUpdateSort
商户后台	商品 / 商品列表	商品列表	预览	R	菜单权限	merchantStoreProductPreview
商户后台	商品 / 商品列表	商品列表	标签	O	菜单权限	merchantStoreProductLabels
商户后台	商品 / 商品列表	商品列表	获取规格	R	菜单权限	merchantStoreProductAttrValue
商户后台	商品 / 商品列表	商品列表	列表	CR	菜单权限	merchantStoreProductCopyLst
商户后台	商品 / 商品列表	商品列表	获取信息	CR	菜单权限	merchantStoreProductCopyGet
商户后台	商品 / 商品列表	商品列表	统计	CR	菜单权限	merchantStoreProductCopyCount
商户后台	商品 / 商品列表	商品列表	保存	C	菜单权限	merchantStoreProductCopySave
商户后台	商品 / 商品列表	商品列表	上传图片	C	菜单权限	merchantUploadImage
商户后台	商品 / 商品列表	商品列表	图片列表	R	菜单权限	merchantAttachmentLst
商户后台	商品 / 商品列表	商品列表	免审编辑	U	菜单权限	merchantStoreProductFreeTrial
商户后台	商品 / 商品列表	商品列表	批量上下架	U	菜单权限	merchantStoreProductSwitchBatchStatus
商户后台	商品 / 商品列表	商品列表	批量设置运费模板	U	菜单权限	merchantStoreProductSwitchBatchTemplate
商户后台	商品 / 商品列表	商品列表	批量设置标签	U	菜单权限	merchantStoreProductSwitchBatchLabels
商户后台	商品 / 商品列表	商品列表	批量设置推荐	U	菜单权限	merchantStoreProductSwitchBatchHot
商户后台	商品 / 商品列表	商品列表	批量设置推荐	U	菜单权限	merchantStoreProductSwitchBatchExtension
商户后台	商品 / 商品列表	商品列表	批量设置会员价	U	菜单权限	merchantStoreProductSwitchBatchSvipType
商户后台	商品 / 商品列表	商品列表	获取规格	R	菜单权限	merchantStoreProductFormatAttr
商户后台	商品 / 商品列表	商品列表	获取批量修改列表	RU	菜单权限	merchantStoreProductGetBatchList
商户后台	商品 / 商品列表	商品列表	批量修改商品属性	U	菜单权限	merchantStoreProductSwitchBatchProcess
商户后台	商品 / 商品列表	商品列表	操作记录	R	菜单权限	merchantStoreProductGetOperateList
商户后台	商品 / 商品列表	商品列表	操作记录	R	菜单权限	merchantStoreProductUnbind
商户后台	商品 / 商品列表	商品列表	编辑商品获取信息	RU	菜单权限	merchantStoreProductGetEdit
商户后台	商品 / 商品列表	商品列表	添加预约商品	C	菜单权限	merchantStoreReservationProductCreate
商户后台	商品 / 商品列表	商品列表	获取预约商品	RU	菜单权限	merchantStoreReservationProductEditInfo
商户后台	商品 / 商品列表	商品列表	编辑预约商品	U	菜单权限	merchantStoreReservationProductEdit
商户后台	商品 / 商品列表	商品列表	预约商品详情	R	菜单权限	merchantStoreReservationProductDetail
商户后台	商品 / 商品列表	商品列表	批量修改预约商品库存	U	菜单权限	merchantStoreReservationProductEditStock
商户后台	商品 / 商品列表	商品列表	批量加入回收站	D	菜单权限	merchantStoreProductBatchDelete
商户后台	商品 / 商品列表	商品列表	批量恢复	O	菜单权限	merchantStoreProductBatchRestore
商户后台	商品 / 商品列表	商品列表	批量设置服务保障	U	菜单权限	merchantStoreProductBatchGuarantee
商户后台	商品 / 商品单位	商品单位	商品单位列表	R	菜单权限	merchantStoreProductUnitLst
商户后台	商品 / 商品单位	商品单位	商品单位添加	C	菜单权限	merchantStoreProductUnitCreate
商户后台	商品 / 商品单位	商品单位	商品单位编辑	U	菜单权限	merchantStoreProductUnitUpdate
商户后台	商品 / 商品单位	商品单位	商品单位删除	D	菜单权限	merchantStoreProductUnitDelete
商户后台	商品 / 商品参数	商品参数	列表	R	菜单权限	merchantStoreParameterTemplateLst
商户后台	商品 / 商品参数	商品参数	详情	R	菜单权限	merchantStoreParameterTemplateDetail
商户后台	商品 / 商品参数	商品参数	删除	D	菜单权限	merchantStoreParameterTemplateDelete
商户后台	商品 / 商品参数	商品参数	添加	C	菜单权限	merchantStoreParameterTemplateCreate
商户后台	商品 / 商品参数	商品参数	编辑	U	菜单权限	merchantStoreParameterTemplateUpdate
商户后台	商品 / 商品参数	商品参数	删除属性	D	菜单权限	merchantStoreParameterTemplateDeleteValue
商户后台	商品 / 商品标签	商品标签	列表	R	菜单权限	merchantStoreProductLabelLst
商户后台	商品 / 商品标签	商品标签	添加	C	菜单权限	merchantStoreProductLabelCreate
商户后台	商品 / 商品标签	商品标签	编辑	U	菜单权限	merchantStoreProductLabelUpdate
商户后台	商品 / 商品标签	商品标签	详情	R	菜单权限	merchantStoreProductLabelDetail
商户后台	商品 / 商品标签	商品标签	删除	D	菜单权限	merchantStoreProductLabelDelete
商户后台	商品 / 商品标签	商品标签	修改状态	U	菜单权限	merchantStoreProductLabelStatus
商户后台	商品 / 商品规格	商品规格	列表	R	菜单权限	merchantStoreAttrTemplateLst
商户后台	商品 / 商品规格	商品规格	添加 	C	菜单权限	merchantStoreAttrTemplateCreate
商户后台	商品 / 商品规格	商品规格	删除	D	菜单权限	merchantStoreAttrTemplateDelete
商户后台	商品 / 商品规格	商品规格	文件类型	U	菜单权限	merchantStoreAttrTemplateUpdate
商户后台	商品 / 服务模板	服务模板	列表	R	菜单权限	merchantGuaranteeLst
商户后台	商品 / 服务模板	服务模板	添加	C	菜单权限	smerchantGuaranteeCreate
商户后台	商品 / 服务模板	服务模板	编辑	U	菜单权限	merchantGuaranteeUpdate
商户后台	商品 / 服务模板	服务模板	详情	R	菜单权限	merchantGuaranteeDetail
商户后台	商品 / 服务模板	服务模板	删除	D	菜单权限	merchantGuaranteeDelete
商户后台	商品 / 服务模板	服务模板	排序	U	菜单权限	merchantGuaranteeSort
商户后台	商品 / 服务模板	服务模板	修改状态	U	菜单权限	merchantGuaranteeStatus
商户后台	用户	用户	优惠券可用商品	R	路由	merchantCouponProduct
商户后台	用户	用户	订单列表	R	路由	merchantUserOrder
商户后台	用户	用户	优惠券	R	路由	merchantUserCoupon
商户后台	用户	用户	列表	R	路由	merchantLabelRuleLst
商户后台	用户	用户	添加	C	路由	merchantLabelRuleCreate
商户后台	用户	用户	编辑	U	路由	merchantLabelRuleUpdate
商户后台	用户 / 搜索记录	搜索记录	搜索记录	R	菜单权限	merchantUserSearchLog
商户后台	用户 / 标签管理	标签管理	(页面入口)	R	待补	
商户后台	用户 / 标签管理 / 手动标签	手动标签	列表	R	菜单权限	merchantUserLabelLst
商户后台	用户 / 标签管理 / 手动标签	手动标签	添加	C	菜单权限	merchantUserLabelCreate
商户后台	用户 / 标签管理 / 手动标签	手动标签	删除	D	菜单权限	merchantUserLabelDelete
商户后台	用户 / 标签管理 / 手动标签	手动标签	编辑	U	菜单权限	merchantUserLabelUpdate
商户后台	用户 / 标签管理 / 自动标签	自动标签	列表	R	菜单权限	merchantLabelRuleLst
商户后台	用户 / 标签管理 / 自动标签	自动标签	添加	C	菜单权限	merchantLabelRuleCreate
商户后台	用户 / 标签管理 / 自动标签	自动标签	编辑	U	菜单权限	merchantLabelRuleUpdate
商户后台	用户 / 标签管理 / 自动标签	自动标签	删除	D	菜单权限	merchantLabelRuleDelete
商户后台	用户 / 标签管理 / 自动标签	自动标签	自动同步	U	菜单权限	merchantLabelRuleSync
商户后台	用户 / 用户管理	用户管理	优惠券可用商品	O	菜单权限	merchantCouponProduct
商户后台	用户 / 用户管理	用户管理	发送优惠券	C	菜单权限	merchantCouponSendCoupon
商户后台	用户 / 用户管理	用户管理	列表	R	菜单权限	merchantUserLst
商户后台	用户 / 用户管理	用户管理	修改标签	U	菜单权限	merchantUserChangeLabel
商户后台	用户 / 用户管理	用户管理	订单列表	R	菜单权限	merchantUserOrder
商户后台	用户 / 用户管理	用户管理	优惠券	O	菜单权限	merchantUserCoupon
商户后台	营销	营销	发送优惠券记录	CR	路由	merchantCouponSendLst
商户后台	营销	营销	添加表单	C	路由	merchantCouponCreateForm
商户后台	营销	营销	复制表单	C	路由	merchantCouponIssueCloneForm
商户后台	营销	营销	添加	C	路由	merchantCouponCreate
商户后台	营销 / 专场列表	专场列表	数据详情	R	菜单权限	merchantGroupDetail
商户后台	营销 / 专场列表	专场列表	数据列表	R	菜单权限	merchantGroupDataLst
商户后台	营销 / 专场列表	专场列表	数据添加	C	菜单权限	merchantGroupDataCreate
商户后台	营销 / 专场列表	专场列表	数据编辑	U	菜单权限	merchantGroupDataUpdate
商户后台	营销 / 专场列表	专场列表	数据删除	D	菜单权限	merchantGroupDataDelete
商户后台	营销 / 专场列表	专场列表	数据修改状态	U	菜单权限	merchantGroupDataChangeStatus
商户后台	营销 / 专场列表	专场列表	上传图片	C	菜单权限	uploadImage
商户后台	营销 / 专场列表	专场列表	图片列表	R	菜单权限	systemAttachmentLst
商户后台	营销 / 优惠券	优惠券	发送优惠券记录	CR	路由	merchantCouponSendLst
商户后台	营销 / 优惠券	优惠券	添加表单	C	路由	merchantCouponCreateForm
商户后台	营销 / 优惠券	优惠券	复制表单	C	路由	merchantCouponIssueCloneForm
商户后台	营销 / 优惠券	优惠券	添加	C	路由	merchantCouponCreate
商户后台	营销 / 优惠券 / 优惠券列表	优惠券列表	添加	C	菜单权限	merchantCouponCreate
商户后台	营销 / 优惠券 / 优惠券列表	优惠券列表	修改状态	U	菜单权限	merchantCouponIssueChangeStatus
商户后台	营销 / 优惠券 / 优惠券列表	优惠券列表	列表	R	菜单权限	merchantCouponLst
商户后台	营销 / 优惠券 / 优惠券列表	优惠券列表	删除	D	菜单权限	merchantCouponDelete
商户后台	营销 / 优惠券 / 优惠券列表	优惠券列表	详情	R	菜单权限	merchantCouponDetail
商户后台	营销 / 优惠券 / 优惠券列表	优惠券列表	编辑	U	菜单权限	systemCouponUpdate
商户后台	营销 / 优惠券 / 优惠券列表	优惠券列表	上传图片	C	菜单权限	merchantUploadImage
商户后台	营销 / 优惠券 / 优惠券列表	优惠券列表	图片列表	R	菜单权限	merchantAttachmentLst
商户后台	营销 / 优惠券 / 发送记录	发送记录	发送优惠券记录	CR	菜单权限	merchantCouponSendLst
商户后台	营销 / 优惠券 / 领取记录	领取记录	使用记录	R	菜单权限	merchantCouponIssue
商户后台	营销 / 优惠套餐	优惠套餐	添加	C	菜单权限	merchantStoreDiscountsCreate
商户后台	营销 / 优惠套餐	优惠套餐	编辑	U	菜单权限	merchantStoreDiscountsUpdate
商户后台	营销 / 优惠套餐	优惠套餐	列表	R	菜单权限	merchantStoreDiscountsLst
商户后台	营销 / 优惠套餐	优惠套餐	详情	R	菜单权限	merchantStoreDiscountsDetail
商户后台	营销 / 优惠套餐	优惠套餐	删除	D	菜单权限	merchantStoreDiscountsDelete
商户后台	营销 / 优惠套餐	优惠套餐	修改状态	U	菜单权限	merchantStoreDiscountsStatus
商户后台	营销 / 优惠套餐	优惠套餐	上传图片	C	菜单权限	merchantUploadImage
商户后台	营销 / 优惠套餐	优惠套餐	图片列表	R	菜单权限	merchantAttachmentLst
商户后台	营销 / 助力	助力	(页面入口)	R	待补	
商户后台	营销 / 助力 / 助力商品	助力商品	列表 	R	菜单权限	merchantStoreProductAssistLst
商户后台	营销 / 助力 / 助力商品	助力商品	添加	C	菜单权限	merchantStoreProductAssistCreate
商户后台	营销 / 助力 / 助力商品	助力商品	详情	R	菜单权限	merchantStoreProductAssistDetail
商户后台	营销 / 助力 / 助力商品	助力商品	编辑	U	菜单权限	merchantStoreProductAssistUpdate
商户后台	营销 / 助力 / 助力商品	助力商品	删除	D	菜单权限	merchantStoreProductAssistDelete
商户后台	营销 / 助力 / 助力商品	助力商品	修改状态	U	菜单权限	merchantStoreProductAssistStatus
商户后台	营销 / 助力 / 助力商品	助力商品	排序	U	菜单权限	merchantStoreProductAssistUpdateSort
商户后台	营销 / 助力 / 助力商品	助力商品	预览	R	菜单权限	merchantStoreProductAssistPreview
商户后台	营销 / 助力 / 助力商品	助力商品	设置标签	U	菜单权限	merchantStoreProductAssistLabels
商户后台	营销 / 助力 / 助力商品	助力商品	上传图片	C	菜单权限	merchantUploadImage
商户后台	营销 / 助力 / 助力商品	助力商品	图片列表	R	菜单权限	merchantAttachmentLst
商户后台	营销 / 助力 / 助力活动	助力活动	活动列表	R	菜单权限	merchantStoreProductAssistSetLst
商户后台	营销 / 助力 / 助力活动	助力活动	活动详情	R	菜单权限	merchantStoreProductAssistSetDetail
商户后台	营销 / 拼团	拼团	预览	C	路由	merchantStoreProductGroupPreview
商户后台	营销 / 拼团	拼团	设置标签	C	路由	merchantStoreProductGroupLabels
商户后台	营销 / 拼团 / 拼团商品列表	拼团商品列表	列表	R	菜单权限	merchantStoreProductGroupLst
商户后台	营销 / 拼团 / 拼团商品列表	拼团商品列表	添加	C	菜单权限	merchantStoreProductGroupCreate
商户后台	营销 / 拼团 / 拼团商品列表	拼团商品列表	详情	R	菜单权限	merchantStoreProductGroupDetail
商户后台	营销 / 拼团 / 拼团商品列表	拼团商品列表	编辑	U	菜单权限	merchantStoreProductGroupUpdate
商户后台	营销 / 拼团 / 拼团商品列表	拼团商品列表	删除	D	菜单权限	merchantStoreProductGroupDelete
商户后台	营销 / 拼团 / 拼团商品列表	拼团商品列表	修改状态	U	菜单权限	merchantStoreProductGroupStatus
商户后台	营销 / 拼团 / 拼团商品列表	拼团商品列表	排序	U	菜单权限	merchantStoreProductGroupSort
商户后台	营销 / 拼团 / 拼团商品列表	拼团商品列表	预览	R	菜单权限	merchantStoreProductGroupPreview
商户后台	营销 / 拼团 / 拼团商品列表	拼团商品列表	设置标签	U	菜单权限	merchantStoreProductGroupLabels
商户后台	营销 / 拼团 / 拼团商品列表	拼团商品列表	拼团配置	U	菜单权限	merchantConfigGroupBuying
商户后台	营销 / 拼团 / 拼团商品列表	拼团商品列表	上传图片	C	菜单权限	merchantUploadImage
商户后台	营销 / 拼团 / 拼团商品列表	拼团商品列表	图片列表	R	菜单权限	merchantAttachmentLst
商户后台	营销 / 拼团 / 拼团活动列表	拼团活动列表	活动列表 	R	菜单权限	merchantStoreProductGroupBuyingLst
商户后台	营销 / 拼团 / 拼团活动列表	拼团活动列表	活动详情	R	菜单权限	merchantStoreProductGroupBuyingDetail
商户后台	营销 / 拼团 / 拼团活动列表	拼团活动列表	上传图片	C	菜单权限	merchantUploadImage
商户后台	营销 / 拼团 / 拼团活动列表	拼团活动列表	图片列表	R	菜单权限	merchantAttachmentLst
商户后台	营销 / 直播	直播	退保证金检测	C	路由	merchantFinancialRefundMargin
商户后台	营销 / 直播	直播	退保证金申请	C	路由	merchantFinancialRefundMarginApply
商户后台	营销 / 直播	直播	收款方式表单	R	路由	merchantFinancialAccountForm
商户后台	营销 / 直播	直播	到店自提信息	R	路由	merchantTakeInfo
商户后台	营销 / 直播	直播	保存到店自提信息	C	路由	merchantTakeUpdate
商户后台	营销 / 直播 / 直播助手	直播助手	列表	R	菜单权限	merchantBroadcastAssistantLst
商户后台	营销 / 直播 / 直播助手	直播助手	添加	C	菜单权限	merchantBroadcastAssistantCreate
商户后台	营销 / 直播 / 直播助手	直播助手	编辑	U	菜单权限	merchantBroadcastAssistantUpdate
商户后台	营销 / 直播 / 直播助手	直播助手	备注	U	菜单权限	merchantBroadcastAssistantMark
商户后台	营销 / 直播 / 直播助手	直播助手	删除	D	菜单权限	merchantBroadcastAssistantDelete
商户后台	营销 / 直播 / 直播助手	直播助手	上传图片	C	菜单权限	merchantUploadImage
商户后台	营销 / 直播 / 直播助手	直播助手	图片列表	R	菜单权限	merchantAttachmentLst
商户后台	营销 / 直播 / 直播商品管理	直播商品管理	(页面入口)	R	待补	
商户后台	营销 / 直播 / 直播间管理	直播间管理	列表 	R	菜单权限	merchantBroadcastRoomLst
商户后台	营销 / 直播 / 直播间管理	直播间管理	详情	R	菜单权限	merchantBroadcastRoomDetail
商户后台	营销 / 直播 / 直播间管理	直播间管理	添加	C	菜单权限	merchantBroadcastRoomCreate
商户后台	营销 / 直播 / 直播间管理	直播间管理	编辑	U	菜单权限	merchantBroadcastRoomUpdate
商户后台	营销 / 直播 / 直播间管理	直播间管理	修改状态	U	菜单权限	merchantBroadcastRoomChangeStatus
商户后台	营销 / 直播 / 直播间管理	直播间管理	导入商品	CR	菜单权限	merchantBroadcastRoomExportGoods
商户后台	营销 / 直播 / 直播间管理	直播间管理	删除商品	RD	菜单权限	merchantBroadcastRoomRmExportGoods
商户后台	营销 / 直播 / 直播间管理	直播间管理	备注	U	菜单权限	merchantBroadcastRoomMark
商户后台	营销 / 直播 / 直播间管理	直播间管理	商品详情	R	菜单权限	merchantBroadcastRoomGoods
商户后台	营销 / 直播 / 直播间管理	直播间管理	关闭客服	O	菜单权限	merchantBroadcastRoomCloseKf
商户后台	营销 / 直播 / 直播间管理	直播间管理	禁言	O	菜单权限	merchantBroadcastRoomCloseComment
商户后台	营销 / 直播 / 直播间管理	直播间管理	收录	O	菜单权限	merchantBroadcastRoomCloseFeeds
商户后台	营销 / 直播 / 直播间管理	直播间管理	商品上下架	U	菜单权限	merchantBroadcastOnSale
商户后台	营销 / 直播 / 直播间管理	直播间管理	删除	D	菜单权限	merchantBroadcastRoomDelete
商户后台	营销 / 直播 / 直播间管理	直播间管理	添加 客服	C	菜单权限	merchantBroadcastAddAssistant
商户后台	营销 / 直播 / 直播间管理	直播间管理	消息推送	O	菜单权限	merchantBroadcastPushMessage
商户后台	营销 / 直播 / 直播间管理	直播间管理	列表	R	菜单权限	merchantBroadcastGoodsLst
商户后台	营销 / 直播 / 直播间管理	直播间管理	详情	R	菜单权限	merchantBroadcastGoodsDetail
商户后台	营销 / 直播 / 直播间管理	直播间管理	添加	C	菜单权限	merchantBroadcastGoodsCreate
商户后台	营销 / 直播 / 直播间管理	直播间管理	编辑	U	菜单权限	merchantBroadcastGoodsUpdate
商户后台	营销 / 直播 / 直播间管理	直播间管理	修改状态	U	菜单权限	merchantBroadcastGoodsChangeStatus
商户后台	营销 / 直播 / 直播间管理	直播间管理	备注	U	菜单权限	merchantBroadcastGoodsMark
商户后台	营销 / 直播 / 直播间管理	直播间管理	删除	D	菜单权限	merchantBroadcastGoodsDelete
商户后台	营销 / 直播 / 直播间管理	直播间管理	批量添加	C	菜单权限	merchantBroadcastGoodsbatchCreate
商户后台	营销 / 直播 / 直播间管理	直播间管理	上传图片	C	菜单权限	merchantUploadImage
商户后台	营销 / 直播 / 直播间管理	直播间管理	图片列表	R	菜单权限	merchantAttachmentLst
商户后台	营销 / 秒杀	秒杀	(页面入口)	R	待补	
商户后台	营销 / 秒杀 / 秒杀商品	秒杀商品	统计	R	菜单权限	merchantStoreSeckillProductLstFilter
商户后台	营销 / 秒杀 / 秒杀商品	秒杀商品	列表	R	菜单权限	merchantStoreSeckillProductLst
商户后台	营销 / 秒杀 / 秒杀商品	秒杀商品	添加 	C	菜单权限	merchantStoreSeckillProductCreate
商户后台	营销 / 秒杀 / 秒杀商品	秒杀商品	详情	R	菜单权限	merchantStoreSeckillProductDetail
商户后台	营销 / 秒杀 / 秒杀商品	秒杀商品	编辑	U	菜单权限	merchantStoreSeckillProductUpdate
商户后台	营销 / 秒杀 / 秒杀商品	秒杀商品	删除	D	菜单权限	merchantStoreSeckillProductDelete
商户后台	营销 / 秒杀 / 秒杀商品	秒杀商品	彻底删除	D	菜单权限	merchantStoreSeckillProductDestory
商户后台	营销 / 秒杀 / 秒杀商品	秒杀商品	恢复	O	菜单权限	merchantStoreSeckillProductRestore
商户后台	营销 / 秒杀 / 秒杀商品	秒杀商品	修改状态	U	菜单权限	merchantStoreSeckillProductSwitchStatus
商户后台	营销 / 秒杀 / 秒杀商品	秒杀商品	排序	U	菜单权限	merchantStoreSeckillProductUpdateSort
商户后台	营销 / 秒杀 / 秒杀商品	秒杀商品	预览	R	菜单权限	merchantStoreSeckillProductPreview
商户后台	营销 / 秒杀 / 秒杀商品	秒杀商品	设置标签	U	菜单权限	merchantStoreSeckillProductLabels
商户后台	营销 / 秒杀 / 秒杀商品	秒杀商品	分页列表	R	菜单权限	merchantStoreSeckillProductPageLst
商户后台	营销 / 秒杀 / 秒杀商品	秒杀商品	商品列表	R	菜单权限	merchantStoreSeckillProductGetProductList
商户后台	营销 / 秒杀 / 秒杀商品	秒杀商品	设置标签	U	菜单权限	merchantStoreSeckillProductSetLabels
商户后台	营销 / 秒杀 / 秒杀活动	秒杀活动	上传图片	C	菜单权限	merchantUploadImage
商户后台	营销 / 秒杀 / 秒杀活动	秒杀活动	图片列表	R	菜单权限	merchantAttachmentLst
商户后台	营销 / 秒杀 / 秒杀活动	秒杀活动	列表	R	菜单权限	merchantStoreSeckillActiveGetActiveList
商户后台	营销 / 秒杀 / 秒杀活动	秒杀活动	详情	R	菜单权限	merchantStoreSeckillActiveGetActiveInfo
商户后台	营销 / 秒杀 / 秒杀活动	秒杀活动	列表	R	菜单权限	merchantStoreSeckillActiveGetActiveAll
商户后台	营销 / 秒杀 / 秒杀活动	秒杀活动	活动统计数据面板	R	菜单权限	merchantStoreSeckillActiveChartPanel
商户后台	营销 / 秒杀 / 秒杀活动	秒杀活动	活动参与人统计列表	R	菜单权限	merchantStoreSeckillActiveChartPeople
商户后台	营销 / 秒杀 / 秒杀活动	秒杀活动	活动订单统计列表	R	菜单权限	merchantStoreSeckillActiveChartOrder
商户后台	营销 / 秒杀 / 秒杀活动	秒杀活动	活动商品统计列表	R	菜单权限	merchantStoreSeckillActiveChartProduct
商户后台	营销 / 积分	积分	列表	R	路由	merchantIntegralList
商户后台	营销 / 积分	积分	统计	R	路由	merchantIntegralTitle
商户后台	营销 / 积分 / 积分日志	积分日志	列表	R	菜单权限	merchantIntegralList
商户后台	营销 / 积分 / 积分日志	积分日志	统计	R	菜单权限	merchantIntegralTitle
商户后台	营销 / 积分 / 积分日志	积分日志	配置获取	RU	菜单权限	merchantConfigForm
商户后台	营销 / 积分 / 积分日志	积分日志	配置保存	CU	菜单权限	merchantConfigSave
商户后台	营销 / 积分 / 积分配置	积分配置	(页面入口)	R	待补	
商户后台	营销 / 逛逛社区	逛逛社区	分类列表	R	菜单权限	merchantCommunityCateLst
商户后台	营销 / 逛逛社区	逛逛社区	列表	R	菜单权限	merchantCommunityLst
商户后台	营销 / 逛逛社区	逛逛社区	添加	C	菜单权限	merchantCommunityCreate
商户后台	营销 / 逛逛社区	逛逛社区	详情	R	菜单权限	merchantCommunityDetail
商户后台	营销 / 逛逛社区	逛逛社区	编辑	U	菜单权限	merchantCommunityUpdate
商户后台	营销 / 逛逛社区	逛逛社区	删除	D	菜单权限	merchantCommunityDelete
商户后台	营销 / 逛逛社区	逛逛社区	评论	O	菜单权限	merchantCommunityReply
商户后台	营销 / 预售	预售	列表	R	菜单权限	merchantStoreProductPresellLst
商户后台	营销 / 预售	预售	添加	C	菜单权限	merchantStoreProductPresellCreate
商户后台	营销 / 预售	预售	详情	R	菜单权限	merchantStoreProductPresellDetail
商户后台	营销 / 预售	预售	编辑	U	菜单权限	merchantStoreProductPresellUpdate
商户后台	营销 / 预售	预售	删除	D	菜单权限	merchantStoreProductPresellDelete
商户后台	营销 / 预售	预售	修改状态	U	菜单权限	merchantStoreProductPresellStatus
商户后台	营销 / 预售	预售	排序	U	菜单权限	merchantStoreProductPresellUpdateSort
商户后台	营销 / 预售	预售	预览	R	菜单权限	merchantStoreProductPresellPreview
商户后台	营销 / 预售	预售	设置标签	U	菜单权限	merchantStoreProductPreselltLabels
商户后台	营销 / 预售	预售	上传图片	C	菜单权限	merchantUploadImage
商户后台	营销 / 预售	预售	图片列表	R	菜单权限	merchantAttachmentLst
商户后台	装修	装修	列表	R	路由	merchantDiyPageLinkLst
商户后台	装修	装修	列表 	R	路由	merchantDiyLst
商户后台	装修	装修	默认模板列表 	R	路由	merchantDefaultDiyLst
商户后台	装修	装修	详情 	R	路由	merchantDiyDetail
商户后台	装修	装修	添加/编辑	CU	路由	merchantDiyCreate
商户后台	装修	装修	使用模板	C	路由	merchantDiyStatus
商户后台	装修	装修	使用模板	C	路由	merchantDiySetDefault
商户后台	装修	装修	重置模板	R	路由	merchantDiyRecovery
商户后台	装修	装修	当前使用模板	R	路由	merchantDiyInfo
商户后台	装修	装修	删除	D	路由	merchantDiyDelete
商户后台	装修	装修	店铺街装修	R	路由	merchantDiyProductLst
商户后台	装修	装修	复制	C	路由	merchantDiyCopy
商户后台	装修 / 商品分类	商品分类	商品分类信息	R	菜单权限	merchantDiyProductCategoryInfo
商户后台	装修 / 商品分类	商品分类	保存商品分类	C	菜单权限	merchantDiyProductCategorySave
商户后台	装修 / 系统表单	系统表单	添加	C	菜单权限	merFormCreate
商户后台	装修 / 系统表单	系统表单	编辑	U	菜单权限	merFormUpdate
商户后台	装修 / 系统表单	系统表单	删除	D	菜单权限	merFormDelete
商户后台	装修 / 系统表单	系统表单	详情	R	菜单权限	merFormDetail
商户后台	装修 / 系统表单	系统表单	列表	R	菜单权限	merFormLst
商户后台	装修 / 素材管理	素材管理	列表	R	菜单权限	merchantAttachmentLst
商户后台	装修 / 素材管理	素材管理	删除	D	菜单权限	merchantAttachmentDelete
商户后台	装修 / 素材管理	素材管理	批量修改	U	菜单权限	merchantAttachmentBatchChangeCategory
商户后台	装修 / 素材管理	素材管理	编辑	U	菜单权限	merchantAttachmentUpdate
商户后台	装修 / 素材管理	素材管理	分类列表	R	菜单权限	merchantAttachmentCategoryGetFormatList
商户后台	装修 / 素材管理	素材管理	添加	C	菜单权限	merchantAttachmentCategoryCreate
商户后台	装修 / 素材管理	素材管理	编辑	U	菜单权限	merchantAttachmentCategoryUpdate
商户后台	装修 / 素材管理	素材管理	删除	D	菜单权限	merchantAttachmentCategoryDelete
商户后台	装修 / 素材管理	素材管理	上传二维码	C	菜单权限	merchantAttachmentScanQrcode
商户后台	装修 / 素材管理	素材管理	扫码上传图片	C	菜单权限	merchantAttachmentScanImage
商户后台	装修 / 素材管理	素材管理	扫码上传保存	C	菜单权限	merchantAttachmentScanImageSave
商户后台	装修 / 素材管理	素材管理	在线图片	O	菜单权限	merchantAttachmentOnline
商户后台	装修 / 装修	装修	列表 	R	菜单权限	merchantDiyLst
商户后台	装修 / 装修	装修	添加/编辑	CU	菜单权限	merchantDiyCreate
商户后台	装修 / 装修	装修	使用模板	U	菜单权限	merchantDiyStatus
商户后台	装修 / 装修	装修	设置模版默认数据	U	菜单权限	merchantDiySetDefault
商户后台	装修 / 装修	装修	重置模板	O	菜单权限	merchantDiyRecovery
商户后台	装修 / 装修	装修	当前使用模板	R	菜单权限	merchantDiyInfo
商户后台	装修 / 装修	装修	删除	D	菜单权限	merchantDiyDelete
商户后台	装修 / 装修	装修	店铺街装修	R	菜单权限	merchantDiyProductLst
商户后台	装修 / 装修	装修	复制	C	菜单权限	merchantDiyCopy
商户后台	装修 / 装修	装修	上传图片	C	菜单权限	uploadImage
商户后台	装修 / 装修	装修	图片列表	R	菜单权限	systemAttachmentLst
商户后台	装修 / 装修	装修	默认模板列表 	R	菜单权限	merchantDefaultDiyLst
商户后台	装修 / 装修	装修	详情 	R	菜单权限	merchantDiyDetail
商户后台	订单	订单	备注	C	路由	merchantOrderReceiptMark
商户后台	订单	订单	编辑	U	路由	merchantOrderReceiptUpdate
商户后台	订单 / 代客下单	代客下单	商品分类	O	菜单权限	behalfProductCategory
商户后台	订单 / 代客下单	代客下单	商品列表	R	菜单权限	behalfProductList
商户后台	订单 / 代客下单	代客下单	商品规格详情	R	菜单权限	behalfProductDetail
商户后台	订单 / 代客下单	代客下单	会员查询	R	菜单权限	behalfUserQuery
商户后台	订单 / 代客下单	代客下单	会员详情	R	菜单权限	behalfUserInfo
商户后台	订单 / 代客下单	代客下单	会员添加	C	菜单权限	behalfUserCreate
商户后台	订单 / 代客下单	代客下单	地址列表	CR	菜单权限	behalfUserAddressList
商户后台	订单 / 代客下单	代客下单	地址添加	C	菜单权限	behalfUserAddressCreate
商户后台	订单 / 代客下单	代客下单	购物车列表	R	菜单权限	behalfCartList
商户后台	订单 / 代客下单	代客下单	添加购物车	C	菜单权限	behalfCartCreate
商户后台	订单 / 代客下单	代客下单	修改购物车数据	U	菜单权限	behalfCartChange
商户后台	订单 / 代客下单	代客下单	删除购物数据	D	菜单权限	behalfCartDelete
商户后台	订单 / 代客下单	代客下单	清空购物车	D	菜单权限	behalfCartClear
商户后台	订单 / 代客下单	代客下单	购物车总数量	O	菜单权限	behalfCartCount
商户后台	订单 / 代客下单	代客下单	修改价格	U	菜单权限	behalfCartUpdatePrice
商户后台	订单 / 代客下单	代客下单	批量修改价格	U	菜单权限	behalfCartBatchUpdatePrice
商户后台	订单 / 代客下单	代客下单	校验订单	O	菜单权限	behalfCheck
商户后台	订单 / 代客下单	代客下单	支付配置	U	菜单权限	behalfPayConfig
商户后台	订单 / 代客下单	代客下单	创建订单	C	菜单权限	behalfCreate
商户后台	订单 / 代客下单	代客下单	支付	O	菜单权限	behalfPay
商户后台	订单 / 代客下单	代客下单	获取结果	RU	菜单权限	behalfPayStatus
商户后台	订单 / 代客下单	代客下单	余额支付获取验证码	R	菜单权限	behalfVerify
商户后台	订单 / 商品评价	商品评价	列表	R	菜单权限	merchantProductReplyLst
商户后台	订单 / 商品评价	商品评价	回复表单	U	菜单权限	merchantProductReplyForm
商户后台	订单 / 商品评价	商品评价	回复	U	菜单权限	merchantProductReplyReply
商户后台	订单 / 商品评价	商品评价	排序	U	菜单权限	merchantProductReplySort
商户后台	订单 / 商品评价	商品评价	上传图片	C	菜单权限	merchantUploadImage
商户后台	订单 / 商品评价	商品评价	图片列表	R	菜单权限	merchantAttachmentLst
商户后台	订单 / 核销记录	核销记录	统计	R	菜单权限	merchantStoreOrderTakeTitle
商户后台	订单 / 核销记录	核销记录	列表	R	菜单权限	merchantStoreTakeOrderLst
商户后台	订单 / 订单管理	订单管理	预览	R	菜单权限	merchantServeExportTemps
商户后台	订单 / 订单管理	订单管理	默认模板	R	菜单权限	merchantServeExportDumpLst
商户后台	订单 / 订单管理	订单管理	导出	R	菜单权限	merchantStoreOrderExcel
商户后台	订单 / 订单管理	订单管理	打印小票	O	菜单权限	merchantStoreOrderPrinter
商户后台	订单 / 订单管理	订单管理	统计	R	菜单权限	merchantStoreOrderTitle
商户后台	订单 / 订单管理	订单管理	列表	R	菜单权限	merchantStoreOrderLst
商户后台	订单 / 订单管理	订单管理	快递查询	R	菜单权限	merchantStoreOrderExpress
商户后台	订单 / 订单管理	订单管理	发货	U	菜单权限	merchantStoreOrderDelivery
商户后台	订单 / 订单管理	订单管理	批量发货	U	菜单权限	merchantStoreOrderBatchDelivery
商户后台	订单 / 订单管理	订单管理	导出发货单	RU	菜单权限	merchantStoreOrderDeliveryExport
商户后台	订单 / 订单管理	订单管理	头部统计	R	菜单权限	merchantStoreOrderStat
商户后台	订单 / 订单管理	订单管理	编辑	U	菜单权限	merchantStoreOrderUpdate
商户后台	订单 / 订单管理	订单管理	详情	R	菜单权限	merchantStoreOrderDetail
商户后台	订单 / 订单管理	订单管理	操作记录	R	菜单权限	merchantStoreOrderLog
商户后台	订单 / 订单管理	订单管理	备注	U	菜单权限	merchantStoreOrderRemark
商户后台	订单 / 订单管理	订单管理	核销	U	菜单权限	merchantStoreOrderVerify
商户后台	订单 / 订单管理	订单管理	删除	D	菜单权限	merchantStoreOrderDelete
商户后台	订单 / 订单管理	订单管理	导入	C	菜单权限	merchantStoreOrderDeliveryImport
商户后台	订单 / 订单管理	订单管理	导入记录	CR	菜单权限	merchantStoreOrderDeliveryImportLst
商户后台	订单 / 订单管理	订单管理	详情	CR	菜单权限	merchantStoreOrderDeliveryImportDetail
商户后台	订单 / 订单管理	订单管理	导出发货记录	CRU	菜单权限	merchantStoreOrderDeliveryImportExcel
商户后台	订单 / 订单管理	订单管理	导出列表	R	菜单权限	merchantStoreExcelLst
商户后台	订单 / 订单管理	订单管理	导出下载	R	菜单权限	merchantStoreExcelDownload
商户后台	订单 / 订单管理	订单管理	核销详情	RU	菜单权限	merchantStoreOrderVerifyDetail
商户后台	订单 / 订单管理	订单管理	关联订单	O	菜单权限	merchantStoreOrderChildrenList
商户后台	订单 / 订单管理	订单管理	线下支付	O	菜单权限	merchantStoreOrderOffline
商户后台	订单 / 订单管理	订单管理	电子面单复打	O	菜单权限	merchantStoreOrderRepeatDump
商户后台	订单 / 订单管理	订单管理	配货单	O	菜单权限	merchantStoreOrderNote
商户后台	订单 / 订单管理	订单管理	修改收货信息	U	菜单权限	merchantStoreOrderCollectCargo
商户后台	订单 / 订单管理	订单管理	预约订单派单	O	菜单权限	merchantStoreOrderReservationDispatch
商户后台	订单 / 订单管理	订单管理	预约订单改派	U	菜单权限	merchantStoreOrderReservationUpdateDispatch
商户后台	订单 / 订单管理	订单管理	预约订单改约	O	菜单权限	merchantStoreOrderReservationReschedule
商户后台	订单 / 订单管理	订单管理	单独修改预约时间	U	菜单权限	merchantStoreOrderReservationTime
商户后台	订单 / 订单管理	订单管理	预约订单核销	U	菜单权限	merchantStoreOrderReservationVerify
商户后台	订单 / 订单管理	订单管理	获取商家寄件价格	R	菜单权限	merchantStoreOrderGetPrice
商户后台	订单 / 订单管理	订单管理	获取商家寄件价格	R	菜单权限	merchantStoreOrderShipmentList
商户后台	订单 / 订单管理	订单管理	取消商家寄件	D	菜单权限	merchantStoreOrderCancelShipment
商户后台	订单 / 订单管理	订单管理	同城配送派单	O	菜单权限	merchantStoreOrderDeliveryDispatch
商户后台	订单 / 订单管理	订单管理	同城配送改派	U	菜单权限	merchantStoreOrderDeliveryUpdateDispatch
商户后台	订单 / 订单管理	订单管理	同城配送核销	U	菜单权限	merchantStoreOrderDeliveryConfirm
商户后台	订单 / 订单管理	订单管理	同城配送再次同步	U	菜单权限	merchantStoreOrderDeliverySync
商户后台	订单 / 退款订单	退款订单	列表	R	菜单权限	merchantStoreRefundOrderLst
商户后台	订单 / 退款订单	退款订单	详情	R	菜单权限	merchantStoreRefundOrderDetail
商户后台	订单 / 退款订单	退款订单	审核	U	菜单权限	merchantStoreRefundOrderSwitchStatus
商户后台	订单 / 退款订单	退款订单	收到退回商品后确认退款	D	菜单权限	merchantStoreRefundOrderRefund
商户后台	订单 / 退款订单	退款订单	删除	D	菜单权限	merchantStoreRefundDelete
商户后台	订单 / 退款订单	退款订单	备注	U	菜单权限	merchantStoreRefundMark
商户后台	订单 / 退款订单	退款订单	操作记录	R	菜单权限	merchantStoreRefundLog
商户后台	订单 / 退款订单	退款订单	快递查询	R	菜单权限	merchantStoreRefundExpress
商户后台	订单 / 退款订单	退款订单	导出	CR	菜单权限	merchantStoreRefundCreateExcel
商户后台	订单 / 退款订单	退款订单	导出列表	R	菜单权限	merchantStoreExcelLst
商户后台	订单 / 退款订单	退款订单	导出下载	R	菜单权限	merchantStoreExcelDownload
商户后台	订单 / 退款订单	退款订单	创建	C	菜单权限	merchantStoreRefundOrderCreate
商户后台	订单 / 预约服务	预约服务	预约日历	O	菜单权限	merchantReservationServiceList
商户后台	订单 / 预约设置	预约设置	(页面入口)	R	待补	
商户后台	设置	设置	编辑	U	路由	merchantAttachmentUpdate
商户后台	设置	设置	列表	R	路由	merchantAttachmentCategoryGetFormatList
商户后台	设置	设置	添加表单	C	路由	merchantAttachmentCategoryCreateForm
商户后台	设置	设置	编辑表单	U	路由	merchantAttachmentCategoryUpdateForm
商户后台	设置	设置	添加	C	路由	merchantAttachmentCategoryCreate
商户后台	设置	设置	编辑	U	路由	merchantAttachmentCategoryUpdate
商户后台	设置	设置	删除	D	路由	merchantAttachmentCategoryDelete
商户后台	设置 / 一号通	一号通	(页面入口)	R	待补	
商户后台	设置 / 一号通 / 平台一号通	平台一号通	套餐列表	R	菜单权限	merchantServeMeal
商户后台	设置 / 一号通 / 平台一号通	平台一号通	支付二维码	O	菜单权限	merchantServeCode
商户后台	设置 / 一号通 / 平台一号通	平台一号通	购买记录	R	菜单权限	merchantServeLst
商户后台	设置 / 一号通 / 平台一号通	平台一号通	详情	R	菜单权限	merchantServeDetail
商户后台	设置 / 一号通 / 平台一号通	平台一号通	账号信息	R	菜单权限	merchantServeInfo
商户后台	设置 / 一号通 / 自有一号通	自有一号通	(页面入口)	R	待补	
商户后台	设置 / 一号通 / 配置管理	配置管理	保存配置	CU	菜单权限	merchantServeSetConfig
商户后台	设置 / 付费会员	付费会员	(页面入口)	R	待补	
商户后台	设置 / 同城配送	同城配送	城市列表	R	路由	merchantStoreDeliveryCityList
商户后台	设置 / 同城配送	同城配送	充值记录	R	路由	merchantStoreDeliveryPayLst
商户后台	设置 / 同城配送	同城配送	充值二维码	R	路由	merchantStoreDeliveryGetQrcode
商户后台	设置 / 同城配送 / 充值记录	充值记录	充值记录	CR	菜单权限	merchantStoreDeliveryPayLst
商户后台	设置 / 同城配送 / 发货点管理	发货点管理	列表	R	路由	merchantDeliveryServiceLst
商户后台	设置 / 同城配送 / 发货点管理	发货点管理	修改状态	U	路由	merchantDeliveryServiceStatus
商户后台	设置 / 同城配送 / 发货点管理	发货点管理	添加表单	C	路由	merchantDeliveryServiceCreateForm
商户后台	设置 / 同城配送 / 发货点管理	发货点管理	添加	C	路由	merchantDeliveryServiceCreate
商户后台	设置 / 同城配送 / 发货点管理	发货点管理	编辑	U	路由	merchantDeliveryServiceUpdateForm
商户后台	设置 / 同城配送 / 发货点管理	发货点管理	编辑	U	路由	merchantDeliveryServiceUpdate
商户后台	设置 / 同城配送 / 发货点管理	发货点管理	删除	D	路由	merchantDeliveryServiceDelete
商户后台	设置 / 同城配送 / 发货点管理	发货点管理	统计列表	R	路由	merchantDeliveryServiceStatisticsList
商户后台	设置 / 同城配送 / 配送记录	配送记录	列表	R	菜单权限	merchantStoreDeliveryOrderLst
商户后台	设置 / 同城配送 / 配送记录	配送记录	取消	D	菜单权限	merchantStoreDeliveryOrderCancel
商户后台	设置 / 同城配送 / 配送记录	配送记录	详情	R	菜单权限	merchantStoreDeliveryOrderDetail
商户后台	设置 / 同城配送 / 配送设置	配送设置	更新配送设置信息	U	菜单权限	merchantDeliveryConfigUpdate
商户后台	设置 / 同城配送 / 配送设置	配送设置	配送设置信息	U	菜单权限	merchantDeliveryConfigSettings
商户后台	设置 / 同城配送 / 配送门店	配送门店	获取分类	R	菜单权限	merchantStoreDeliveryBusiness
商户后台	设置 / 同城配送 / 配送门店	配送门店	添加	C	菜单权限	merchantStoreDeliveryCreate
商户后台	设置 / 同城配送 / 配送门店	配送门店	编辑	U	菜单权限	merchantStoreDeliveryUpdate
商户后台	设置 / 同城配送 / 配送门店	配送门店	编辑状态	U	菜单权限	merchantStoreDeliveryStatus
商户后台	设置 / 同城配送 / 配送门店	配送门店	列表	R	菜单权限	merchantStoreDeliveryLst
商户后台	设置 / 同城配送 / 配送门店	配送门店	详情	R	菜单权限	merchantStoreDeliveryDetail
商户后台	设置 / 同城配送 / 配送门店	配送门店	删除	D	菜单权限	merchantStoreDeliveryDelete
商户后台	设置 / 同城配送 / 配送门店	配送门店	备注	U	菜单权限	merchantStoreDeliveryMark
商户后台	设置 / 同城配送 / 配送门店	配送门店	城市列表	R	菜单权限	merchantStoreDeliveryCityList
商户后台	设置 / 店铺信息	店铺信息	保存到店自提信息	CU	菜单权限	merchantTakeUpdate
商户后台	设置 / 店铺信息	店铺信息	退保证金申请	C	菜单权限	merchantFinancialRefundMarginApply
商户后台	设置 / 店铺配置	店铺配置	资料更新	U	菜单权限	merchantUpdate
商户后台	设置 / 开放账户	开放账户	列表	R	菜单权限	merchantOpenapiLst
商户后台	设置 / 开放账户	开放账户	添加	C	菜单权限	merchantOpenapiCreate
商户后台	设置 / 开放账户	开放账户	编辑	U	菜单权限	merchantOpenapiUpdate
商户后台	设置 / 开放账户	开放账户	修改状态	U	菜单权限	merchantOpenapiStatus
商户后台	设置 / 开放账户	开放账户	删除	D	菜单权限	merchantOpenapiDeleta
商户后台	设置 / 开放账户	开放账户	查看	R	菜单权限	merchantOpenapiGetSecretKey
商户后台	设置 / 开放账户	开放账户	重置	O	菜单权限	merchantOpenapiSetSecretKey
商户后台	设置 / 快递配送	快递配送	(页面入口)	R	待补	
商户后台	设置 / 快递配送 / 物流公司	物流公司	列表	R	菜单权限	merchantServeExportLst
商户后台	设置 / 快递配送 / 物流公司	物流公司	月结账号编辑	U	菜单权限	merchantExpressPratnerUpdate
商户后台	设置 / 快递配送 / 物流公司	物流公司	修改状态	U	菜单权限	merchantExpressChangeMerStatus
商户后台	设置 / 快递配送 / 运费模板	运费模板	添加 	C	菜单权限	merchantStoreShippingTemplateCreate
商户后台	设置 / 快递配送 / 运费模板	运费模板	编辑	U	菜单权限	merchantStoreShippingTemplateUpdate
商户后台	设置 / 快递配送 / 运费模板	运费模板	详情	R	菜单权限	merchantStoreShippingTemplateDetail
商户后台	设置 / 快递配送 / 运费模板	运费模板	删除	D	菜单权限	merchantStoreShippingTemplateDelete
商户后台	设置 / 快递配送 / 运费模板	运费模板	设置默认模板	U	菜单权限	merchantStoreShippingTemplateSetDefault
商户后台	设置 / 打印配置	打印配置	所有数据	R	路由	merchantStatisticsMain
商户后台	设置 / 打印配置	打印配置	支付订单	R	路由	merchantStatisticsOrder
商户后台	设置 / 打印配置	打印配置	成交客户	R	路由	merchantStatisticsUser
商户后台	设置 / 打印配置	打印配置	成交客户比	R	路由	merchantStatisticsUserRate
商户后台	设置 / 打印配置	打印配置	商品支付排行	R	路由	merchantStatisticsProduct
商户后台	设置 / 打印配置	打印配置	商品访问排行	R	路由	merchantStatisticsProductVisit
商户后台	设置 / 打印配置	打印配置	商品加购排行	R	路由	merchantStatisticsProductCart
商户后台	设置 / 打印配置	打印配置	首页未处理业务统计	R	路由	merchantStatisticsMerchantCount
商户后台	设置 / 打印配置 / 小票打印	小票打印	获取配置内容	RU	菜单权限	merchantStorePrinterGetContent
商户后台	设置 / 打印配置 / 小票打印	小票打印	列表	R	菜单权限	merchantStorePrinterLst
商户后台	设置 / 打印配置 / 小票打印	小票打印	添加	C	菜单权限	merchantStorePrinterCreate
商户后台	设置 / 打印配置 / 小票打印	小票打印	编辑	U	菜单权限	merchantStorePrinterUpdate
商户后台	设置 / 打印配置 / 小票打印	小票打印	取消	UD	菜单权限	merchantStorePrinterStatus
商户后台	设置 / 打印配置 / 小票打印	小票打印	删除	D	菜单权限	merchantStorePrinterDelete
商户后台	设置 / 打印配置 / 小票打印	小票打印	保存配置内容	CU	菜单权限	merchantStorePrinterSetContent
商户后台	设置 / 打印配置 / 打印配置	打印配置	(页面入口)	R	待补	
商户后台	设置 / 权限管理	权限管理	一键换色	R	路由	merchantGetChangeColor
商户后台	设置 / 权限管理 / 操作日志	操作日志	操作日志	R	路由	merchantAdminLog
商户后台	设置 / 权限管理 / 操作日志	操作日志	修改信息表单	U	路由	merchantAdminEditForm
商户后台	设置 / 权限管理 / 操作日志	操作日志	修改信息	U	路由	merchantAdminEdit
商户后台	设置 / 权限管理 / 操作日志	操作日志	修改密码表单	U	路由	merchantAdminEditPasswordForm
商户后台	设置 / 权限管理 / 管理员管理	管理员管理	列表	R	菜单权限	merchantAdminLst
商户后台	设置 / 权限管理 / 管理员管理	管理员管理	修改状态	U	菜单权限	merchantAdminStatus
商户后台	设置 / 权限管理 / 管理员管理	管理员管理	添加	C	菜单权限	merchantAdminCreate
商户后台	设置 / 权限管理 / 管理员管理	管理员管理	编辑	U	菜单权限	merchantAdminUpdate
商户后台	设置 / 权限管理 / 管理员管理	管理员管理	修改密码	U	菜单权限	merchantAdminPassword
商户后台	设置 / 权限管理 / 管理员管理	管理员管理	删除	D	菜单权限	merchantAdminDelete
商户后台	设置 / 权限管理 / 身份管理	身份管理	修改状态	U	路由	merchantRoleStatus
商户后台	设置 / 权限管理 / 身份管理	身份管理	删除	D	路由	merchantRoleDelete
商户后台	设置 / 权限管理 / 身份管理	身份管理	列表	R	路由	merchantAdminLst
商户后台	设置 / 权限管理 / 身份管理	身份管理	修改状态	U	路由	merchantAdminStatus
商户后台	设置 / 权限管理 / 身份管理	身份管理	添加	C	路由	merchantAdminCreate
商户后台	设置 / 权限管理 / 身份管理	身份管理	添加表单	C	路由	merchantAdminCreateForm
商户后台	设置 / 权限管理 / 身份管理	身份管理	编辑	U	路由	merchantAdminUpdate
商户后台	设置 / 权限管理 / 身份管理	身份管理	编辑表单	U	路由	merchantAdminUpdateForm
商户后台	设置 / 权限管理 / 身份管理	身份管理	修改密码	U	路由	merchantAdminPassword
商户后台	设置 / 权限管理 / 身份管理	身份管理	修改密码表单	U	路由	merchantAdminPasswordForm
商户后台	财务	财务	收款方式	C	路由	merchantFinancialAccountSave
商户后台	财务	财务	转账记录	R	路由	merchantFinancialLst
商户后台	财务	财务	详情	R	路由	merchantFinancialDetail
商户后台	财务	财务	申请表单	C	路由	merchantFinancialCreateForm
商户后台	财务	财务	申请	C	路由	merchantFinancialCreateSave
商户后台	财务	财务	删除	D	路由	merchantFinancialDelete
商户后台	财务	财务	备注表单	R	路由	merchantFinancialMarkForm
商户后台	财务	财务	备注	C	路由	merchantFinancialMark
商户后台	财务 / 分账管理	分账管理	列表	R	菜单权限	merchantOrderProfitsharingLst
商户后台	财务 / 分账管理	分账管理	导出	R	菜单权限	merchantOrderProfitsharingExport
商户后台	财务 / 分账管理	分账管理	导出列表	R	菜单权限	merchantStoreExcelLst
商户后台	财务 / 分账管理	分账管理	导出下载	R	菜单权限	merchantStoreExcelDownload
商户后台	财务 / 发票管理	发票管理	列表	R	菜单权限	merchantOrderReceiptLst
商户后台	财务 / 发票管理	发票管理	详情	R	菜单权限	merchantOrderReceiptDetail
商户后台	财务 / 发票管理	发票管理	开发票	O	菜单权限	merchantOrderReceiptSetRecipt
商户后台	财务 / 发票管理	发票管理	保存发票	C	菜单权限	merchantOrderReceiptSave
商户后台	财务 / 发票管理	发票管理	备注	U	菜单权限	merchantOrderReceiptMark
商户后台	财务 / 发票管理	发票管理	编辑	U	菜单权限	merchantOrderReceiptUpdate
商户后台	财务 / 收款方式	收款方式	收款方式	C	菜单权限	merchantFinancialAccountSave
商户后台	财务 / 申请分账商户	申请分账商户	申请	C	菜单权限	merchantApplymentsCreate
商户后台	财务 / 申请分账商户	申请分账商户	详情	R	菜单权限	merchantApplymentsDetail
商户后台	财务 / 申请分账商户	申请分账商户	编辑	U	菜单权限	merchantApplymentsUpdate
商户后台	财务 / 申请分账商户	申请分账商户	上传图片	C	菜单权限	merchantApplymentsUpload
商户后台	财务 / 申请分账商户	申请分账商户	上传视频	C	菜单权限	merchantApplymentsUploadVideo
商户后台	财务 / 账单管理	账单管理	列表	R	菜单权限	merchantFinanciaRecordlLst
商户后台	财务 / 账单管理	账单管理	统计	R	菜单权限	merchantFinancialTitle
商户后台	财务 / 账单管理	账单管理	详情	R	菜单权限	merchantFinancialRecordDetail
商户后台	财务 / 账单管理	账单管理	导出	R	菜单权限	merchantFinancialRecordDetailExport
商户后台	财务 / 账单管理	账单管理	导出列表	R	菜单权限	merchantStoreExcelLst
商户后台	财务 / 账单管理	账单管理	导出下载	R	菜单权限	merchantStoreExcelDownload
商户后台	财务 / 资金流水	资金流水	列表	R	菜单权限	merchantFinancialRecordList
商户后台	财务 / 资金流水	资金流水	导出	R	菜单权限	merchantFinancialRecordExport
商户后台	财务 / 资金流水	资金流水	统计	R	菜单权限	merchantFinancialCount
商户后台	财务 / 资金流水	资金流水	导出列表	R	菜单权限	merchantStoreExcelLst
商户后台	财务 / 资金流水	资金流水	导出下载	R	菜单权限	merchantStoreExcelDownload
商户后台	财务 / 转账记录	转账记录	列表	R	菜单权限	merchantFinancialRefundMargin
商户后台	财务 / 转账记录	转账记录	转账记录	R	菜单权限	merchantFinancialLst
商户后台	财务 / 转账记录	转账记录	详情	R	菜单权限	merchantFinancialDetail
商户后台	财务 / 转账记录	转账记录	申请	C	菜单权限	merchantFinancialCreateSave
商户后台	财务 / 转账记录	转账记录	删除	D	菜单权限	merchantFinancialDelete
商户后台	财务 / 转账记录	转账记录	备注	U	菜单权限	merchantFinancialMark
商户后台	财务 / 转账记录	转账记录	导出	R	菜单权限	merchantFinancialExport
商户后台	财务 / 转账记录	转账记录	导出列表	R	菜单权限	merchantStoreExcelLst
商户后台	财务 / 转账记录	转账记录	导出下载	R	菜单权限	merchantStoreExcelDownload
商户后台	首页	首页	所有数据	O	菜单权限	merchantStatisticsMain
商户后台	首页	首页	支付订单	O	菜单权限	merchantStatisticsOrder
商户后台	首页	首页	成交客户	O	菜单权限	merchantStatisticsUser
商户后台	首页	首页	成交客户比	O	菜单权限	merchantStatisticsUserRate
商户后台	首页	首页	商品支付排行	O	菜单权限	merchantStatisticsProduct
商户后台	首页	首页	商品访问排行	O	菜单权限	merchantStatisticsProductVisit
商户后台	首页	首页	商品加购排行	O	菜单权限	merchantStatisticsProductCart
商户后台	首页	首页	首页未处理业务统计	RU	菜单权限	merchantStatisticsMerchantCount
商户后台	首页	首页	待办事项	O	菜单权限	merchantStatisticsMerchantTodo
商户后台	首页	首页	获取商户代办统计	R	菜单权限	merchantStatisticsProductSalesPriceTop
商户后台	首页 / 商品统计	商品统计	顶部统计	R	菜单权限	merchantAnalyticsProductTop
商户后台	首页 / 商品统计	商品统计	折线图统计	R	菜单权限	merchantAnalyticsProductLineChart
商户后台	首页 / 商品统计	商品统计	折线图统计	R	菜单权限	merchantAnalyticsProductTypePieChart
商户后台	首页 / 控制台	控制台	待办事项	R	路由	merchantStatisticsMerchantTodo
商户后台	首页 / 控制台	控制台	获取商户代办统计	R	路由	merchantStatisticsProductSalesPriceTop
商户后台	首页 / 控制台	控制台	列表	R	路由	systemNoticeLogList
商户后台	首页 / 控制台	控制台	已读	C	路由	systemNoticeLogRead
商户后台	首页 / 控制台	控制台	删除	D	路由	systemNoticeLogDel
商户后台	首页 / 订单统计	订单统计	顶部统计	R	菜单权限	merchantAnalyticsOrderTop
商户后台	首页 / 订单统计	订单统计	折线图统计	R	菜单权限	merchantAnalyticsOrderLineChart
商户后台	首页 / 订单统计	订单统计	折线图统计	R	菜单权限	merchantAnalyticsOrderTypePieChart
用户端	upload/video	upload/video	upload Video (upload/video)	C	features-03-user-app.tsv	upload/video
用户端	excel/download	excel/download/:id	download (excel/download/:id)	R	features-03-user-app.tsv	excel/download/:id
用户端	notice	notice/:type	微信支付回调:微信 服务商 收付通	O	features-03-user-app.tsv	wechatNotify
用户端	notice/mchNotify	notice/mchNotify/:type	企业付款到零钱回调	O	features-03-user-app.tsv	mchNotify
用户端	notice/pay	notice/pay/alipay	支付宝支付回调	C	features-03-user-app.tsv	alipayNotify
用户端	notice/callback	notice/callback	delivery Notify (notice/callback)	O	features-03-user-app.tsv	mchNotify
用户端	order_call_back	order_call_back	call Back Notify (order_call_back)	O	features-03-user-app.tsv	mchNotify
用户端	system/city	system/city/lst	城市列表	R	features-03-user-app.tsv	system/city/lst
用户端	v2/system	v2/system/city/lst/:pid	lst V2 (v2/system/city/lst/:pid)	R	features-03-user-app.tsv	v2/system/city/lst/:pid
用户端	v2/system	v2/system/city	city List (v2/system/city)	R	features-03-user-app.tsv	v2/system/city
用户端	common/hot_keyword	common/hot_keyword	热门搜索	R	features-03-user-app.tsv	common/hot_keyword
用户端	common/commuunity	common/commuunity/hot_keyword	社区热门搜索	R	features-03-user-app.tsv	common/commuunity/hot_keyword
用户端	common/hot_banner	common/hot_banner/:type	推荐页 banner	R	features-03-user-app.tsv	common/hot_banner/:type
用户端	common/refund_message	common/refund_message	退款原因	R	features-03-user-app.tsv	common/refund_message
用户端	common/recharge_quota	common/recharge_quota	充值赠送	R	features-03-user-app.tsv	common/recharge_quota
用户端	common/express	common/express	快递公司	R	features-03-user-app.tsv	common/express
用户端	common/base64	common/base64	图片转 base64	R	features-03-user-app.tsv	common/base64
用户端	common/menus	common/menus	个人中心菜单	R	features-03-user-app.tsv	common/menus
用户端	common/home	common/home	首页数据	R	features-03-user-app.tsv	common/home
用户端	lbs/geocoder	lbs/geocoder	经纬度转位置信息	R	features-03-user-app.tsv	lbs/geocoder
用户端	lbs/address	lbs/address	位置信息转经纬度	CR	features-03-user-app.tsv	lbs/address
用户端	common/pay_key	common/pay_key/:key	获取支付宝支付链接	CR	features-03-user-app.tsv	common/pay_key/:key
用户端	common/feedback_type	common/feedback_type	用户反馈类型	R	features-03-user-app.tsv	common/feedback_type
用户端	auth/login	auth/login	登录	C	features-03-user-app.tsv	auth/login
用户端	auth/mp_login_type	auth/mp_login_type	获取小程序登录是否需绑定手机号处理	C	features-03-user-app.tsv	auth/mp_login_type
用户端	auth	auth	登录	C	features-03-user-app.tsv	auth
用户端	auth/smslogin	auth/smslogin	短信登录	C	features-03-user-app.tsv	auth/smslogin
用户端	auth/register	auth/register	注册	C	features-03-user-app.tsv	auth/register
用户端	auth/mp_phone	auth/mp_phone	小程序手机号注册	C	features-03-user-app.tsv	auth/mp_phone
用户端	auth/wechat	auth/wechat	微信授权	R	features-03-user-app.tsv	auth/wechat
用户端	auth/mp	auth/mp	小程序授权	C	features-03-user-app.tsv	auth/mp
用户端	auth/app	auth/app	app授权	C	features-03-user-app.tsv	auth/app
用户端	auth/apple	auth/apple	apple授权	C	features-03-user-app.tsv	auth/apple
用户端	user/change_pwd	user/change_pwd	修改密码	U	features-03-user-app.tsv	user/change_pwd
用户端	auth/verify	auth/verify	验证码	U	features-03-user-app.tsv	auth/verify
用户端	wechat/config	wechat/config	微信配置	R	features-03-user-app.tsv	wechat/config
用户端	captcha	captcha	图片验证码	R	features-03-user-app.tsv	captcha
用户端	agreement_lst	agreement_lst	获取协议列表	R	features-03-user-app.tsv	agreement_lst
用户端	agreement	agreement/:key	获取协议内容	R	features-03-user-app.tsv	agreement/:key
用户端	copyright	copyright	copyright (copyright)	R	features-03-user-app.tsv	copyright
用户端	script	script	script (script)	R	features-03-user-app.tsv	script
用户端	appVersion	appVersion	app Version (appVersion)	R	features-03-user-app.tsv	appVersion
用户端	micro	micro	micro (micro)	R	features-03-user-app.tsv	getVersion
用户端	version	version	version (version)	R	features-03-user-app.tsv	getVersion
用户端	getVersion	getVersion	get Version (getVersion)	O	features-03-user-app.tsv	getVersion
用户端	diy	diy	diy (diy)	R	features-03-user-app.tsv	diy
用户端	ajcaptcha	ajcaptcha	滑块验证码	R	features-03-user-app.tsv	ajcaptcha
用户端	ajcheck	ajcheck	ajcheck (ajcheck)	U	features-03-user-app.tsv	ajcheck
用户端	open_screen	open_screen	open_screen (open_screen)	R	features-03-user-app.tsv	open_screen
用户端	route/list	route/list	可以查看所有路由的接口 - 开发者使用	R	features-03-user-app.tsv	route/list
用户端	pay/config	pay/config	pay Config (pay/config)	CR	features-03-user-app.tsv	pay/config
用户端	check	check	v3 Check Order (check)	U	features-03-user-app.tsv	check
用户端	create	create	v3 Create Order (create)	C	features-03-user-app.tsv	create
用户端	check	check	v2 Check Order (check)	U	features-03-user-app.tsv	check
用户端	create	create	v2 Create Order (create)	C	features-03-user-app.tsv	create
用户端	logout	logout	退出登录	C	features-03-user-app.tsv	logout
用户端	user	user	用户信息	R	features-03-user-app.tsv	user
用户端	user/spread	user/spread	绑定推荐人	R	features-03-user-app.tsv	user/spread
用户端	receive	receive/:id	receive Coupon (receive/:id)	C	features-03-user-app.tsv	receive/:id
用户端	check	check	check Order (check)	U	features-03-user-app.tsv	check
用户端	create	create	create Order (create)	C	features-03-user-app.tsv	create
用户端	group_order_list	group_order_list	group Order List (group_order_list)	R	features-03-user-app.tsv	group_order_list
用户端	group_order_detail	group_order_detail/:id	group Order Detail (group_order_detail/:id)	R	features-03-user-app.tsv	group_order_detail/:id
用户端	cancel	cancel/:id	cancel Group Order (cancel/:id)	D	features-03-user-app.tsv	cancel/:id
用户端	list	list	lst (list)	R	features-03-user-app.tsv	list
用户端	detail	detail/:id	detail (detail/:id)	R	features-03-user-app.tsv	detail/:id
用户端	number	number	number (number)	R	features-03-user-app.tsv	number
用户端	pay	pay/:id	group Order Pay (pay/:id)	C	features-03-user-app.tsv	pay/:id
用户端	points/pay	points/pay/:id	group Order Pay (points/pay/:id)	C	features-03-user-app.tsv	points/pay/:id
用户端	take	take/:id	take (take/:id)	C	features-03-user-app.tsv	take/:id
用户端	express	express/:id	express (express/:id)	C	features-03-user-app.tsv	express/:id
用户端	del	del/:id	del (del/:id)	D	features-03-user-app.tsv	del/:id
用户端	status	status/:id	group Order Status (status/:id)	RU	features-03-user-app.tsv	status/:id
用户端	verify_code	verify_code/:id	verify Code (verify_code/:id)	R	features-03-user-app.tsv	verify_code/:id
用户端	receipt	receipt/:id	create Receipt (receipt/:id)	C	features-03-user-app.tsv	receipt/:id
用户端	delivery	delivery/:id	get Order Delivery (delivery/:id)	R	features-03-user-app.tsv	delivery/:id
用户端	cashier_order	cashier_order/:id	get Cashier Order (cashier_order/:id)	R	features-03-user-app.tsv	cashier_order/:id
用户端	self/cancel	self/cancel/:id	cancel Order (self/cancel/:id)	D	features-03-user-app.tsv	self/cancel/:id
用户端	deliveryStation/list	deliveryStation/list	delivery Station List (deliveryStation/list)	R	features-03-user-app.tsv	deliveryStation/list
用户端	deliverySetings	deliverySetings	delivery Config (deliverySetings)	R	features-03-user-app.tsv	deliverySetings
用户端	deliveryTrack	deliveryTrack/:id	delivery Track (deliveryTrack/:id)	R	features-03-user-app.tsv	deliveryTrack/:id
用户端	pay	pay/:id	pay (pay/:id)	C	features-03-user-app.tsv	pay/:id
用户端	batch_product	batch_product/:id	batch Product (batch_product/:id)	R	features-03-user-app.tsv	batch_product/:id
用户端	express	express/:id	express (express/:id)	R	features-03-user-app.tsv	express/:id
用户端	product	product/:id	product (product/:id)	R	features-03-user-app.tsv	product/:id
用户端	compute	compute	compute (compute)	C	features-03-user-app.tsv	compute
用户端	apply	apply/:id	refund (apply/:id)	D	features-03-user-app.tsv	apply/:id
用户端	list	list	lst (list)	R	features-03-user-app.tsv	list
用户端	detail	detail/:id	detail (detail/:id)	R	features-03-user-app.tsv	detail/:id
用户端	del	del/:id	del (del/:id)	D	features-03-user-app.tsv	del/:id
用户端	back_goods	back_goods/:id	back_goods (back_goods/:id)	C	features-03-user-app.tsv	back_goods/:id
用户端	cancel	cancel/:id	cancel (cancel/:id)	D	features-03-user-app.tsv	cancel/:id
用户端	platform	platform/:id	platform Intervene (platform/:id)	C	features-03-user-app.tsv	platform/:id
用户端	product	product/:id	product (product/:id)	R	features-03-user-app.tsv	product/:id
用户端	登录用户	:id	reply (:id)	U	features-03-user-app.tsv	:id
用户端	user/cancel	user/cancel	注销用户	D	features-03-user-app.tsv	user/cancel
用户端	account	account	切换账号	R	features-03-user-app.tsv	account
用户端	switch	switch	switch User (switch)	U	features-03-user-app.tsv	switch
用户端	change/phone	change/phone	修改信息	U	features-03-user-app.tsv	change/phone
用户端	change/info	change/info	update Base Info (change/info)	RU	features-03-user-app.tsv	change/info
用户端	change/password	change/password	change Password (change/password)	U	features-03-user-app.tsv	change/password
用户端	relation/product	/relation/product/lst	收藏	R	features-03-user-app.tsv	/relation/product/lst
用户端	relation/merchant	/relation/merchant/lst	merchant List (/relation/merchant/lst)	R	features-03-user-app.tsv	/relation/merchant/lst
用户端	relation/create	/relation/create	create (/relation/create)	C	features-03-user-app.tsv	/relation/create
用户端	relation/batch	/relation/batch/create	batch Create (/relation/batch/create)	C	features-03-user-app.tsv	/relation/batch/create
用户端	relation/delete	/relation/delete	delete (/relation/delete)	D	features-03-user-app.tsv	/relation/delete
用户端	relation/batch	/relation/batch/delete	batch Delete (/relation/batch/delete)	D	features-03-user-app.tsv	/relation/batch/delete
用户端	feedback	/feedback	反馈	C	features-03-user-app.tsv	/feedback
用户端	feedback/list	/feedback/list	feedback List (/feedback/list)	R	features-03-user-app.tsv	/feedback/list
用户端	feedback/detail	/feedback/detail/:id	detail (/feedback/detail/:id)	R	features-03-user-app.tsv	/feedback/detail/:id
用户端	recharge	/recharge	充值	C	features-03-user-app.tsv	/recharge
用户端	recharge/brokerage	/recharge/brokerage	brokerage (/recharge/brokerage)	C	features-03-user-app.tsv	/recharge/brokerage
用户端	address/lst	/address/lst	地址	CR	features-03-user-app.tsv	/address/lst
用户端	address/create	/address/create	create (/address/create)	C	features-03-user-app.tsv	/address/create
用户端	address/detail	/address/detail/:id	detail (/address/detail/:id)	CR	features-03-user-app.tsv	/address/detail/:id
用户端	address/update	/address/update/:id	edit Default (/address/update/:id)	CU	features-03-user-app.tsv	/address/update/:id
用户端	address/delete	/address/delete/:id	delete (/address/delete/:id)	CD	features-03-user-app.tsv	/address/delete/:id
用户端	spread_image	/spread_image	分销海报	R	features-03-user-app.tsv	/spread_image
用户端	v2/spread_image	/v2/spread_image	spread_image_v2 (/v2/spread_image)	R	features-03-user-app.tsv	/v2/spread_image
用户端	spread_list	/spread_list	推广人列表	R	features-03-user-app.tsv	/spread_list
用户端	extract/lst	/extract/lst	提现	R	features-03-user-app.tsv	/extract/lst
用户端	extract/detail	/extract/detail/:id	detail (/extract/detail/:id)	R	features-03-user-app.tsv	/extract/detail/:id
用户端	extract/banklst	/extract/banklst	bank Lst (/extract/banklst)	R	features-03-user-app.tsv	/extract/banklst
用户端	extract/create	/extract/create	create (/extract/create)	C	features-03-user-app.tsv	/extract/create
用户端	extract/history_bank	/extract/history_bank	history Bank (/extract/history_bank)	R	features-03-user-app.tsv	/extract/history_bank
用户端	binding	binding	绑定手机号	U	features-03-user-app.tsv	binding
用户端	mp/binding	mp/binding	小程序获取手机号	U	features-03-user-app.tsv	mp/binding
用户端	bill	bill	余额记录	R	features-03-user-app.tsv	bill
用户端	brokerage_list	brokerage_list	佣金记录	R	features-03-user-app.tsv	brokerage_list
用户端	spread_order	spread_order	推广人订单	R	features-03-user-app.tsv	spread_order
用户端	spread_top	spread_top	推广人排行榜	R	features-03-user-app.tsv	spread_top
用户端	brokerage_top	brokerage_top	佣金排行榜	R	features-03-user-app.tsv	brokerage_top
用户端	spread_info	spread_info	spread_info (spread_info)	R	features-03-user-app.tsv	spread_info
用户端	spread_level	spread_level	spread_info (spread_level)	R	features-03-user-app.tsv	spread_level
用户端	brokerage/info	brokerage/info	brokerage_info (brokerage/info)	R	features-03-user-app.tsv	brokerage/info
用户端	brokerage/all	brokerage/all	brokerage_all (brokerage/all)	R	features-03-user-app.tsv	brokerage/all
用户端	brokerage/notice	brokerage/notice	notice (brokerage/notice)	R	features-03-user-app.tsv	brokerage/notice
用户端	history	history	浏览记录	R	features-03-user-app.tsv	history
用户端	history/delete	history/delete/:id	delete History (history/delete/:id)	RD	features-03-user-app.tsv	history/delete/:id
用户端	history/batch	history/batch/delete	delete History Batch (history/batch/delete)	RD	features-03-user-app.tsv	history/batch/delete
用户端	receipt/create	receipt/create	发票	C	features-03-user-app.tsv	receipt/create
用户端	receipt/lst	receipt/lst	lst (receipt/lst)	R	features-03-user-app.tsv	receipt/lst
用户端	receipt/order	receipt/order	order (receipt/order)	R	features-03-user-app.tsv	receipt/order
用户端	receipt/order	receipt/order/:id	order Detail (receipt/order/:id)	R	features-03-user-app.tsv	receipt/order/:id
用户端	receipt/delete	receipt/delete/:id	delete (receipt/delete/:id)	D	features-03-user-app.tsv	receipt/delete/:id
用户端	receipt/update	receipt/update/:id	update (receipt/update/:id)	U	features-03-user-app.tsv	receipt/update/:id
用户端	receipt/is_default	receipt/is_default/:id	is Default (receipt/is_default/:id)	C	features-03-user-app.tsv	receipt/is_default/:id
用户端	receipt/detail	receipt/detail/:id	detail (receipt/detail/:id)	R	features-03-user-app.tsv	receipt/detail/:id
用户端	sign/lst	sign/lst	签到	R	features-03-user-app.tsv	sign/lst
用户端	sign/create	sign/create	create (sign/create)	C	features-03-user-app.tsv	sign/create
用户端	sign/month	sign/month	month (sign/month)	R	features-03-user-app.tsv	sign/month
用户端	integral/info	integral/info	积分	R	features-03-user-app.tsv	integral/info
用户端	integral/lst	integral/lst	integral List (integral/lst)	R	features-03-user-app.tsv	integral/lst
用户端	services	services	客服列表	R	features-03-user-app.tsv	services
用户端	member/info	member/info	member Info (member/info)	R	features-03-user-app.tsv	member/info
用户端	member/log	member/log	get Member Value (member/log)	R	features-03-user-app.tsv	member/log
用户端	fields/info	fields/info	用户表单数据操作	R	features-03-user-app.tsv	fields/info
用户端	fields/save	fields/save	save (fields/save)	C	features-03-user-app.tsv	fields/save
用户端	fields/delete	fields/delete	delete (fields/delete)	D	features-03-user-app.tsv	fields/delete
用户端	check	/check/:id	check Cerate (/check/:id)	U	features-03-user-app.tsv	/check/:id
用户端	lst	/lst	lst (/lst)	R	features-03-user-app.tsv	/lst
用户端	create	/create	create (/create)	C	features-03-user-app.tsv	/create
用户端	again	/again	again (/again)	C	features-03-user-app.tsv	/again
用户端	change	/change/:id	change (/change/:id)	U	features-03-user-app.tsv	/change/:id
用户端	delete	/delete	batch Delete (/delete)	D	features-03-user-app.tsv	/delete
用户端	count	/count	cart Count (/count)	R	features-03-user-app.tsv	/count
用户端	batchCreate	/batchCreate	batch Create (/batchCreate)	C	features-03-user-app.tsv	/batchCreate
用户端	clear	/clear	clear (/clear)	D	features-03-user-app.tsv	/clear
用户端	assist/create	/assist/create/:id	create (/assist/create/:id)	CU	features-03-user-app.tsv	/assist/create/:id
用户端	assist/detail	/assist/detail/:id	detail (/assist/detail/:id)	R	features-03-user-app.tsv	/assist/detail/:id
用户端	assist/set	/assist/set/:id	set (/assist/set/:id)	U	features-03-user-app.tsv	/assist/set/:id
用户端	assist/user	/assist/user/:id	user List (/assist/user/:id)	R	features-03-user-app.tsv	/assist/user/:id
用户端	assist/share	/assist/share/:id	share Num (/assist/share/:id)	R	features-03-user-app.tsv	/assist/share/:id
用户端	assist/set	/assist/set/lst	lst (/assist/set/lst)	R	features-03-user-app.tsv	/assist/set/lst
用户端	assist/set	/assist/set/delete/:id	delete (/assist/set/delete/:id)	D	features-03-user-app.tsv	/assist/set/delete/:id
用户端	increase_take	/increase_take	set Increase Take (/increase_take)	U	features-03-user-app.tsv	/increase_take
用户端	get_attr_value	/get_attr_value/:id	get Attr Value (/get_attr_value/:id)	R	features-03-user-app.tsv	/get_attr_value/:id
用户端	intention/lst	intention/lst	申请商户	R	features-03-user-app.tsv	intention/lst
用户端	intention/detail	intention/detail/:id	detail (intention/detail/:id)	R	features-03-user-app.tsv	intention/detail/:id
用户端	intention/update	intention/update/:id	update (intention/update/:id)	U	features-03-user-app.tsv	intention/update/:id
用户端	store/product	store/product/group/cancel	cancel (store/product/group/cancel)	D	features-03-user-app.tsv	store/product/group/cancel
用户端	create	/create	create (/create)	C	features-03-user-app.tsv	/create
用户端	update	/update/:id	update (/update/:id)	U	features-03-user-app.tsv	/update/:id
用户端	delete	/delete/:id	delete (/delete/:id)	D	features-03-user-app.tsv	/delete/:id
用户端	pay_product/lst	pay_product/lst	pay List (pay_product/lst)	CR	features-03-user-app.tsv	pay_product/lst
用户端	rela_product/lst	rela_product/lst	relation List (rela_product/lst)	R	features-03-user-app.tsv	rela_product/lst
用户端	hist_product/lst	hist_product/lst	history List (hist_product/lst)	R	features-03-user-app.tsv	hist_product/lst
用户端	fans	fans/:id	set Focus (fans/:id)	U	features-03-user-app.tsv	fans/:id
用户端	fans/lst	fans/lst	get User Fans (fans/lst)	R	features-03-user-app.tsv	fans/lst
用户端	focus/lst	focus/lst	get User Focus (focus/lst)	R	features-03-user-app.tsv	focus/lst
用户端	start	start/:id	start Community (start/:id)	C	features-03-user-app.tsv	start/:id
用户端	start/lst	start/lst	get User Start Community (start/lst)	R	features-03-user-app.tsv	start/lst
用户端	reply/create	reply/create/:id	create (reply/create/:id)	CU	features-03-user-app.tsv	reply/create/:id
用户端	reply/start	reply/start/:id	start (reply/start/:id)	U	features-03-user-app.tsv	reply/start/:id
用户端	order	order/:id	get Spu By Order (order/:id)	R	features-03-user-app.tsv	order/:id
用户端	svip/pay	svip/pay/:id	付费会员购买	C	features-03-user-app.tsv	svip/pay/:id
用户端	check	check	befor Check (check)	U	features-03-user-app.tsv	check
用户端	create	create	create Order (create)	C	features-03-user-app.tsv	create
用户端	pay	pay/:id	order Pay (pay/:id)	C	features-03-user-app.tsv	pay/:id
用户端	lst	lst	lst (lst)	R	features-03-user-app.tsv	lst
用户端	detail	detail/:id	detail (detail/:id)	R	features-03-user-app.tsv	detail/:id
用户端	take	take/:id	take (take/:id)	C	features-03-user-app.tsv	take/:id
用户端	deleate	deleate/:id	del (deleate/:id)	D	features-03-user-app.tsv	deleate/:id
用户端	create	/create/:id	create (/create/:id)	C	features-03-user-app.tsv	/create/:id
用户端	lst	/lst	lst (/lst)	R	features-03-user-app.tsv	/lst
用户端	detail	/detail/:id	detail (/detail/:id)	R	features-03-user-app.tsv	/detail/:id
用户端	show	/show/:id	show (/show/:id)	R	features-03-user-app.tsv	/show/:id
用户端	list	list	list (list)	R	features-03-user-app.tsv	list
用户端	detail	detail/:id	detail (detail/:id)	R	features-03-user-app.tsv	detail/:id
用户端	create	create	create (create)	C	features-03-user-app.tsv	create
用户端	update	update/:id	update (update/:id)	U	features-03-user-app.tsv	update/:id
用户端	revoke	revoke/:id	revoke (revoke/:id)	C	features-03-user-app.tsv	revoke/:id
用户端	pay_lst	pay_lst	价格列表	CR	features-03-user-app.tsv	pay_lst
用户端	user_info	user_info	svip User Info (user_info)	R	features-03-user-app.tsv	user_info
用户端	coupon_lst	coupon_lst	svip Coupon (coupon_lst)	R	features-03-user-app.tsv	coupon_lst
用户端	product_lst	product_lst	svip Product List (product_lst)	R	features-03-user-app.tsv	product_lst
用户端	coupon_receive	coupon_receive/:id	receive Coupon (coupon_receive/:id)	C	features-03-user-app.tsv	coupon_receive/:id
用户端	lst	/lst	社区文章列表	R	features-03-user-app.tsv	/lst
用户端	user_lst	/user_lst	user List (/user_lst)	R	features-03-user-app.tsv	/user_lst
用户端	video_lst	/video_lst	video Show (/video_lst)	R	features-03-user-app.tsv	/video_lst
用户端	show	/show/:id	详情	R	features-03-user-app.tsv	/show/:id
用户端	user/info	/user/info/:id	用户页	R	features-03-user-app.tsv	/user/info/:id
用户端	user/community	/user/community/:id	用户的文章	R	features-03-user-app.tsv	/user/community/:id
用户端	user/community_video	/user/community_video/:id	用户的视频	R	features-03-user-app.tsv	/user/community_video/:id
用户端	category/lst	category/lst	分类&话题	R	features-03-user-app.tsv	category/lst
用户端	reply	/:id/reply	lst (/:id/reply)	R	features-03-user-app.tsv	/:id/reply
用户端	focuslst	/focuslst	focuslst (/focuslst)	R	features-03-user-app.tsv	/focuslst
用户端	qrcode	qrcode/:id	qrcode (qrcode/:id)	R	features-03-user-app.tsv	qrcode/:id
用户端	lst	lst/:id	activity Lst (lst/:id)	R	features-03-user-app.tsv	lst/:id
用户端	info	info/:id	activity Info (info/:id)	R	features-03-user-app.tsv	info/:id
用户端	seckill/select	seckill/select	select (seckill/select)	R	features-03-user-app.tsv	seckill/select
用户端	seckill/lst	seckill/lst	lst (seckill/lst)	R	features-03-user-app.tsv	seckill/lst
用户端	seckill/detail	seckill/detail/:id	detail (seckill/detail/:id)	R	features-03-user-app.tsv	seckill/detail/:id
用户端	category/lst	category/lst	lst (category/lst)	R	features-03-user-app.tsv	category/lst
用户端	category	category	children (category)	R	features-03-user-app.tsv	category
用户端	brand/lst	brand/lst	lst (brand/lst)	R	features-03-user-app.tsv	brand/lst
用户端	detail	detail/:id	detail (detail/:id)	R	features-03-user-app.tsv	detail/:id
用户端	show	show/:id	show (show/:id)	R	features-03-user-app.tsv	show/:id
用户端	good_list	good_list/:id	get Good List (good_list/:id)	R	features-03-user-app.tsv	good_list/:id
用户端	qrcode	/qrcode/:id	qrcode (/qrcode/:id)	R	features-03-user-app.tsv	/qrcode/:id
用户端	category/hotranking	category/hotranking	cate Hot Ranking (category/hotranking)	R	features-03-user-app.tsv	category/hotranking
用户端	bag/explain	bag/explain	get Bag Explain (bag/explain)	R	features-03-user-app.tsv	bag/explain
用户端	reply/lst	/reply/lst/:id	lst (/reply/lst/:id)	R	features-03-user-app.tsv	/reply/lst/:id
用户端	presell/lst	/presell/lst	预售	R	features-03-user-app.tsv	/presell/lst
用户端	presell/detail	/presell/detail/:id	detail (/presell/detail/:id)	R	features-03-user-app.tsv	/presell/detail/:id
用户端	presell/agree	presell/agree	预售协议	R	features-03-user-app.tsv	presell/agree
用户端	assist/lst	/assist/lst	助力	R	features-03-user-app.tsv	/assist/lst
用户端	group/lst	group/lst	拼团	R	features-03-user-app.tsv	group/lst
用户端	group/detail	group/detail/:id	detail (group/detail/:id)	R	features-03-user-app.tsv	group/detail/:id
用户端	group/count	group/count	user Count (group/count)	R	features-03-user-app.tsv	group/count
用户端	group/category	group/category	category (group/category)	R	features-03-user-app.tsv	group/category
用户端	group/get	group/get/:id	group Buying (group/get/:id)	CR	features-03-user-app.tsv	group/get/:id
用户端	guarantee	/guarantee/:id	guarantee Template (/guarantee/:id)	R	features-03-user-app.tsv	/guarantee/:id
用户端	preview	/preview	preview (/preview)	R	features-03-user-app.tsv	/preview
用户端	price_rule	/price_rule/:id	price Rule (/price_rule/:id)	R	features-03-user-app.tsv	/price_rule/:id
用户端	cate_hot	/cate_hot	cate Hot List (/cate_hot)	R	features-03-user-app.tsv	/cate_hot
用户端	get_spec	/get_spec/:id	商品列表获取商品规格	R	features-03-user-app.tsv	/get_spec/:id
用户端	recommendProduct	/recommendProduct	商品列表获取推荐商品	R	features-03-user-app.tsv	/recommendProduct
用户端	reservation/getMonth	/reservation/getMonth/:id	show Month (/reservation/getMonth/:id)	R	features-03-user-app.tsv	/reservation/getMonth/:id
用户端	reservation/getDay	/reservation/getDay/:id	show Day (/reservation/getDay/:id)	R	features-03-user-app.tsv	/reservation/getDay/:id
用户端	reservation/checkRange	/reservation/checkRange	check Range (/reservation/checkRange)	U	features-03-user-app.tsv	/reservation/checkRange
用户端	bag	/bag	礼包 product/spu/bag	R	features-03-user-app.tsv	/bag
用户端	lst	/lst	商品 product/spu/lst	R	features-03-user-app.tsv	/lst
用户端	hot	/hot/:type	热门 product/spu/hot/:type	R	features-03-user-app.tsv	/hot/:type
用户端	recommend	/recommend	推荐 product/spu/recommend	R	features-03-user-app.tsv	/recommend
用户端	merchant	/merchant/:id	商户商品  product/spu/merchant/:id	R	features-03-user-app.tsv	/merchant/:id
用户端	bag/recommend	/bag/recommend	礼包推荐  product/spu/bag/recommend	R	features-03-user-app.tsv	/bag/recommend
用户端	active/category	/active/category/:type	活动分类  product/spu/active/category/:type	R	features-03-user-app.tsv	/active/category/:type
用户端	labels	/labels	标签获取数据	R	features-03-user-app.tsv	/labels
用户端	local	/local/:id	本地生活商品	R	features-03-user-app.tsv	/local/:id
用户端	copy	/copy	复制口令	R	features-03-user-app.tsv	/copy
用户端	get	/get/:id	get (/get/:id)	R	features-03-user-app.tsv	/get/:id
用户端	coupon_product	/coupon_product	优惠券商品列表	R	features-03-user-app.tsv	/coupon_product
用户端	get_hot_ranking	/get_hot_ranking	热卖排行	R	features-03-user-app.tsv	/get_hot_ranking
用户端	params	/params	商品参数	R	features-03-user-app.tsv	/params
用户端	params_value	/params_value/:id	商品参数值	R	features-03-user-app.tsv	/params_value/:id
用户端	hot_lst	/hot_lst	商品热搜	R	features-03-user-app.tsv	/hot_lst
用户端	hot_top	/hot_top	get Hot Top (/hot_top)	R	features-03-user-app.tsv	/hot_top
用户端	lst	/lst	lst (/lst)	R	features-03-user-app.tsv	/lst
用户端	hot	/hot	hot (/hot)	R	features-03-user-app.tsv	/hot
用户端	product	product	coupon (product)	R	features-03-user-app.tsv	product
用户端	store	store/:id	mer Coupon (store/:id)	R	features-03-user-app.tsv	store/:id
用户端	list	list	lst (list)	R	features-03-user-app.tsv	list
用户端	getlst	getlst	get List (getlst)	R	features-03-user-app.tsv	getlst
用户端	new_people	new_people	new People (new_people)	R	features-03-user-app.tsv	new_people
用户端	lst	/lst	lst (/lst)	R	features-03-user-app.tsv	/lst
用户端	product/lst	/product/lst/:id	product List (/product/lst/:id)	R	features-03-user-app.tsv	/product/lst/:id
用户端	category/lst	/category/lst/:id	category List (/category/lst/:id)	R	features-03-user-app.tsv	/category/lst/:id
用户端	detail/0	/detail/0	system Detail (/detail/0)	R	features-03-user-app.tsv	/detail/0
用户端	detail	/detail/:id	detail (/detail/:id)	R	features-03-user-app.tsv	/detail/:id
用户端	qrcode	/qrcode/:id	qrcode (/qrcode/:id)	R	features-03-user-app.tsv	/qrcode/:id
用户端	local	/local	local Lst (/local)	R	features-03-user-app.tsv	/local
用户端	localDetail	/localDetail/:id	local Detail (/localDetail/:id)	R	features-03-user-app.tsv	/localDetail/:id
用户端	store/certificate	store/certificate/:merId	get Mer Certificate (store/certificate/:merId)	R	features-03-user-app.tsv	store/certificate/:merId
用户端	lst	/lst/:cid	lst (/lst/:cid)	R	features-03-user-app.tsv	/lst/:cid
用户端	list	/list	list (/list)	R	features-03-user-app.tsv	/list
用户端	detail	detail/:id	detail (detail/:id)	R	features-03-user-app.tsv	detail/:id
用户端	category/lst	/category/lst	lst (/category/lst)	R	features-03-user-app.tsv	/category/lst
用户端	intention/create	intention/create	申请商户	C	features-03-user-app.tsv	intention/create
用户端	intention/cate	intention/cate	cate Lst (intention/cate)	R	features-03-user-app.tsv	intention/cate
用户端	intention/type	intention/type	type Lst (intention/type)	R	features-03-user-app.tsv	intention/type
用户端	intention/circles	intention/circles	circles (intention/circles)	R	features-03-user-app.tsv	intention/circles
用户端	intention/business	intention/business	business (intention/business)	R	features-03-user-app.tsv	intention/business
用户端	common/visit	common/visit	浏览	C	features-03-user-app.tsv	common/visit
用户端	store/product	store/product/assist/count	user Count (store/product/assist/count)	R	features-03-user-app.tsv	store/product/assist/count
用户端	store/expr	store/expr/temps	get Export Temp (store/expr/temps)	R	features-03-user-app.tsv	store/expr/temps
用户端	command/copy	command/copy	复制口令	R	features-03-user-app.tsv	command/copy
用户端	lst	lst	lst (lst)	R	features-03-user-app.tsv	lst
用户端	store/test	store/test	test	O	features-03-user-app.tsv	store/test
用户端	subscribe	subscribe	subscribe (subscribe)	R	features-03-user-app.tsv	subscribe
用户端	home	home	home (home)	R	features-03-user-app.tsv	home
用户端	scope	scope	points_mall_scope (scope)	R	features-03-user-app.tsv	scope
用户端	lst	lst	lst (lst)	R	features-03-user-app.tsv	lst
用户端	detail	detail/:id	detail (detail/:id)	R	features-03-user-app.tsv	detail/:id
用户端	product_detail	/product_detail	普通商品详情	R	features-03-user-app.tsv	/product_detail
用户端	seckill	/seckill	秒杀	R	features-03-user-app.tsv	/seckill
用户端	assist	/assist	助力	R	features-03-user-app.tsv	/assist
用户端	presell	/presell	预售	R	features-03-user-app.tsv	/presell
用户端	group	/group	拼团	R	features-03-user-app.tsv	/group
用户端	spu	/spu	商品列表	R	features-03-user-app.tsv	/spu
用户端	community	/community	社区	R	features-03-user-app.tsv	/community
用户端	coupon	/coupon	优惠券	R	features-03-user-app.tsv	/coupon
用户端	store	/store	品牌好店	R	features-03-user-app.tsv	/store
用户端	category	/category	二级分类	R	features-03-user-app.tsv	/category
用户端	broadcast	/broadcast	直播	R	features-03-user-app.tsv	/broadcast
用户端	hot_top	/hot_top	热卖排行	R	features-03-user-app.tsv	/hot_top
用户端	fab	/fab	悬浮按钮	R	features-03-user-app.tsv	/fab
用户端	productCategory	/productCategory	平台商品分类	R	features-03-user-app.tsv	/productCategory
用户端	lst	/lst	lst (/lst)	R	features-03-user-app.tsv	/lst
用户端	detail	/detail/:id	detail (/detail/:id)	R	features-03-user-app.tsv	/detail/:id
用户端	info	/info/:form_id	get Form Info (/info/:form_id)	R	features-03-user-app.tsv	/info/:form_id
用户端	share_posters	/share_posters/:id	get Share Posters (/share_posters/:id)	R	features-03-user-app.tsv	/share_posters/:id
用户端	recommend	/recommend	recommend List (/recommend)	R	features-03-user-app.tsv	/recommend
用户端	options	/options	options (/options)	R	features-03-user-app.tsv	/options
用户端	sign/info	sign/info	签到数据信息获取	R	features-03-user-app.tsv	sign/info
用户端	service/info	service/info/:id	获取商户基本信息	R	features-03-user-app.tsv	service/info/:id
用户端	has_service	has_service/:id	has Service (has_service/:id)	R	features-03-user-app.tsv	has_service/:id
用户端	upload/image	upload/image/:field	上传图片	C	features-03-user-app.tsv	upload/image/:field
用户端	scan_upload/image	scan_upload/image/:field/:token	scan Upload Image (scan_upload/image/:field/:token)	C	features-03-user-app.tsv	scan_upload/image/:field/:token
用户端	upload/certificate	upload/certificate/:field	入住商户上传证件接口	C	features-03-user-app.tsv	upload/certificate/:field
用户端	config	config	公共配置	R	features-03-user-app.tsv	config
用户端	navigation	navigation	get Navigation (navigation)	R	features-03-user-app.tsv	navigation
商户手机端/店员	history	history/:id	chat History (history/:id)	R	features-04-merchant-mobile.tsv	history/:id
商户手机端/店员	list	list	get List (list)	R	features-04-merchant-mobile.tsv	list
商户手机端/店员	mer_history	mer_history/:merId/:id	service History (mer_history/:merId/:id)	R	features-04-merchant-mobile.tsv	mer_history/:merId/:id
商户手机端/店员	user_list	user_list/:merId	service User List (user_list/:merId)	R	features-04-merchant-mobile.tsv	user_list/:merId
商户手机端/店员	scan_login	scan_login/:key	客服扫码登录	C	features-04-merchant-mobile.tsv	scan_login/:key
商户手机端/店员	user	user/:merId/:uid	user (user/:merId/:uid)	R	features-04-merchant-mobile.tsv	user/:merId/:uid
商户手机端/店员	mark	mark/:merId/:uid	mark (mark/:merId/:uid)	U	features-04-merchant-mobile.tsv	mark/:merId/:uid
商户手机端/店员	product/create	:merId/product/create	添加	C	features-04-merchant-mobile.tsv	:merId/product/create
商户手机端/店员	product/update	:merId/product/update/:id	编辑	U	features-04-merchant-mobile.tsv	:merId/product/update/:id
商户手机端/店员	product/detail	:merId/product/detail/:id	detail (:merId/product/detail/:id)	R	features-04-merchant-mobile.tsv	:merId/product/detail/:id
商户手机端/店员	product/delete	:merId/product/delete/:id	delete (:merId/product/delete/:id)	D	features-04-merchant-mobile.tsv	:merId/product/delete/:id
商户手机端/店员	product/status	:merId/product/status/:id	switch Status (:merId/product/status/:id)	U	features-04-merchant-mobile.tsv	:merId/product/status/:id
商户手机端/店员	product/lst	:merId/product/lst	lst (:merId/product/lst)	R	features-04-merchant-mobile.tsv	:merId/product/lst
商户手机端/店员	product/title	:merId/product/title	title (:merId/product/title)	R	features-04-merchant-mobile.tsv	:merId/product/title
商户手机端/店员	product/restore	:merId/product/restore/:id	restore (:merId/product/restore/:id)	C	features-04-merchant-mobile.tsv	:merId/product/restore/:id
商户手机端/店员	product/destory	:merId/product/destory/:id	destory (:merId/product/destory/:id)	C	features-04-merchant-mobile.tsv	:merId/product/destory/:id
商户手机端/店员	product/good	:merId/product/good/:id	update Good (:merId/product/good/:id)	U	features-04-merchant-mobile.tsv	:merId/product/good/:id
商户手机端/店员	product/config	:merId/product/config	config (:merId/product/config)	R	features-04-merchant-mobile.tsv	:merId/product/config
商户手机端/店员	product/edit_cate	:merId/product/edit_cate/:id	修改分类	U	features-04-merchant-mobile.tsv	:merId/product/edit_cate/:id
商户手机端/店员	product/edit_mer_cate	:merId/product/edit_mer_cate/:id	edit Mer Cate (:merId/product/edit_mer_cate/:id)	U	features-04-merchant-mobile.tsv	:merId/product/edit_mer_cate/:id
商户手机端/店员	product/value	:merId/product/value/:id	get Value (:merId/product/value/:id)	R	features-04-merchant-mobile.tsv	:merId/product/value/:id
商户手机端/店员	product/value	:merId/product/value/:id	set Value (:merId/product/value/:id)	U	features-04-merchant-mobile.tsv	:merId/product/value/:id
商户手机端/店员	category/lst	:merId/category/lst	商品分类	R	features-04-merchant-mobile.tsv	:merId/category/lst
商户手机端/店员	category/create	:merId/category/create	create (:merId/category/create)	C	features-04-merchant-mobile.tsv	:merId/category/create
商户手机端/店员	category/update	:merId/category/update/:id	update (:merId/category/update/:id)	U	features-04-merchant-mobile.tsv	:merId/category/update/:id
商户手机端/店员	category/detail	:merId/category/detail/:id	detail (:merId/category/detail/:id)	R	features-04-merchant-mobile.tsv	:merId/category/detail/:id
商户手机端/店员	category/status	:merId/category/status/:id	switch Status (:merId/category/status/:id)	U	features-04-merchant-mobile.tsv	:merId/category/status/:id
商户手机端/店员	category/delete	:merId/category/delete/:id	delete (:merId/category/delete/:id)	D	features-04-merchant-mobile.tsv	:merId/category/delete/:id
商户手机端/店员	category/list	:merId/category/list	get List (:merId/category/list)	R	features-04-merchant-mobile.tsv	:merId/category/list
商户手机端/店员	category/select	:merId/category/select	get Tree List (:merId/category/select)	R	features-04-merchant-mobile.tsv	:merId/category/select
商户手机端/店员	category/brandlist	:merId/category/brandlist	Brand List (:merId/category/brandlist)	R	features-04-merchant-mobile.tsv	:merId/category/brandlist
商户手机端/店员	template/lst	:merId/template/lst	运费模板	R	features-04-merchant-mobile.tsv	:merId/template/lst
商户手机端/店员	template/create	:merId/template/create	create (:merId/template/create)	C	features-04-merchant-mobile.tsv	:merId/template/create
商户手机端/店员	template/update	:merId/template/update/:id	update (:merId/template/update/:id)	U	features-04-merchant-mobile.tsv	:merId/template/update/:id
商户手机端/店员	template/select	:merId/template/select	get List (:merId/template/select)	R	features-04-merchant-mobile.tsv	:merId/template/select
商户手机端/店员	template/detail	:merId/template/detail/:id	detail (:merId/template/detail/:id)	R	features-04-merchant-mobile.tsv	:merId/template/detail/:id
商户手机端/店员	template/delete	:merId/template/delete	batch Delete (:merId/template/delete)	D	features-04-merchant-mobile.tsv	:merId/template/delete
商户手机端/店员	attr/lst	:merId/attr/lst	品牌管理	R	features-04-merchant-mobile.tsv	:merId/attr/lst
商户手机端/店员	attr/create	:merId/attr/create	create (:merId/attr/create)	C	features-04-merchant-mobile.tsv	:merId/attr/create
商户手机端/店员	attr/update	:merId/attr/update/:id	update (:merId/attr/update/:id)	U	features-04-merchant-mobile.tsv	:merId/attr/update/:id
商户手机端/店员	attr/detail	:merId/attr/detail/:id	detail (:merId/attr/detail/:id)	R	features-04-merchant-mobile.tsv	:merId/attr/detail/:id
商户手机端/店员	attr/delete	:merId/attr/delete	batch Delete (:merId/attr/delete)	D	features-04-merchant-mobile.tsv	:merId/attr/delete
商户手机端/店员	attr/detail	:merId/attr/detail/:id	detail (:merId/attr/detail/:id)	R	features-04-merchant-mobile.tsv	:merId/attr/detail/:id
商户手机端/店员	attr/list	:merId/attr/list	getlist (:merId/attr/list)	R	features-04-merchant-mobile.tsv	:merId/attr/list
商户手机端/店员	statistics	:merId/statistics	order Statistics (:merId/statistics)	R	features-04-merchant-mobile.tsv	:merId/statistics
商户手机端/店员	order_price	:merId/order_price	order Detail (:merId/order_price)	R	features-04-merchant-mobile.tsv	:merId/order_price
商户手机端/店员	order_list	:merId/order_list	order List (:merId/order_list)	R	features-04-merchant-mobile.tsv	:merId/order_list
商户手机端/店员	order	:merId/order/:id	order (:merId/order/:id)	R	features-04-merchant-mobile.tsv	:merId/order/:id
商户手机端/店员	mark	:merId/mark/:id	mark (:merId/mark/:id)	U	features-04-merchant-mobile.tsv	:merId/mark/:id
商户手机端/店员	price	:merId/price/:id	price (:merId/price/:id)	C	features-04-merchant-mobile.tsv	:merId/price/:id
商户手机端/店员	delivery	:merId/delivery/:id	delivery (:merId/delivery/:id)	D	features-04-merchant-mobile.tsv	:merId/delivery/:id
商户手机端/店员	verify	:merId/verify/:id	verify (:merId/verify/:id)	U	features-04-merchant-mobile.tsv	:merId/verify/:id
商户手机端/店员	pay_price	:merId/pay_price	pay Price (:merId/pay_price)	CR	features-04-merchant-mobile.tsv	:merId/pay_price
商户手机端/店员	pay_number	:merId/pay_number	pay Number (:merId/pay_number)	CR	features-04-merchant-mobile.tsv	:merId/pay_number
商户手机端/店员	mer_form	:merId/mer_form	get Form Data (:merId/mer_form)	R	features-04-merchant-mobile.tsv	:merId/mer_form
商户手机端/店员	dump_temp	:merId/dump_temp	get Form Data (:merId/dump_temp)	R	features-04-merchant-mobile.tsv	:merId/dump_temp
商户手机端/店员	delivery_config	:merId/delivery_config	get Delivery Config (:merId/delivery_config)	R	features-04-merchant-mobile.tsv	:merId/delivery_config
商户手机端/店员	delivery_options	:merId/delivery_options	get Delivery Options (:merId/delivery_options)	R	features-04-merchant-mobile.tsv	:merId/delivery_options
商户手机端/店员	delivery/options	:merId/delivery/options	options (:merId/delivery/options)	R	features-04-merchant-mobile.tsv	:merId/delivery/options
商户手机端/店员	offline	:merId/offline/:id	offline (:merId/offline/:id)	C	features-04-merchant-mobile.tsv	:merId/offline/:id
商户手机端/店员	reservation/staffs	:merId/reservation/staffs	预约	R	features-04-merchant-mobile.tsv	:merId/reservation/staffs
商户手机端/店员	reservationdispatch	:merId/reservationdispatch/:id	reservation Dispatch (:merId/reservationdispatch/:id)	C	features-04-merchant-mobile.tsv	:merId/reservationdispatch/:id
商户手机端/店员	reservationupdateDispatch	:merId/reservationupdateDispatch/:id	reservation Update Dispatch (:merId/reservationupdateDispatch/:id)	U	features-04-merchant-mobile.tsv	:merId/reservationupdateDispatch/:id
商户手机端/店员	reservationreschedule	:merId/reservationreschedule/:id	reservation Reschedule (:merId/reservationreschedule/:id)	C	features-04-merchant-mobile.tsv	:merId/reservationreschedule/:id
商户手机端/店员	reservationverify	:merId/reservationverify/:id	reservation Verify (:merId/reservationverify/:id)	U	features-04-merchant-mobile.tsv	:merId/reservationverify/:id
商户手机端/店员	reservationconfig	:merId/reservationconfig	reservation Config (:merId/reservationconfig)	R	features-04-merchant-mobile.tsv	:merId/reservationconfig
商户手机端/店员	delivery/person	:merId/delivery/person	同城配送	R	features-04-merchant-mobile.tsv	:merId/delivery/person
商户手机端/店员	delivery/dispatch	:merId/delivery/dispatch/:id	delivery Dispatch (:merId/delivery/dispatch/:id)	D	features-04-merchant-mobile.tsv	:merId/delivery/dispatch/:id
商户手机端/店员	delivery/updateDispatch	:merId/delivery/updateDispatch/:id	delivery Update Dispatch (:merId/delivery/updateDispatch/:id)	UD	features-04-merchant-mobile.tsv	:merId/delivery/updateDispatch/:id
商户手机端/店员	delivery/confirm	:merId/delivery/confirm/:id	delivery Confirm (:merId/delivery/confirm/:id)	UD	features-04-merchant-mobile.tsv	:merId/delivery/confirm/:id
商户手机端/店员	refund/check	:merId/refund/check/:id	退款单	R	features-04-merchant-mobile.tsv	:merId/refund/check/:id
商户手机端/店员	refund/create	:merId/refund/create	create (:merId/refund/create)	CD	features-04-merchant-mobile.tsv	:merId/refund/create
商户手机端/店员	refund/compute	:merId/refund/compute	compute (:merId/refund/compute)	D	features-04-merchant-mobile.tsv	:merId/refund/compute
商户手机端/店员	refund/lst	:merId/refund/lst	lst (:merId/refund/lst)	R	features-04-merchant-mobile.tsv	:merId/refund/lst
商户手机端/店员	refund/detail	:merId/refund/detail/:id	detail (:merId/refund/detail/:id)	R	features-04-merchant-mobile.tsv	:merId/refund/detail/:id
商户手机端/店员	refund/get	:merId/refund/get/:id	get Refund Price (:merId/refund/get/:id)	R	features-04-merchant-mobile.tsv	:merId/refund/get/:id
商户手机端/店员	refund/confirm	:merId/refund/confirm/:id	refund Price (:merId/refund/confirm/:id)	UD	features-04-merchant-mobile.tsv	:merId/refund/confirm/:id
商户手机端/店员	refund/express	:merId/refund/express/:id	express (:merId/refund/express/:id)	R	features-04-merchant-mobile.tsv	:merId/refund/express/:id
商户手机端/店员	refund/status	:merId/refund/status/:id	switch Status (:merId/refund/status/:id)	UD	features-04-merchant-mobile.tsv	:merId/refund/status/:id
商户手机端/店员	refund/mark	:merId/refund/mark/:id	mark (:merId/refund/mark/:id)	UD	features-04-merchant-mobile.tsv	:merId/refund/mark/:id
商户手机端/店员	order	/:merId/order/:id	detail (/:merId/order/:id)	R	features-04-merchant-mobile.tsv	/:merId/order/:id
商户手机端/店员	manager	/:merId/:id	verify (/:merId/:id)	U	features-04-merchant-mobile.tsv	/:merId/:id
商户手机端/店员	order_lst	order_lst	order_lst (order_lst)	R	features-04-merchant-mobile.tsv	order_lst
商户手机端/店员	order	order/:id	order Detail (order/:id)	R	features-04-merchant-mobile.tsv	order/:id
商户手机端/店员	order/dispatch	order/:id/dispatch	reservation Dispatch (order/:id/dispatch)	C	features-04-merchant-mobile.tsv	order/:id/dispatch
商户手机端/店员	order/verifier	order/:id/verifier	verify (order/:id/verifier)	U	features-04-merchant-mobile.tsv	order/:id/verifier
商户手机端/店员	order/check	order/:id/check	check In (order/:id/check)	U	features-04-merchant-mobile.tsv	order/:id/check
商户手机端/店员	order/trace	order/:id/trace	add Trace (order/:id/trace)	C	features-04-merchant-mobile.tsv	order/:id/trace
商户手机端/店员	order/mark	order/:id/mark	mark (order/:id/mark)	U	features-04-merchant-mobile.tsv	order/:id/mark
商户手机端/店员	reservation/config	reservation/config	reservation Config (reservation/config)	R	features-04-merchant-mobile.tsv	reservation/config
商户手机端/店员	order_lst	order_lst	order_lst (order_lst)	R	features-04-merchant-mobile.tsv	deliveryOrderLst
商户手机端/店员	order	order/:id	order Detail (order/:id)	R	features-04-merchant-mobile.tsv	deliveryOrderDetail
商户手机端/店员	order/receive	order/:id/receive	receive (order/:id/receive)	C	features-04-merchant-mobile.tsv	order/:id/receive
商户手机端/店员	order/confirm	order/:id/confirm	confirm (order/:id/confirm)	U	features-04-merchant-mobile.tsv	order/:id/confirm
商户手机端/店员	order/mark	order/:id/mark	mark (order/:id/mark)	U	features-04-merchant-mobile.tsv	order/:id/mark
客服端	captcha	captcha	验证码	R	features-05-customer-service.tsv	captcha
客服端	config	config	config (config)	R	features-05-customer-service.tsv	config
客服端	login	login	登录	C	features-05-customer-service.tsv	login
客服端	login/scan	login/scan	扫码登录	C	features-05-customer-service.tsv	login/scan
客服端	login/scan	login/scan/check	登录	U	features-05-customer-service.tsv	login/scan/check
客服端	logout	logout	退出登录	C	features-05-customer-service.tsv	logout
客服端	info	info	商户信息	R	features-05-customer-service.tsv	info
客服端	user/lst	user/lst	用户聊天列表	R	features-05-customer-service.tsv	user/lst
客服端	user/mark	user/mark/:uid	用户备注	U	features-05-customer-service.tsv	user/mark/:uid
客服端	history	history/:uid	聊天记录	R	features-05-customer-service.tsv	history/:uid
客服端	user	user	用户信息	R	features-05-customer-service.tsv	user
客服端	upload	upload/:field	图片上传	C	features-05-customer-service.tsv	upload/:field
客服端	order	order/:id	订单信息	R	features-05-customer-service.tsv	order/:id
客服端	order_status	order_status/:id	order Status (order_status/:id)	RU	features-05-customer-service.tsv	order_status/:id
客服端	refund	refund/:id	退款单信息	R	features-05-customer-service.tsv	refund/:id
客服端	order_express	order_express/:id	快递	R	features-05-customer-service.tsv	order_express/:id
客服端	refund_express	refund_express/:id	快递	R	features-05-customer-service.tsv	refund_express/:id
客服端	product	product/:id	商品	R	features-05-customer-service.tsv	product/:id
OpenAPI	auth	auth	auth (auth)	C	features-06-openapi.tsv	auth
OpenAPI	list	list	订单列表	R	features-06-openapi.tsv	list
OpenAPI	detail	detail/:id	订单详情	R	features-06-openapi.tsv	detail/:id
OpenAPI	create	create	create (create)	C	features-06-openapi.tsv	create
OpenAPI	list	list	商品列表	R	features-06-openapi.tsv	list
OpenAPI	detail	detail/:id	商品详情	R	features-06-openapi.tsv	detail/:id
