qixi_table	crmeb_table	column	type	nullable	default	comment
qixi_article	eb_article	article_id	int(10)	NO		文章管理ID
qixi_article	eb_article	cid	int(10)	YES	'0'	分类id
qixi_article	eb_article	title	varchar(64)	NO		文章标题
qixi_article	eb_article	author	varchar(32)	YES	NULL	文章作者
qixi_article	eb_article	image_input	varchar(128)	NO		文章图片
qixi_article	eb_article	synopsis	varchar(128)	YES	NULL	文章简介
qixi_article	eb_article	visit	varchar(255)	YES	NULL	浏览次数
qixi_article	eb_article	sort	int(10)	YES	'0'	排序
qixi_article	eb_article	url	varchar(128)	YES	NULL	原文链接
qixi_article	eb_article	admin_id	int(10)	NO	'0'	管理员id
qixi_article	eb_article	mer_id	int(10)	YES	'0'	商户id
qixi_article	eb_article	is_hot	tinyint(3)	YES	'0'	是否热门(小程序)
qixi_article	eb_article	is_banner	tinyint(3)	YES	'0'	是否轮播图(小程序)
qixi_article	eb_article	status	tinyint(3)	YES	NULL	状态
qixi_article	eb_article	create_time	datetime	NO	CURRENT_TIMESTAMP	添加时间
qixi_article	eb_article	wechat_news_id	int(11)	YES	'0'	微信图文id
qixi_article_category	eb_article_category	article_category_id	int(10)	NO		文章分类id
qixi_article_category	eb_article_category	pid	int(11)	NO	'0'	父级ID
qixi_article_category	eb_article_category	mer_id	int(10)	NO	'0'	商户 id
qixi_article_category	eb_article_category	title	varchar(32)	NO		文章分类标题
qixi_article_category	eb_article_category	info	varchar(255)	YES	NULL	文章分类简介
qixi_article_category	eb_article_category	image	varchar(128)	NO		文章分类图片
qixi_article_category	eb_article_category	status	tinyint(3)	NO		状态
qixi_article_category	eb_article_category	sort	int(10)	NO	'0'	排序
qixi_article_category	eb_article_category	create_time	timestamp	NO	CURRENT_TIMESTAMP	添加时间
qixi_article_content	eb_article_content	article_content_id	int(10)	NO		文章id
qixi_article_content	eb_article_content	content	text	NO		文章内容
qixi_broadcast_assistant	eb_broadcast_assistant	assistant_id	bigint(20)	NO		
qixi_broadcast_assistant	eb_broadcast_assistant	username	varchar(50)	YES	NULL	微信号
qixi_broadcast_assistant	eb_broadcast_assistant	nickname	varchar(100)	YES	NULL	微信昵称
qixi_broadcast_assistant	eb_broadcast_assistant	mer_id	int(11)	YES	NULL	商户ID
qixi_broadcast_assistant	eb_broadcast_assistant	mark	varchar(255)	YES	NULL	备注
qixi_broadcast_assistant	eb_broadcast_assistant	is_del	tinyint(1)	YES	'0'	
qixi_broadcast_goods	eb_broadcast_goods	broadcast_goods_id	int(10)	NO		
qixi_broadcast_goods	eb_broadcast_goods	mer_id	int(10)	NO		商户 id
qixi_broadcast_goods	eb_broadcast_goods	goods_id	int(10)	NO	'0'	微信商品ID
qixi_broadcast_goods	eb_broadcast_goods	audit_id	int(10)	NO	'0'	审核单 id
qixi_broadcast_goods	eb_broadcast_goods	cover_img	varchar(255)	NO		图片
qixi_broadcast_goods	eb_broadcast_goods	name	varchar(64)	NO		商品名称
qixi_broadcast_goods	eb_broadcast_goods	price	decimal(10,2)	NO	'0.00'	价格
qixi_broadcast_goods	eb_broadcast_goods	product_type	tinyint(3)	NO	'0'	商品类型
qixi_broadcast_goods	eb_broadcast_goods	product_id	int(10)	NO	'0'	商品 id
qixi_broadcast_goods	eb_broadcast_goods	error_msg	varchar(255)	YES	NULL	未通过原因
qixi_broadcast_goods	eb_broadcast_goods	audit_status	tinyint(3)	NO	'0'	0：未审核，1：审核中，2:审核通过，3审核失败
qixi_broadcast_goods	eb_broadcast_goods	status	tinyint(1)	NO	'0'	审核状态0=未审核1=微信审核2=审核通过-1=审核未通过
qixi_broadcast_goods	eb_broadcast_goods	is_show	tinyint(3)	NO	'0'	是否显示
qixi_broadcast_goods	eb_broadcast_goods	is_mer_show	tinyint(3)	NO	'0'	商户是否显示
qixi_broadcast_goods	eb_broadcast_goods	mark	varchar(512)	YES	NULL	备注
qixi_broadcast_goods	eb_broadcast_goods	create_time	timestamp	NO	CURRENT_TIMESTAMP	
qixi_broadcast_goods	eb_broadcast_goods	sort	smallint(5)	NO	'0'	排序
qixi_broadcast_goods	eb_broadcast_goods	is_del	tinyint(3)	NO	'0'	
qixi_broadcast_goods	eb_broadcast_goods	is_mer_del	tinyint(3)	NO	'0'	商户是否删除
qixi_broadcast_room	eb_broadcast_room	broadcast_room_id	int(10)	NO		
qixi_broadcast_room	eb_broadcast_room	mer_id	int(10)	NO		商户 id
qixi_broadcast_room	eb_broadcast_room	room_id	int(10)	NO	'0'	直播间 id
qixi_broadcast_room	eb_broadcast_room	name	varchar(32)	NO		直播间名字
qixi_broadcast_room	eb_broadcast_room	cover_img	varchar(255)	NO		背景图
qixi_broadcast_room	eb_broadcast_room	share_img	varchar(255)	NO		分享图
qixi_broadcast_room	eb_broadcast_room	start_time	timestamp	YES	NULL	直播计划开始时间
qixi_broadcast_room	eb_broadcast_room	end_time	timestamp	YES	NULL	直播计划结束时间
qixi_broadcast_room	eb_broadcast_room	anchor_name	varchar(32)	NO		主播昵称
qixi_broadcast_room	eb_broadcast_room	anchor_wechat	varchar(32)	NO		主播微信号
qixi_broadcast_room	eb_broadcast_room	phone	varchar(32)	NO		主播手机号
qixi_broadcast_room	eb_broadcast_room	type	tinyint(3)	NO	'0'	直播间类型 【1: 推流，0：手机直播】
qixi_broadcast_room	eb_broadcast_room	screen_type	tinyint(3)	NO	'1'	横屏、竖屏 【1：横屏，0：竖屏】
qixi_broadcast_room	eb_broadcast_room	close_like	tinyint(3)	NO	'0'	是否关闭点赞
qixi_broadcast_room	eb_broadcast_room	close_goods	tinyint(3)	NO	'0'	是否关闭货架
qixi_broadcast_room	eb_broadcast_room	close_comment	tinyint(3)	NO	'0'	是否关闭评论
qixi_broadcast_room	eb_broadcast_room	close_share	tinyint(3)	NO	'0'	是否关闭分享
qixi_broadcast_room	eb_broadcast_room	close_kf	tinyint(3)	NO	'0'	是否关闭客服
qixi_broadcast_room	eb_broadcast_room	error_msg	varchar(255)	YES	NULL	未通过原因
qixi_broadcast_room	eb_broadcast_room	status	tinyint(1)	NO	'0'	审核状态0=未审核1=微信审核2=审核通过-1=审核未通过
qixi_broadcast_room	eb_broadcast_room	live_status	smallint(5)	NO	'102'	直播状态101：直播中，102：未开始，103已结束，104禁播，105：暂停，106：异常，107：已过期
qixi_broadcast_room	eb_broadcast_room	mark	varchar(512)	YES	NULL	备注
qixi_broadcast_room	eb_broadcast_room	replay_status	tinyint(3)	YES	'0'	回放状态
qixi_broadcast_room	eb_broadcast_room	is_mer_show	tinyint(3)	NO	'1'	商户是否显示
qixi_broadcast_room	eb_broadcast_room	is_show	tinyint(3)	NO	'1'	是否显示
qixi_broadcast_room	eb_broadcast_room	create_time	timestamp	NO	CURRENT_TIMESTAMP	添加时间
qixi_broadcast_room	eb_broadcast_room	star	smallint(5)	NO	'1'	推荐星级
qixi_broadcast_room	eb_broadcast_room	sort	smallint(5)	NO	'0'	排序
qixi_broadcast_room	eb_broadcast_room	is_del	tinyint(3)	NO	'0'	是否删除
qixi_broadcast_room	eb_broadcast_room	is_mer_del	tinyint(3)	NO	'0'	商户是否删除
qixi_broadcast_room	eb_broadcast_room	feeds_img	varchar(255)	YES	NULL	封面图
qixi_broadcast_room	eb_broadcast_room	push_url	varchar(255)	YES	NULL	推流地址
qixi_broadcast_room	eb_broadcast_room	assistant_id	varchar(255)	YES	NULL	小助手ID
qixi_broadcast_room	eb_broadcast_room	is_feeds_public	tinyint(3)	YES	'0'	是否开启官方收录，1 开启，0 关闭
qixi_broadcast_room_goods	eb_broadcast_room_goods	broadcast_room_id	int(10)	NO		
qixi_broadcast_room_goods	eb_broadcast_room_goods	broadcast_goods_id	int(10)	NO		
qixi_broadcast_room_goods	eb_broadcast_room_goods	on_sale	tinyint(4)	YES	'1'	商品上下架
qixi_cache	eb_cache	key	varchar(32)	NO		
qixi_cache	eb_cache	expire_time	int(11)	NO	'0'	0=永久
qixi_cache	eb_cache	result	longtext	NO		缓存数据
qixi_cache	eb_cache	create_time	timestamp	NO	CURRENT_TIMESTAMP	缓存时间
qixi_cdkey_library	eb_cdkey_library	id	int(10)	NO		id
qixi_cdkey_library	eb_cdkey_library	mer_id	int(11)	NO	'0'	商户ID
qixi_cdkey_library	eb_cdkey_library	name	varchar(50)	NO	''	卡密库名称
qixi_cdkey_library	eb_cdkey_library	remark	varchar(255)	NO	''	备注
qixi_cdkey_library	eb_cdkey_library	product_id	int(11)	NO	'0'	关联商品ID
qixi_cdkey_library	eb_cdkey_library	product_attr_value_id	int(11)	NO	'0'	关联商品skuID
qixi_cdkey_library	eb_cdkey_library	used_num	int(10)	NO	'0'	卡密已使用数量
qixi_cdkey_library	eb_cdkey_library	total_num	int(10)	NO	'0'	卡密总数量
qixi_cdkey_library	eb_cdkey_library	is_del	tinyint(3)	NO	'0'	是否删除
qixi_cdkey_library	eb_cdkey_library	create_time	timestamp	YES	CURRENT_TIMESTAMP	创建时间
qixi_circle	eb_circle	circle_id	int(10)	NO		商圈id
qixi_circle	eb_circle	pid	int(10)	NO	'0'	上级商圈id
qixi_circle	eb_circle	path	varchar(50)	NO	''	路径
qixi_circle	eb_circle	name	varchar(64)	NO	''	商圈名称
qixi_circle	eb_circle	circle_agent_id	int(10)	NO	'0'	商圈代理id
qixi_circle	eb_circle	commission_type	tinyint(3)	NO	'0'	商圈提成类型(0:按默认设置，1:单独设置)
qixi_circle	eb_circle	commission_rate	decimal(8,2)	NO	'0.00'	商圈提成比例(0~100%)：commission_type为0时取系统设置等级提成比例，为1时自定义设置)
qixi_circle	eb_circle	level	tinyint(3)	NO	'0'	等级:0一级商圈 1二级商圈 2三级商圈
qixi_circle	eb_circle	remark	varchar(255)	NO	''	说明信息
qixi_circle	eb_circle	sort	int(10)	NO	'0'	排序(数字越大越靠前)
qixi_circle	eb_circle	status	tinyint(3)	NO	'1'	状态：0禁用 1启用
qixi_circle	eb_circle	create_time	datetime	NO	CURRENT_TIMESTAMP	创建时间
qixi_circle	eb_circle	update_time	datetime	NO	CURRENT_TIMESTAMP	修改时间
qixi_circle	eb_circle	type	tinyint(1)	NO	'0'	类型：0区域，1商户
qixi_circle	eb_circle	role_id	int(10)	NO	'0'	角色权限id
qixi_circle	eb_circle	business_store_category	int(10)	NO	'0'	商户店铺分类
qixi_circle	eb_circle	business_store_type	int(10)	NO	'0'	商户店铺类型
qixi_circle_agent	eb_circle_agent	circle_agent_id	int(10)	NO		商圈代理id
qixi_circle_agent	eb_circle_agent	uid	int(10)	NO	'0'	用户id
qixi_circle_agent	eb_circle_agent	name	varchar(64)	NO	''	代理名称
qixi_circle_agent	eb_circle_agent	phone	varchar(16)	NO	''	联系电话
qixi_circle_agent	eb_circle_agent	qualification	text	YES		身份资质
qixi_circle_agent	eb_circle_agent	remark	varchar(255)	NO	''	说明信息
qixi_circle_agent	eb_circle_agent	extend	text	YES		扩展信息
qixi_circle_agent	eb_circle_agent	audit_admin_id	int(10)	NO	'0'	审核管理员
qixi_circle_agent	eb_circle_agent	audit_reason	varchar(255)	NO	''	审核拒绝原因
qixi_circle_agent	eb_circle_agent	audit_time	datetime	YES	NULL	审核时间
qixi_circle_agent	eb_circle_agent	status	tinyint(3)	NO	'0'	状态：0待审核 1审核通过 -1审核拒绝 -2撤销
qixi_circle_agent	eb_circle_agent	create_time	datetime	NO	CURRENT_TIMESTAMP	创建时间
qixi_circle_agent	eb_circle_agent	payment_method	tinyint(3)	NO	'0'	结算方式:0:银行卡，1:微信，2:支付宝
qixi_circle_agent	eb_circle_agent	payment_name	varchar(16)	NO	''	结算名称
qixi_circle_agent	eb_circle_agent	payment_account	varchar(30)	NO	''	结算账号
qixi_circle_agent	eb_circle_agent	payment_bank	varchar(30)	NO	''	开户行
qixi_circle_agent	eb_circle_agent	payment_qr_img	varchar(200)	NO	''	收款二维码图片
qixi_circle_agent	eb_circle_agent	balance	decimal(8,2)	NO	'0.00'	佣金余额
qixi_circle_agent	eb_circle_agent	update_time	datetime	NO	CURRENT_TIMESTAMP	修改时间
qixi_circle_agent	eb_circle_agent	type	tinyint(1)	NO	'0'	类型：0区域，1商户
qixi_circle_agent	eb_circle_agent	business_name	varchar(64)	NO	''	商户名称
qixi_circle_agent	eb_circle_agent	business_store_category	int(10)	NO	'0'	商户店铺分类
qixi_circle_agent	eb_circle_agent	business_store_type	int(10)	NO	'0'	商户店铺类型
qixi_circle_brokerage_checkout	eb_circle_brokerage_checkout	checkout_id	int(10)	NO		
qixi_circle_brokerage_checkout	eb_circle_brokerage_checkout	agent_id	int(10)	NO		商圈代理id
qixi_circle_brokerage_checkout	eb_circle_brokerage_checkout	agent_name	varchar(64)	NO	''	商圈代理名称
qixi_circle_brokerage_checkout	eb_circle_brokerage_checkout	agent_phone	varchar(64)	NO	''	商圈代理电话
qixi_circle_brokerage_checkout	eb_circle_brokerage_checkout	withdrawal_sn	varchar(32)	NO	''	提现流水号
qixi_circle_brokerage_checkout	eb_circle_brokerage_checkout	withdrawal_amount	decimal(8,2)	NO	'0.00'	提现金额
qixi_circle_brokerage_checkout	eb_circle_brokerage_checkout	withdrawal_type	int(10)	NO	'0'	提现方式 0:银行卡，1:微信，2:支付宝
qixi_circle_brokerage_checkout	eb_circle_brokerage_checkout	transfer_voucher	text	YES		转账凭证
qixi_circle_brokerage_checkout	eb_circle_brokerage_checkout	remark	varchar(200)	NO	''	备注
qixi_circle_brokerage_checkout	eb_circle_brokerage_checkout	platform_remark	varchar(200)	NO	''	平台备注
qixi_circle_brokerage_checkout	eb_circle_brokerage_checkout	transfer_remark	varchar(200)	NO	''	转账备注
qixi_circle_brokerage_checkout	eb_circle_brokerage_checkout	audit_time	datetime	YES	NULL	审核时间
qixi_circle_brokerage_checkout	eb_circle_brokerage_checkout	audit_status	tinyint(3)	NO	'0'	审核状态：0待审核 1审核通过 -1审核拒绝 -2撤销
qixi_circle_brokerage_checkout	eb_circle_brokerage_checkout	audit_admin_id	int(10)	NO	'0'	审核管理员
qixi_circle_brokerage_checkout	eb_circle_brokerage_checkout	audit_reason	varchar(255)	NO	''	审核拒绝原因
qixi_circle_brokerage_checkout	eb_circle_brokerage_checkout	status	tinyint(3)	NO	'0'	状态：0未到帐 1已到帐
qixi_circle_brokerage_checkout	eb_circle_brokerage_checkout	create_time	datetime	NO	CURRENT_TIMESTAMP	创建时间
qixi_circle_brokerage_checkout	eb_circle_brokerage_checkout	update_time	datetime	NO	CURRENT_TIMESTAMP	修改时间
qixi_circle_brokerage_checkout	eb_circle_brokerage_checkout	withdrawal_qr_img	varchar(200)	NO	''	收款二维码图片
qixi_circle_brokerage_checkout	eb_circle_brokerage_checkout	withdrawal_name	varchar(16)	NO	''	结算名称
qixi_circle_brokerage_checkout	eb_circle_brokerage_checkout	withdrawal_account	varchar(30)	NO	''	结算账号
qixi_circle_financial_record	eb_circle_financial_record	record_id	int(10)	NO		
qixi_circle_financial_record	eb_circle_financial_record	circle_id	int(10)	NO	'0'	商圈id
qixi_circle_financial_record	eb_circle_financial_record	circle_name	varchar(64)	NO	''	商圈名称
qixi_circle_financial_record	eb_circle_financial_record	mer_id	int(10)	NO	'0'	商户id
qixi_circle_financial_record	eb_circle_financial_record	mer_name	varchar(64)	NO	''	商户名称
qixi_circle_financial_record	eb_circle_financial_record	agent_id	int(10)	NO	'0'	商圈代理id
qixi_circle_financial_record	eb_circle_financial_record	agent_name	varchar(64)	NO	''	商圈代理名称
qixi_circle_financial_record	eb_circle_financial_record	record_sn	varchar(32)	NO	''	流水号
qixi_circle_financial_record	eb_circle_financial_record	order_id	int(10)	NO	'0'	订单号
qixi_circle_financial_record	eb_circle_financial_record	order_sn	varchar(32)	NO	''	订单编号
qixi_circle_financial_record	eb_circle_financial_record	user_id	int(10)	NO	'0'	用户 id
qixi_circle_financial_record	eb_circle_financial_record	user_info	varchar(32)	NO	''	用户名
qixi_circle_financial_record	eb_circle_financial_record	amount	decimal(8,2)	NO	'0.00'	金额
qixi_circle_financial_record	eb_circle_financial_record	status	tinyint(3)	NO	'0'	状态：0冻结中 1解冻 -1失效
qixi_circle_financial_record	eb_circle_financial_record	create_time	timestamp	NO	CURRENT_TIMESTAMP	创建时间
qixi_circle_financial_record	eb_circle_financial_record	update_time	timestamp	NO	CURRENT_TIMESTAMP	修改时间
qixi_city_area	eb_city_area	id	int(10)	NO		
qixi_city_area	eb_city_area	path	varchar(128)	NO	'/'	省市级别
qixi_city_area	eb_city_area	parent_id	int(11)	NO	'0'	父级id
qixi_city_area	eb_city_area	type	varchar(32)	NO		类型
qixi_city_area	eb_city_area	name	varchar(100)	NO	''	名称
qixi_city_area	eb_city_area	level	tinyint(3)	NO	'0'	级别
qixi_city_area	eb_city_area	code	varchar(100)	NO	''	城市编码
qixi_city_area	eb_city_area	snum	int(10)	NO	'0'	子级个数
qixi_city_area	eb_city_area	create_time	timestamp	NO	CURRENT_TIMESTAMP	
qixi_community	eb_community	community_id	int(10)	NO		
qixi_community	eb_community	title	varchar(255)	YES	NULL	标题
qixi_community	eb_community	image	varchar(1000)	YES	NULL	图片
qixi_community	eb_community	category_id	int(10)	YES	'0'	
qixi_community	eb_community	topic_id	int(10)	YES	'0'	话题
qixi_community	eb_community	uid	int(10)	YES	'0'	用户
qixi_community	eb_community	count_start	int(10)	YES	'0'	点赞数
qixi_community	eb_community	count_reply	int(10)	YES	'0'	评论数
qixi_community	eb_community	count_share	int(10)	YES	'0'	分享数
qixi_community	eb_community	status	tinyint(4)	YES	'0'	审核状态
qixi_community	eb_community	is_show	tinyint(4)	YES	'0'	显示状态
qixi_community	eb_community	start	tinyint(1)	YES	'1'	星级排序
qixi_community	eb_community	create_time	timestamp	YES	CURRENT_TIMESTAMP	
qixi_community	eb_community	is_del	tinyint(1)	YES	'0'	
qixi_community	eb_community	content	varchar(1000)	YES	NULL	
qixi_community	eb_community	refusal	varchar(255)	YES	NULL	拒绝理由
qixi_community	eb_community	is_hot	tinyint(4)	YES	'0'	是否推荐
qixi_community	eb_community	order_id	int(10)	YES	'0'	关联订单ID
qixi_community	eb_community	is_type	tinyint(1)	NO	'1'	1 图文 2 视频
qixi_community	eb_community	video_link	varchar(255)	YES	NULL	视频链接
qixi_community	eb_community	pv	int(11)	YES	'0'	浏览量
qixi_community	eb_community	update_time	timestamp	YES	NULL	更新时间
qixi_community	eb_community	status_time	timestamp	YES	NULL	审核时间
qixi_community	eb_community	mer_id	int(10)	YES	'0'	商户ID
qixi_community_category	eb_community_category	category_id	bigint(20)	NO		
qixi_community_category	eb_community_category	cate_name	varchar(50)	YES	NULL	分类名
qixi_community_category	eb_community_category	pid	int(11)	YES	NULL	父级ID
qixi_community_category	eb_community_category	path	varchar(255)	YES	'/'	路径 
qixi_community_category	eb_community_category	is_show	tinyint(4)	YES	'1'	状态
qixi_community_category	eb_community_category	level	int(11)	YES	'0'	等级
qixi_community_category	eb_community_category	sort	int(11)	YES	NULL	
qixi_community_reply	eb_community_reply	reply_id	bigint(20)	NO		
qixi_community_reply	eb_community_reply	content	varchar(255)	YES	NULL	评论内容
qixi_community_reply	eb_community_reply	pid	int(10)	YES	'0'	回复id
qixi_community_reply	eb_community_reply	uid	int(10)	YES	'0'	发言人
qixi_community_reply	eb_community_reply	re_uid	int(10)	YES	'0'	回复人
qixi_community_reply	eb_community_reply	count_start	int(10)	YES	'0'	点赞数
qixi_community_reply	eb_community_reply	count_reply	int(10)	YES	'0'	评论数
qixi_community_reply	eb_community_reply	status	tinyint(4)	YES	'1'	状态 
qixi_community_reply	eb_community_reply	community_id	int(10)	YES	'0'	文章id
qixi_community_reply	eb_community_reply	create_time	timestamp	YES	CURRENT_TIMESTAMP	
qixi_community_reply	eb_community_reply	is_del	tinyint(4)	YES	'0'	
qixi_community_reply	eb_community_reply	refusal	varchar(255)	YES	NULL	拒绝原因
qixi_community_topic	eb_community_topic	topic_id	bigint(20)	NO		
qixi_community_topic	eb_community_topic	topic_name	varchar(100)	YES	NULL	话题
qixi_community_topic	eb_community_topic	status	tinyint(4)	YES	'1'	状态
qixi_community_topic	eb_community_topic	is_hot	tinyint(4)	YES	'0'	推荐
qixi_community_topic	eb_community_topic	category_id	int(10)	YES	'0'	分类id
qixi_community_topic	eb_community_topic	is_del	tinyint(4)	YES	'0'	
qixi_community_topic	eb_community_topic	pic	varchar(128)	YES	NULL	图标
qixi_community_topic	eb_community_topic	count_use	int(10)	YES	'0'	使用次数
qixi_community_topic	eb_community_topic	count_view	int(10)	YES	'0'	浏览量
qixi_community_topic	eb_community_topic	create_time	timestamp	YES	CURRENT_TIMESTAMP	
qixi_community_topic	eb_community_topic	sort	int(10)	YES	'0'	
qixi_delivery_config	eb_delivery_config	delivery_config_id	int(11)	NO		ID
qixi_delivery_config	eb_delivery_config	mer_id	int(11)	NO	'0'	商户ID
qixi_delivery_config	eb_delivery_config	min_delivery_amount	decimal(8,2)	NO	'0.00'	起送价
qixi_delivery_config	eb_delivery_config	base_shipping_fee	decimal(8,2)	NO	'0.00'	基础运费
qixi_delivery_config	eb_delivery_config	free_shipping_amount	decimal(8,2)	NO	'0.00'	包邮规则
qixi_delivery_config	eb_delivery_config	is_premium_stack_enabled	int(11)	NO	'0'	是否开启溢价叠加(0:关 1:开)
qixi_delivery_config	eb_delivery_config	distance_premium_config	text	NO		距离溢价设置
qixi_delivery_config	eb_delivery_config	weight_premium_config	text	NO		重量溢价设置
qixi_delivery_config	eb_delivery_config	delivery_time_type	int(11)	NO	'1'	配送时间类型(1:可选定时送达 2:统一尽快送达)
qixi_delivery_config	eb_delivery_config	selectable_days	int(11)	NO	'7'	可选天数
qixi_delivery_config	eb_delivery_config	delivery_prompt	varchar(200)	NO	''	送达文案
qixi_delivery_config	eb_delivery_config	status	int(11)	NO	'0'	配送状态(0:关 1:开)
qixi_delivery_config	eb_delivery_config	create_time	timestamp	NO	CURRENT_TIMESTAMP	创建时间
qixi_delivery_config	eb_delivery_config	update_time	timestamp	NO	CURRENT_TIMESTAMP	修改时间
qixi_delivery_config	eb_delivery_config	commission_rate	int(10)	NO	'0'	配送员提成比例(0~100%)
qixi_delivery_order	eb_delivery_order	delivery_order_id	int(10)	NO		
qixi_delivery_order	eb_delivery_order	station_id	int(10)	NO	'0'	门店ID
qixi_delivery_order	eb_delivery_order	order_id	int(10)	NO		订单ID
qixi_delivery_order	eb_delivery_order	order_code	varchar(255)	NO	''	配送方订单号
qixi_delivery_order	eb_delivery_order	city_code	varchar(20)	NO	''	所属城市
qixi_delivery_order	eb_delivery_order	order_sn	varchar(32)	NO	''	订单sn
qixi_delivery_order	eb_delivery_order	cargo_price	decimal(8,2)	NO	'0.00'	配送订单价格
qixi_delivery_order	eb_delivery_order	finish_code	varchar(255)	NO	''	收货码
qixi_delivery_order	eb_delivery_order	user_name	varchar(20)	NO	''	用户名
qixi_delivery_order	eb_delivery_order	status	int(11)	NO	'0'	状态 取消=-1, 待取货＝2,配送中＝3,已完成＝4,物品返回中=9,物品返回完成=10,骑士到店=100
qixi_delivery_order	eb_delivery_order	receiver_phone	varchar(11)	NO	''	收货人电话
qixi_delivery_order	eb_delivery_order	from_address	varchar(255)	NO	''	起始位置
qixi_delivery_order	eb_delivery_order	to_address	varchar(255)	NO	''	结束位置
qixi_delivery_order	eb_delivery_order	distance	float	NO	'0'	配送距离
qixi_delivery_order	eb_delivery_order	fee	decimal(8,2)	NO	'0.00'	配送费
qixi_delivery_order	eb_delivery_order	mer_id	int(10)	NO	'0'	商户ID
qixi_delivery_order	eb_delivery_order	mark	varchar(255)	NO	''	订单备注
qixi_delivery_order	eb_delivery_order	station_type	int(10)	NO		平台类型
qixi_delivery_order	eb_delivery_order	reason	varchar(255)	NO		取消原因
qixi_delivery_order	eb_delivery_order	from_lat	varchar(255)	NO	''	
qixi_delivery_order	eb_delivery_order	from_lng	varchar(255)	NO	''	
qixi_delivery_order	eb_delivery_order	to_lat	varchar(255)	NO	''	
qixi_delivery_order	eb_delivery_order	to_lng	varchar(255)	NO	''	
qixi_delivery_order	eb_delivery_order	create_time	timestamp	NO	CURRENT_TIMESTAMP	
qixi_delivery_order	eb_delivery_order	deduct_fee	decimal(8,2)	NO	'0.00'	取消订单违约金
qixi_delivery_order	eb_delivery_order	uid	int(10)	NO	'0'	
qixi_delivery_order	eb_delivery_order	service_id	int(11)	NO	'0'	服务人员id
qixi_delivery_order	eb_delivery_order	service_fee	decimal(8,2)	NO	'0.00'	服务费
qixi_delivery_service	eb_delivery_service	service_id	int(11)	NO		id
qixi_delivery_service	eb_delivery_service	uid	int(11)	NO	'0'	配送员uid
qixi_delivery_service	eb_delivery_service	type	tinyint(1)	NO	'1'	类型：0平台1:商户
qixi_delivery_service	eb_delivery_service	relation_id	int(11)	NO	'0'	门店、供应商id
qixi_delivery_service	eb_delivery_service	avatar	varchar(250)	NO	''	配送员头像
qixi_delivery_service	eb_delivery_service	name	varchar(50)	NO	''	配送员名称
qixi_delivery_service	eb_delivery_service	phone	varchar(20)	NO	'0'	手机号码
qixi_delivery_service	eb_delivery_service	create_time	int(11)	NO	'0'	添加时间
qixi_delivery_service	eb_delivery_service	is_del	tinyint(1)	NO	'0'	是否删除
qixi_delivery_service	eb_delivery_service	status	tinyint(3)	NO	'1'	0隐藏1显示
qixi_delivery_service	eb_delivery_service	mer_id	int(11)	NO	'0'	商户ID
qixi_delivery_service	eb_delivery_service	remark	varchar(255)	NO	''	备注
qixi_delivery_service	eb_delivery_service	sort	int(11)	NO	'0'	排序
qixi_delivery_station	eb_delivery_station	station_id	bigint(20)	NO		
qixi_delivery_station	eb_delivery_station	station_name	varchar(255)	NO	''	门店名称
qixi_delivery_station	eb_delivery_station	business	int(11)	NO	'0'	支持配送的物品品类
qixi_delivery_station	eb_delivery_station	city_name	varchar(100)	NO	''	门店所属市
qixi_delivery_station	eb_delivery_station	station_address	varchar(255)	NO	''	门店地址
qixi_delivery_station	eb_delivery_station	lng	char(20)	NO	''	门店经度
qixi_delivery_station	eb_delivery_station	lat	char(20)	NO	''	门店纬度
qixi_delivery_station	eb_delivery_station	contact_name	char(10)	NO	''	联系人姓名
qixi_delivery_station	eb_delivery_station	phone	char(11)	NO	''	联系人电话
qixi_delivery_station	eb_delivery_station	origin_shop_id	varchar(255)	NO	''	门店编码,可自定义,但必须唯一;若不填写,则系统自动生成
qixi_delivery_station	eb_delivery_station	username	varchar(255)	NO	''	达达商家app账号(若不需要登陆app,则不用设置)
qixi_delivery_station	eb_delivery_station	password	varchar(255)	NO	''	达达商家app密码(若不需要登陆app,则不用设置)\n
qixi_delivery_station	eb_delivery_station	status	tinyint(2)	NO	'1'	状态 1启用 0关闭
qixi_delivery_station	eb_delivery_station	mer_id	int(11)	NO	'0'	商户ID
qixi_delivery_station	eb_delivery_station	create_time	timestamp	NO	CURRENT_TIMESTAMP	创建时间
qixi_delivery_station	eb_delivery_station	mark	varchar(255)	NO	''	备注
qixi_delivery_station	eb_delivery_station	type	tinyint(2)	NO	'0'	类型 0 到店自提 1 达达 2 uu
qixi_delivery_station	eb_delivery_station	switch_city	tinyint(2)	NO	'1'	同城配送：1 支持 0 不支持
qixi_delivery_station	eb_delivery_station	switch_take	tinyint(2)	NO	'0'	到店自提：1 支持 0 不支持
qixi_delivery_station	eb_delivery_station	business_date	varchar(100)	NO	''	营业日期
qixi_delivery_station	eb_delivery_station	business_time_start	varchar(20)	NO	''	营业开始时间
qixi_delivery_station	eb_delivery_station	business_time_end	varchar(20)	NO	''	营业结束时间
qixi_delivery_station	eb_delivery_station	card_number	varchar(20)	NO	''	身份证号
qixi_delivery_station	eb_delivery_station	is_del	tinyint(2)	NO	'0'	
qixi_delivery_station	eb_delivery_station	range_type	int(11)	NO	'1'	距离设置类型(1:范围 2:行政区 3:电子围栏)
qixi_delivery_station	eb_delivery_station	radius	float(8,2)	NO	'1.00'	服务半径(km)
qixi_delivery_station	eb_delivery_station	region	varchar(200)	NO	''	行政区域
qixi_delivery_station	eb_delivery_station	fence	text	NO		电子围栏配置
qixi_diy	eb_diy	id	int(11)	NO		
qixi_diy	eb_diy	version	varchar(255)	NO	''	版本号
qixi_diy	eb_diy	name	varchar(255)	NO	''	页面名称
qixi_diy	eb_diy	title	varchar(100)	NO	''	网站标题
qixi_diy	eb_diy	cover_image	varchar(255)	NO	''	封面图
qixi_diy	eb_diy	template_name	varchar(255)	NO	''	模板名称
qixi_diy	eb_diy	default_value	longtext	YES		默认数据
qixi_diy	eb_diy	add_time	timestamp	NO	CURRENT_TIMESTAMP	添加时间
qixi_diy	eb_diy	update_time	timestamp	NO	CURRENT_TIMESTAMP	更新时间
qixi_diy	eb_diy	status	tinyint(1)	NO	'0'	是否使用
qixi_diy	eb_diy	type	tinyint(1)	NO	'0'	页面类型
qixi_diy	eb_diy	is_show	tinyint(1)	NO	'0'	显示首页
qixi_diy	eb_diy	is_bg_color	tinyint(1)	NO	'0'	颜色是否选中
qixi_diy	eb_diy	is_bg_pic	tinyint(1)	NO	'0'	背景图是否选中
qixi_diy	eb_diy	is_diy	tinyint(1)	NO	'0'	是否是diy数据
qixi_diy	eb_diy	color_picker	varchar(50)	NO	''	背景颜色
qixi_diy	eb_diy	bg_pic	varchar(256)	NO	''	背景图
qixi_diy	eb_diy	bg_tab_val	tinyint(1)	NO	'0'	背景图图片样式
qixi_diy	eb_diy	is_del	tinyint(1)	NO	'0'	是否删除
qixi_diy	eb_diy	mer_id	int(11)	NO	'0'	商户ID
qixi_diy	eb_diy	is_default	tinyint(1)	NO	'0'	默认模板(1.平台默认 2.商户默认）
qixi_diy	eb_diy	scope_type	tinyint(1)	YES	'4'	适用范围类型：0.全部店铺、1. 指定店铺、2. 指定商户分类、3. 指定店铺类型、4. 指定商户类别
qixi_diy	eb_diy	value	longtext	YES		页面数据
qixi_excel	eb_excel	excel_id	int(10)	NO		id
qixi_excel	eb_excel	name	varchar(255)	YES	NULL	文件名
qixi_excel	eb_excel	status	int(11)	YES	'0'	0.默认，1.完成，2.失败
qixi_excel	eb_excel	type	varchar(255)	YES	NULL	类型
qixi_excel	eb_excel	path	varchar(255)	YES	NULL	文件路径
qixi_excel	eb_excel	mer_id	int(11)	YES	'0'	商户id
qixi_excel	eb_excel	admin_id	int(11)	YES	NULL	操作者id
qixi_excel	eb_excel	is_del	int(11)	YES	'0'	是否删除
qixi_excel	eb_excel	create_time	timestamp	YES	CURRENT_TIMESTAMP	
qixi_excel	eb_excel	message	varchar(255)	YES	NULL	
qixi_express	eb_express	id	mediumint(8)	NO		快递公司id
qixi_express	eb_express	code	varchar(50)	NO		快递公司简称
qixi_express	eb_express	name	varchar(50)	NO		快递公司全称
qixi_express	eb_express	mark	varchar(255)	YES	''	备注
qixi_express	eb_express	partner_id	int(11)	YES	'0'	月结账号
qixi_express	eb_express	partner_key	int(11)	YES	'0'	月结密码
qixi_express	eb_express	net	int(11)	YES	'0'	取件网点
qixi_express	eb_express	sort	int(11)	NO		排序
qixi_express	eb_express	is_show	int(11)	YES	'1'	是否显示
qixi_express	eb_express	check_man	tinyint(4)	NO	'0'	是否需要承载快递员名称
qixi_express	eb_express	partner_name	tinyint(4)	NO	'0'	是否需要客户账户名称
qixi_express	eb_express	is_code	tinyint(4)	NO	'0'	是否需要承载编号
qixi_express	eb_express	open_mer	varchar(255)	NO	''	开启该物流公司的商户
qixi_express_partner	eb_express_partner	id	int(10)	NO		
qixi_express_partner	eb_express_partner	express_id	int(11)	NO		快递公司id
qixi_express_partner	eb_express_partner	account	varchar(20)	YES	NULL	月结账号
qixi_express_partner	eb_express_partner	key	varchar(50)	YES	NULL	月结密码
qixi_express_partner	eb_express_partner	net_name	varchar(50)	YES	NULL	取件网点
qixi_express_partner	eb_express_partner	mer_id	int(11)	YES	NULL	
qixi_express_partner	eb_express_partner	status	int(11)	NO	'1'	
qixi_express_partner	eb_express_partner	check_man	varchar(50)	YES	NULL	承载快递员名
qixi_express_partner	eb_express_partner	partner_name	varchar(50)	YES	NULL	客户账户名称
qixi_express_partner	eb_express_partner	code	varchar(50)	YES	NULL	承载编号
qixi_extend	eb_extend	extend_id	int(10)	NO		商户 id
qixi_extend	eb_extend	link_id	int(10)	NO		关联字段
qixi_extend	eb_extend	mer_id	int(10)	NO	'0'	商户 id
qixi_extend	eb_extend	extend_type	varchar(32)	NO		扩展字段
qixi_extend	eb_extend	extend_value	varchar(255)	NO		扩展值
qixi_extend	eb_extend	update_time	datetime	NO		更新时间
qixi_extend	eb_extend	create_time	datetime	NO	CURRENT_TIMESTAMP	创建时间
qixi_feedback	eb_feedback	feedback_id	int(10)	NO		
qixi_feedback	eb_feedback	uid	int(10)	NO	'0'	
qixi_feedback	eb_feedback	type	varchar(255)	NO		
qixi_feedback	eb_feedback	content	varchar(512)	NO		
qixi_feedback	eb_feedback	images	text	YES		反馈图片
qixi_feedback	eb_feedback	realname	varchar(24)	NO		姓名
qixi_feedback	eb_feedback	contact	varchar(32)	NO		联系方式
qixi_feedback	eb_feedback	create_time	timestamp	NO	CURRENT_TIMESTAMP	
qixi_feedback	eb_feedback	status	tinyint(1)	YES	'0'	状态
qixi_feedback	eb_feedback	reply	varchar(255)	YES	NULL	回复，最终给用户的回复内容
qixi_feedback	eb_feedback	remake	varchar(255)	YES	NULL	备注，后台人员自己查看用
qixi_feedback	eb_feedback	is_del	tinyint(1)	NO	'0'	
qixi_feedback	eb_feedback	update_time	timestamp	YES	NULL	回复时间
qixi_feedback_category	eb_feedback_category	feedback_category_id	mediumint(9)	NO		商品分类表ID
qixi_feedback_category	eb_feedback_category	pid	mediumint(9)	NO		父id
qixi_feedback_category	eb_feedback_category	cate_name	varchar(100)	NO		分类名称
qixi_feedback_category	eb_feedback_category	path	varchar(255)	NO	''	路径
qixi_feedback_category	eb_feedback_category	sort	mediumint(9)	NO		排序
qixi_feedback_category	eb_feedback_category	pic	varchar(128)	NO	''	图标
qixi_feedback_category	eb_feedback_category	is_show	tinyint(1)	NO	'1'	是否显示
qixi_feedback_category	eb_feedback_category	level	int(10)	NO	'0'	等级
qixi_feedback_category	eb_feedback_category	mer_id	int(10)	YES	'0'	商户id
qixi_feedback_category	eb_feedback_category	create_time	timestamp	YES	CURRENT_TIMESTAMP	添加时间
qixi_financial	eb_financial	financial_id	int(10)	NO		
qixi_financial	eb_financial	financial_sn	varchar(32)	NO		单号
qixi_financial	eb_financial	mer_money	decimal(12,2)	NO		余额
qixi_financial	eb_financial	extract_money	decimal(12,2)	NO	'0.00'	提现金额
qixi_financial	eb_financial	financial_type	int(10)	YES	'0'	收款类型
qixi_financial	eb_financial	financial_account	varchar(500)	NO		商户账户信息
qixi_financial	eb_financial	financial_status	int(10)	YES	'0'	转账状态
qixi_financial	eb_financial	status	int(11)	NO		审核0待审核，1通过 ，-1 未通过
qixi_financial	eb_financial	refusal	varchar(32)	YES	NULL	拒绝理由
qixi_financial	eb_financial	mer_id	int(10)	NO		商户 id
qixi_financial	eb_financial	image	varchar(1000)	YES	NULL	凭证
qixi_financial	eb_financial	admin_id	int(11)	YES	NULL	
qixi_financial	eb_financial	create_time	timestamp	YES	CURRENT_TIMESTAMP	创建时间
qixi_financial	eb_financial	status_time	timestamp	YES	NULL	审核时间
qixi_financial	eb_financial	update_time	timestamp	YES	NULL	修改拼凭证时间
qixi_financial	eb_financial	is_del	int(10)	YES	'0'	
qixi_financial	eb_financial	mark	varchar(255)	YES	NULL	商户备注
qixi_financial	eb_financial	admin_mark	varchar(255)	YES	NULL	平台备注
qixi_financial	eb_financial	mer_admin_id	int(11)	YES	NULL	商户管理员
qixi_financial	eb_financial	type	int(10)	YES	'0'	申请类型 0.余额 1 保证金
qixi_financial_record	eb_financial_record	financial_record_id	int(10)	NO		
qixi_financial_record	eb_financial_record	financial_record_sn	varchar(32)	NO		流水号
qixi_financial_record	eb_financial_record	order_id	int(10)	NO		订单号
qixi_financial_record	eb_financial_record	order_sn	varchar(32)	NO		订单编号
qixi_financial_record	eb_financial_record	user_info	varchar(32)	NO		用户名
qixi_financial_record	eb_financial_record	user_id	int(10)	NO		用户 id
qixi_financial_record	eb_financial_record	financial_type	varchar(32)	NO		流水类型
qixi_financial_record	eb_financial_record	financial_pm	tinyint(3)	NO	'0'	0 = 支出 1 = 获得
qixi_financial_record	eb_financial_record	number	decimal(8,2)	NO	'0.00'	金额
qixi_financial_record	eb_financial_record	type	tinyint(1)	NO	'-1'	0:商户  1:公共  2:平台
qixi_financial_record	eb_financial_record	mer_id	int(10)	NO		商户 id
qixi_financial_record	eb_financial_record	create_time	timestamp	NO	CURRENT_TIMESTAMP	创建时间
qixi_financial_record	eb_financial_record	pay_type	int(11)	NO		支付类型
qixi_guarantee	eb_guarantee	guarantee_id	int(10)	NO		主键
qixi_guarantee	eb_guarantee	guarantee_name	varchar(255)	YES	NULL	保障服务名称
qixi_guarantee	eb_guarantee	guarantee_info	varchar(500)	YES	NULL	保障服务简介
qixi_guarantee	eb_guarantee	status	int(11)	YES	'1'	0.关闭，1开启
qixi_guarantee	eb_guarantee	image	varchar(255)	YES	NULL	图标
qixi_guarantee	eb_guarantee	sort	int(11)	YES	NULL	排序
qixi_guarantee	eb_guarantee	mer_count	int(11)	YES	'0'	使用的商户数
qixi_guarantee	eb_guarantee	product_cout	int(11)	YES	'0'	使用的商品数
qixi_guarantee	eb_guarantee	is_del	int(11)	YES	'0'	
qixi_guarantee	eb_guarantee	create_time	timestamp	YES	NULL	
qixi_guarantee	eb_guarantee	update_time	timestamp	YES	NULL	
qixi_guarantee_template	eb_guarantee_template	guarantee_template_id	int(10)	NO		
qixi_guarantee_template	eb_guarantee_template	template_name	varchar(255)	YES	NULL	
qixi_guarantee_template	eb_guarantee_template	mer_id	int(11)	YES	NULL	
qixi_guarantee_template	eb_guarantee_template	status	int(10)	YES	'1'	
qixi_guarantee_template	eb_guarantee_template	sort	int(11)	YES	NULL	
qixi_guarantee_template	eb_guarantee_template	create_time	timestamp	YES	NULL	
qixi_guarantee_template	eb_guarantee_template	is_del	int(10)	YES	'0'	
qixi_guarantee_value	eb_guarantee_value	guarantee_value_id	int(10)	NO		
qixi_guarantee_value	eb_guarantee_value	guarantee_id	int(10)	YES	NULL	
qixi_guarantee_value	eb_guarantee_value	guarantee_template_id	int(10)	YES	NULL	
qixi_guarantee_value	eb_guarantee_value	mer_id	int(11)	YES	NULL	
qixi_guarantee_value	eb_guarantee_value	status	int(11)	YES	'1'	
qixi_label_rule	eb_label_rule	label_rule_id	int(10)	NO		
qixi_label_rule	eb_label_rule	mer_id	int(10)	NO	'0'	商户 id
qixi_label_rule	eb_label_rule	label_id	int(10)	NO	'0'	标签 id
qixi_label_rule	eb_label_rule	type	tinyint(3)	YES	'0'	0=订单数 1=订单金额
qixi_label_rule	eb_label_rule	min	decimal(8,2)	NO	'0.00'	最小值
qixi_label_rule	eb_label_rule	max	decimal(8,2)	NO	'0.00'	 最大值
qixi_label_rule	eb_label_rule	user_num	int(10)	NO	'0'	用户数
qixi_label_rule	eb_label_rule	update_time	timestamp	YES	NULL	更新时间
qixi_label_rule	eb_label_rule	create_time	timestamp	NO	CURRENT_TIMESTAMP	
qixi_member_interests	eb_member_interests	interests_id	int(11)	NO		
qixi_member_interests	eb_member_interests	name	varchar(20)	YES	NULL	名称
qixi_member_interests	eb_member_interests	info	varchar(200)	YES	NULL	介绍
qixi_member_interests	eb_member_interests	brokerage_level	tinyint(3)	YES	NULL	关联等级
qixi_member_interests	eb_member_interests	pic	varchar(128)	YES	NULL	图标
qixi_member_interests	eb_member_interests	type	tinyint(4)	YES	'0'	类型1.免费会员 2.付费会员
qixi_member_interests	eb_member_interests	link	varchar(500)	YES	NULL	跳转 链接
qixi_member_interests	eb_member_interests	has_type	int(11)	YES	NULL	特权类型
qixi_member_interests	eb_member_interests	value	varchar(500)	YES	NULL	特权值
qixi_member_interests	eb_member_interests	on_pic	varchar(128)	YES	NULL	
qixi_member_interests	eb_member_interests	status	tinyint(4)	YES	NULL	
qixi_merchant	eb_merchant	mer_id	int(10)	NO		商户id
qixi_merchant	eb_merchant	category_id	int(10)	NO	'0'	商户分类 id
qixi_merchant	eb_merchant	type_id	int(10)	YES	'0'	店铺类型 id
qixi_merchant	eb_merchant	mer_name	varchar(32)	NO	''	商户名称
qixi_merchant	eb_merchant	real_name	varchar(32)	NO	''	商户姓名
qixi_merchant	eb_merchant	mer_phone	varchar(13)	NO	''	商户手机号
qixi_merchant	eb_merchant	mer_address	varchar(64)	NO	''	商户地址
qixi_merchant	eb_merchant	mer_keyword	varchar(64)	NO	''	商户关键字
qixi_merchant	eb_merchant	mer_avatar	varchar(128)	YES	NULL	商户头像
qixi_merchant	eb_merchant	mer_banner	varchar(128)	YES	NULL	商户banner图片
qixi_merchant	eb_merchant	mini_banner	varchar(128)	YES	NULL	商户店店铺街图片
qixi_merchant	eb_merchant	sales	int(10)	YES	'0'	销量
qixi_merchant	eb_merchant	product_score	decimal(11,1)	YES	'5.0'	商品描述评分
qixi_merchant	eb_merchant	service_score	decimal(11,1)	YES	'5.0'	服务评分
qixi_merchant	eb_merchant	postage_score	decimal(11,1)	YES	'5.0'	物流评分
qixi_merchant	eb_merchant	mark	varchar(256)	NO		商户备注
qixi_merchant	eb_merchant	reg_admin_id	int(10)	NO	'0'	总后台管理员ID
qixi_merchant	eb_merchant	sort	int(10)	NO	'0'	
qixi_merchant	eb_merchant	status	tinyint(1)	NO	'0'	商户是否禁用0锁定,1正常
qixi_merchant	eb_merchant	commission_rate	decimal(6,2)	YES	NULL	提成比例
qixi_merchant	eb_merchant	commission_switch	int(11)	YES	'0'	商户手续费单独设置 0 关闭 1 开启
qixi_merchant	eb_merchant	long	varchar(16)	YES	NULL	经度
qixi_merchant	eb_merchant	lat	varchar(16)	YES	NULL	纬度
qixi_merchant	eb_merchant	is_del	tinyint(3)	NO	'0'	0未删除1删除
qixi_merchant	eb_merchant	is_audit	tinyint(3)	NO	'0'	添加的产品是否审核0不审核1审核
qixi_merchant	eb_merchant	is_bro_room	tinyint(3)	NO	'1'	是否审核直播间0不审核1审核
qixi_merchant	eb_merchant	is_bro_goods	tinyint(3)	NO	'1'	是否审核直播商品0不审核1审核
qixi_merchant	eb_merchant	is_best	tinyint(3)	NO	'0'	是否推荐
qixi_merchant	eb_merchant	is_trader	tinyint(3)	NO	'0'	是否自营
qixi_merchant	eb_merchant	mer_state	tinyint(3)	NO	'0'	商户是否1开启0关闭
qixi_merchant	eb_merchant	mer_info	varchar(256)	NO	''	店铺简介
qixi_merchant	eb_merchant	service_phone	varchar(13)	NO	''	店铺电话
qixi_merchant	eb_merchant	create_time	datetime	NO	CURRENT_TIMESTAMP	
qixi_merchant	eb_merchant	update_time	datetime	NO	CURRENT_TIMESTAMP	
qixi_merchant	eb_merchant	care_count	int(10)	YES	'0'	关注总数
qixi_merchant	eb_merchant	copy_product_num	int(10)	YES	'0'	剩余复制商品次数
qixi_merchant	eb_merchant	export_dump_num	int(10)	YES	'0'	电子面单剩余次数
qixi_merchant	eb_merchant	mer_money	decimal(12,2)	NO	'0.00'	商户余额
qixi_merchant	eb_merchant	financial_bank	varchar(255)	YES	NULL	银行卡转账信息
qixi_merchant	eb_merchant	financial_wechat	varchar(255)	YES	NULL	微信转账信息
qixi_merchant	eb_merchant	financial_alipay	varchar(255)	YES	NULL	支付宝转账信息
qixi_merchant	eb_merchant	financial_type	tinyint(3)	YES	'1'	默认使用类型
qixi_merchant	eb_merchant	sub_mchid	varchar(16)	NO	''	微信支付分配的分账号
qixi_merchant	eb_merchant	delivery_way	varchar(50)	YES	''	配送方式
qixi_merchant	eb_merchant	delivery_balance	decimal(8,2)	NO	'0.00'	配送余额
qixi_merchant	eb_merchant	margin	decimal(8,2)	NO	'0.00'	保证金
qixi_merchant	eb_merchant	margin_remind_time	varchar(255)	YES	NULL	保证金补缴提醒结束时间，时间点到了就自动关闭店铺
qixi_merchant	eb_merchant	ot_margin	decimal(8,2)	NO	'0.00'	保证金额度
qixi_merchant	eb_merchant	is_margin	tinyint(4)	NO	'0'	是否有保证金（0无，1有未支付，10已支付，-1 申请退款, -10 拒绝退款）
qixi_merchant	eb_merchant	offline_switch	tinyint(4)	YES	'0'	线下支付功能开关
qixi_merchant	eb_merchant	care_ficti	int(11)	YES	'0'	虚拟关注量
qixi_merchant	eb_merchant	region_id	int(11)	NO	'0'	商户所属分组
qixi_merchant	eb_merchant	applyment_id	varchar(50)	NO	''	特约商户ID
qixi_merchant	eb_merchant	business_id	int(10)	NO	'0'	店铺所属商户id
qixi_merchant	eb_merchant	applyment_switch	int(11)	NO	'1'	特约商户设置的分账比例是否合理
qixi_merchant_admin	eb_merchant_admin	merchant_admin_id	smallint(5)	NO		商户管理员表ID
qixi_merchant_admin	eb_merchant_admin	mer_id	int(10)	NO		商户ID(属于哪一个商户)
qixi_merchant_admin	eb_merchant_admin	account	varchar(32)	NO		商户管理员账号
qixi_merchant_admin	eb_merchant_admin	pwd	char(64)	NO		商户管理员密码
qixi_merchant_admin	eb_merchant_admin	real_name	varchar(16)	NO		商户管理员姓名
qixi_merchant_admin	eb_merchant_admin	phone	varchar(13)	YES	NULL	商户管理员手机号
qixi_merchant_admin	eb_merchant_admin	last_ip	varchar(16)	YES	NULL	商户管理员最后一次登录IP地址
qixi_merchant_admin	eb_merchant_admin	last_time	timestamp	YES	CURRENT_TIMESTAMP	商户管理员最后一次登录时间
qixi_merchant_admin	eb_merchant_admin	roles	varchar(128)	YES	''	
qixi_merchant_admin	eb_merchant_admin	login_count	int(10)	NO	'0'	商户管理员登录次数
qixi_merchant_admin	eb_merchant_admin	level	tinyint(3)	NO	'1'	商户管理员等级(管理员添加的为0, 商户添加的为1)
qixi_merchant_admin	eb_merchant_admin	is_del	tinyint(3)	NO	'0'	是否删除
qixi_merchant_admin	eb_merchant_admin	status	tinyint(3)	NO	'1'	是否有效 1有效 0无效 
qixi_merchant_admin	eb_merchant_admin	create_time	datetime	NO	CURRENT_TIMESTAMP	商户管理员添加时间
qixi_merchant_applyments	eb_merchant_applyments	mer_applyments_id	int(10)	NO		
qixi_merchant_applyments	eb_merchant_applyments	out_request_no	varchar(128)	YES	NULL	业务申请编号
qixi_merchant_applyments	eb_merchant_applyments	applyment_id	varchar(100)	YES	NULL	微信支付分配的申请单号
qixi_merchant_applyments	eb_merchant_applyments	mer_id	int(11)	YES	'0'	商户ID
qixi_merchant_applyments	eb_merchant_applyments	sub_mchid	varchar(100)	YES	NULL	二级商户号/特约商户号
qixi_merchant_applyments	eb_merchant_applyments	mer_name	varchar(50)	YES	NULL	商户名
qixi_merchant_applyments	eb_merchant_applyments	info	text	YES		申请资料
qixi_merchant_applyments	eb_merchant_applyments	status	int(11)	YES	'0'	申请状态: 0.平台未提交，-1.平台驳回，10.平台提交审核中，11.需用户操作 ，20.已完成，30.已冻结，40.驳回
qixi_merchant_applyments	eb_merchant_applyments	message	varchar(1000)	YES	NULL	返回信息
qixi_merchant_applyments	eb_merchant_applyments	mark	varchar(255)	YES	NULL	备注
qixi_merchant_applyments	eb_merchant_applyments	create_time	timestamp	YES	CURRENT_TIMESTAMP	
qixi_merchant_applyments	eb_merchant_applyments	is_del	int(11)	YES	'0'	删除
qixi_merchant_applyments	eb_merchant_applyments	type	tinyint(2)	NO	'0'	0 平台收付通 1 服务商分账
qixi_merchant_category	eb_merchant_category	merchant_category_id	int(10)	NO		商户分类 id
qixi_merchant_category	eb_merchant_category	commission_rate	decimal(6,4)	NO	'0.0000'	手续费
qixi_merchant_category	eb_merchant_category	category_name	varchar(32)	NO		商户分类名称
qixi_merchant_category	eb_merchant_category	create_time	timestamp	NO	CURRENT_TIMESTAMP	添加时间
qixi_merchant_intention	eb_merchant_intention	mer_intention_id	int(10)	NO		ID
qixi_merchant_intention	eb_merchant_intention	uid	int(10)	YES	'0'	用户ID
qixi_merchant_intention	eb_merchant_intention	phone	varchar(11)	YES	NULL	手机号
qixi_merchant_intention	eb_merchant_intention	mer_name	varchar(30)	YES	NULL	商户名称
qixi_merchant_intention	eb_merchant_intention	name	varchar(30)	YES	NULL	客户姓名
qixi_merchant_intention	eb_merchant_intention	create_time	datetime	YES	CURRENT_TIMESTAMP	提交时间
qixi_merchant_intention	eb_merchant_intention	status	tinyint(4)	YES	'0'	处理状态 1通过 ，2未通过
qixi_merchant_intention	eb_merchant_intention	fail_msg	varchar(255)	YES	NULL	未通过原因
qixi_merchant_intention	eb_merchant_intention	is_del	tinyint(4)	YES	'0'	删除状态 1删除 ，0未删除
qixi_merchant_intention	eb_merchant_intention	mark	varchar(255)	YES	NULL	备注
qixi_merchant_intention	eb_merchant_intention	mer_id	int(10)	YES	'0'	关联商户
qixi_merchant_intention	eb_merchant_intention	images	varchar(2000)	YES	NULL	多图
qixi_merchant_intention	eb_merchant_intention	merchant_category_id	int(10)	YES	'0'	商户分类
qixi_merchant_intention	eb_merchant_intention	mer_type_id	int(10)	YES	'0'	店铺类型
qixi_merchant_intention	eb_merchant_intention	circle_id	int(10)	NO	'0'	商圈id
qixi_merchant_intention	eb_merchant_intention	business_id	int(10)	NO	'0'	店铺所属商户id
qixi_merchant_region	eb_merchant_region	region_id	int(11)	NO		
qixi_merchant_region	eb_merchant_region	name	varchar(255)	NO	''	名称
qixi_merchant_region	eb_merchant_region	info	varchar(255)	NO	''	简介
qixi_merchant_region	eb_merchant_region	pid	int(11)	NO	'0'	父级ID
qixi_merchant_region	eb_merchant_region	path	varchar(255)	NO	'/'	父级路径
qixi_merchant_region	eb_merchant_region	pic	varchar(255)	NO	''	图片
qixi_merchant_region	eb_merchant_region	lv	int(11)	NO	'0'	等级
qixi_merchant_region	eb_merchant_region	sort	int(11)	NO	'0'	排序
qixi_merchant_region	eb_merchant_region	status	int(11)	NO	'0'	状态 0 关闭, 1 开启
qixi_merchant_region	eb_merchant_region	type	int(11)	NO	'0'	类型:0
qixi_merchant_region	eb_merchant_region	mer_id	int(11)	NO	'0'	商户ID
qixi_merchant_region	eb_merchant_region	create_time	timestamp	YES	CURRENT_TIMESTAMP	创建时间
qixi_merchant_region	eb_merchant_region	update_time	timestamp	YES	NULL	更新时间
qixi_merchant_type	eb_merchant_type	mer_type_id	int(10)	NO		商户类型 id
qixi_merchant_type	eb_merchant_type	type_name	varchar(16)	NO		类型名称
qixi_merchant_type	eb_merchant_type	type_info	varchar(512)	YES	NULL	类型要求
qixi_merchant_type	eb_merchant_type	description	varchar(512)	YES	NULL	类型说明
qixi_merchant_type	eb_merchant_type	create_time	datetime	NO	CURRENT_TIMESTAMP	添加时间
qixi_merchant_type	eb_merchant_type	margin	decimal(8,2)	NO	'0.00'	保证金
qixi_merchant_type	eb_merchant_type	is_margin	tinyint(3)	NO	'0'	是否有保证金（0无，1有）
qixi_merchant_type	eb_merchant_type	mark	varchar(255)	NO	''	备注
qixi_merchant_type	eb_merchant_type	update_time	datetime	YES	NULL	更新时间
qixi_open_auth	eb_open_auth	id	int(11)	NO		
qixi_open_auth	eb_open_auth	title	varchar(50)	YES	NULL	标题
qixi_open_auth	eb_open_auth	access_key	varchar(50)	YES	NULL	
qixi_open_auth	eb_open_auth	secret_key	varchar(255)	YES	NULL	
qixi_open_auth	eb_open_auth	status	tinyint(4)	YES	NULL	状态
qixi_open_auth	eb_open_auth	mark	varchar(255)	YES	NULL	备注
qixi_open_auth	eb_open_auth	mer_id	int(11)	YES	NULL	商户ID
qixi_open_auth	eb_open_auth	auth	varchar(255)	YES	NULL	权限
qixi_open_auth	eb_open_auth	sort	int(11)	YES	NULL	
qixi_open_auth	eb_open_auth	is_del	tinyint(4)	YES	'0'	是否删除
qixi_open_auth	eb_open_auth	create_time	timestamp	YES	CURRENT_TIMESTAMP	创建时间
qixi_open_auth	eb_open_auth	update_time	timestamp	YES	CURRENT_TIMESTAMP	更新时间
qixi_open_auth	eb_open_auth	delete_time	timestamp	YES	NULL	删除时间
qixi_open_auth	eb_open_auth	last_ip	varchar(50)	YES	NULL	最后登录的IP
qixi_open_auth	eb_open_auth	last_time	timestamp	YES	CURRENT_TIMESTAMP	最后登录的时间
qixi_operate_log	eb_operate_log	operate_log_id	int(11)	NO		id
qixi_operate_log	eb_operate_log	mer_id	int(11)	NO	'0'	商户id
qixi_operate_log	eb_operate_log	title	varchar(255)	YES	NULL	标题
qixi_operate_log	eb_operate_log	relevance_id	int(11)	NO	'0'	关联id
qixi_operate_log	eb_operate_log	relevance_title	varchar(255)	YES	NULL	关联标题
qixi_operate_log	eb_operate_log	relevance_type	varchar(255)	NO		关联类型
qixi_operate_log	eb_operate_log	type	enum('1','2')	NO	'1'	1|平台 2|商户
qixi_operate_log	eb_operate_log	category	varchar(255)	NO		类别
qixi_operate_log	eb_operate_log	action	varchar(255)	NO	''	操作类型
qixi_operate_log	eb_operate_log	operator_role_id	int(11)	YES	NULL	操作角色id
qixi_operate_log	eb_operate_log	operator_role_nickname	varchar(255)	YES	NULL	操作角色昵称
qixi_operate_log	eb_operate_log	operator_uid	varchar(255)	NO		操作用户id
qixi_operate_log	eb_operate_log	operator_nickname	varchar(255)	YES	NULL	操作用户昵称
qixi_operate_log	eb_operate_log	mark	varchar(2000)	YES	NULL	备注
qixi_operate_log	eb_operate_log	create_time	datetime	NO	CURRENT_TIMESTAMP	添加时间
qixi_page_category	eb_page_category	id	int(10)	NO		
qixi_page_category	eb_page_category	pid	int(10)	NO	'0'	父类id
qixi_page_category	eb_page_category	type	varchar(50)	NO	'link'	类型:link、special、product、product_category、custom
qixi_page_category	eb_page_category	name	varchar(50)	NO	''	分类名称
qixi_page_category	eb_page_category	sort	smallint(5)	NO	'0'	排序
qixi_page_category	eb_page_category	status	tinyint(1)	NO	'1'	状态
qixi_page_category	eb_page_category	add_time	timestamp	NO	CURRENT_TIMESTAMP	添加时间
qixi_page_category	eb_page_category	level	tinyint(1)	NO	'0'	
qixi_page_category	eb_page_category	is_mer	int(10)	NO	'0'	
qixi_page_link	eb_page_link	id	int(10)	NO		
qixi_page_link	eb_page_link	cate_id	int(10)	NO	'0'	分类id
qixi_page_link	eb_page_link	type	tinyint(1)	NO	'1'	分组1:基础2:分销3:个人中心
qixi_page_link	eb_page_link	name	varchar(50)	NO	''	页面名称
qixi_page_link	eb_page_link	url	varchar(255)	NO	''	页面链接
qixi_page_link	eb_page_link	param	varchar(255)	NO	''	参数
qixi_page_link	eb_page_link	example	varchar(255)	NO	''	事例
qixi_page_link	eb_page_link	status	tinyint(1)	NO	'1'	状态
qixi_page_link	eb_page_link	sort	smallint(5)	NO	'0'	排序
qixi_page_link	eb_page_link	add_time	timestamp	NO	CURRENT_TIMESTAMP	添加时间
qixi_page_link	eb_page_link	is_mer	tinyint(1)	NO	'0'	1是商户的链接
qixi_parameter	eb_parameter	parameter_id	int(10)	NO		
qixi_parameter	eb_parameter	template_id	int(10)	NO		模板 id
qixi_parameter	eb_parameter	mer_id	int(10)	YES	'0'	商户 id
qixi_parameter	eb_parameter	name	varchar(32)	NO		参数名称
qixi_parameter	eb_parameter	value	varchar(255)	YES	NULL	参数值
qixi_parameter	eb_parameter	required	tinyint(4)	NO	'0'	是否必填
qixi_parameter	eb_parameter	create_time	datetime	YES	CURRENT_TIMESTAMP	
qixi_parameter	eb_parameter	sort	int(10)	NO	'0'	
qixi_parameter_product	eb_parameter_product	id	int(11)	NO		
qixi_parameter_product	eb_parameter_product	parameter_value_id	int(11)	NO	'0'	参数ID
qixi_parameter_product	eb_parameter_product	product_id	int(11)	NO	'0'	商品ID
qixi_parameter_template	eb_parameter_template	template_id	int(10)	NO		
qixi_parameter_template	eb_parameter_template	mer_id	int(10)	NO	'0'	商户id
qixi_parameter_template	eb_parameter_template	template_name	varchar(64)	NO		模板名称
qixi_parameter_template	eb_parameter_template	sort	int(10)	YES	'0'	
qixi_parameter_template	eb_parameter_template	create_time	datetime	NO	CURRENT_TIMESTAMP	
qixi_parameter_value	eb_parameter_value	parameter_value_id	int(10)	NO		
qixi_parameter_value	eb_parameter_value	parameter_id	int(10)	NO	'0'	关联参数 id
qixi_parameter_value	eb_parameter_value	product_id	int(10)	NO		商品 id
qixi_parameter_value	eb_parameter_value	name	varchar(64)	YES	NULL	参数名称
qixi_parameter_value	eb_parameter_value	value	varchar(64)	YES	NULL	参数值
qixi_parameter_value	eb_parameter_value	sort	int(10)	YES	'0'	排序
qixi_parameter_value	eb_parameter_value	create_time	datetime	YES	NULL	
qixi_parameter_value	eb_parameter_value	mer_id	int(10)	NO	'0'	
qixi_presell_order	eb_presell_order	presell_order_id	int(10)	NO		预售尾款订单id
qixi_presell_order	eb_presell_order	presell_order_sn	varchar(32)	NO		预售订单号
qixi_presell_order	eb_presell_order	uid	int(10)	NO		用户 id
qixi_presell_order	eb_presell_order	mer_id	int(10)	NO		商户 id
qixi_presell_order	eb_presell_order	order_id	int(10)	NO		订单id
qixi_presell_order	eb_presell_order	transaction_id	varchar(60)	YES	NULL	微信支付订单号(分账时有效)
qixi_presell_order	eb_presell_order	final_start_time	timestamp	NO	CURRENT_TIMESTAMP	支付开始时间
qixi_presell_order	eb_presell_order	final_end_time	timestamp	NO	CURRENT_TIMESTAMP	尾款支付结时间
qixi_presell_order	eb_presell_order	paid	tinyint(3)	NO	'0'	0:未支付 1:已支付
qixi_presell_order	eb_presell_order	status	tinyint(3)	YES	'1'	0:无效 1:有效
qixi_presell_order	eb_presell_order	pay_type	tinyint(3)	NO	'0'	支付方式 0余额 1微信 2小程序 3,4支付宝
qixi_presell_order	eb_presell_order	pay_price	decimal(8,2)	NO		尾款
qixi_presell_order	eb_presell_order	refun_price	decimal(8,2)	NO	'0.00'	退款金额
qixi_presell_order	eb_presell_order	pay_time	timestamp	YES	NULL	支付时间
qixi_presell_order	eb_presell_order	create_time	timestamp	NO	CURRENT_TIMESTAMP	创建时间
qixi_presell_order	eb_presell_order	is_combine	tinyint(3)	YES	'0'	是否为合并支付
qixi_price_rule	eb_price_rule	rule_id	int(10)	NO		
qixi_price_rule	eb_price_rule	rule_name	varchar(64)	NO		名称
qixi_price_rule	eb_price_rule	sort	int(10)	YES	'0'	排序
qixi_price_rule	eb_price_rule	is_show	tinyint(3)	YES	'1'	是否显示
qixi_price_rule	eb_price_rule	is_default	tinyint(3)	YES	'0'	是否默认
qixi_price_rule	eb_price_rule	content	longtext	YES		内容
qixi_price_rule	eb_price_rule	create_time	datetime	YES	CURRENT_TIMESTAMP	
qixi_price_rule	eb_price_rule	update_time	datetime	YES	CURRENT_TIMESTAMP	
qixi_record	eb_record	id	bigint(20)	NO		
qixi_record	eb_record	type	varchar(20)	NO	''	
qixi_record	eb_record	uid	int(11)	NO	'0'	
qixi_record	eb_record	link_id	int(11)	NO	'0'	
qixi_record	eb_record	num	int(11)	NO	'0'	
qixi_record	eb_record	title	varchar(100)	NO	''	
qixi_relevance	eb_relevance	relevance_id	int(10)	NO		
qixi_relevance	eb_relevance	left_id	int(10)	NO		
qixi_relevance	eb_relevance	right_id	int(10)	NO		
qixi_relevance	eb_relevance	type	varchar(32)	NO	''	
qixi_routine_qrcode	eb_routine_qrcode	routine_qrcode_id	int(10)	NO		微信二维码ID
qixi_routine_qrcode	eb_routine_qrcode	third_type	varchar(32)	NO		二维码类型 spread(用户推广) product_spread(商品推广)
qixi_routine_qrcode	eb_routine_qrcode	third_id	int(10)	NO		用户id
qixi_routine_qrcode	eb_routine_qrcode	status	tinyint(3)	NO	'1'	状态 0不可用 1可用
qixi_routine_qrcode	eb_routine_qrcode	create_time	timestamp	NO	CURRENT_TIMESTAMP	添加时间
qixi_routine_qrcode	eb_routine_qrcode	page	varchar(255)	YES	NULL	小程序页面路径带参数
qixi_routine_qrcode	eb_routine_qrcode	qrcode_url	varchar(255)	YES	NULL	小程序二维码路径
qixi_routine_qrcode	eb_routine_qrcode	url_time	timestamp	YES	NULL	二维码添加时间
qixi_serve_meal	eb_serve_meal	meal_id	int(10)	NO		
qixi_serve_meal	eb_serve_meal	name	varchar(30)	YES	NULL	套餐名称
qixi_serve_meal	eb_serve_meal	type	int(11)	YES	'0'	套餐类型,1复制商品，2电子面单
qixi_serve_meal	eb_serve_meal	price	decimal(8,2)	YES	'0.00'	价格
qixi_serve_meal	eb_serve_meal	num	int(11)	YES	'1'	数量
qixi_serve_meal	eb_serve_meal	sort	int(11)	YES	NULL	排序
qixi_serve_meal	eb_serve_meal	status	int(11)	YES	'1'	状态
qixi_serve_meal	eb_serve_meal	is_del	int(11)	YES	'0'	
qixi_serve_meal	eb_serve_meal	create_time	timestamp	YES	NULL	
qixi_serve_order	eb_serve_order	order_id	int(10)	NO		
qixi_serve_order	eb_serve_order	meal_id	int(11)	YES	NULL	套餐ID
qixi_serve_order	eb_serve_order	pay_type	int(11)	YES	NULL	支付方式：1微信，2支付宝,3 平台操作
qixi_serve_order	eb_serve_order	order_sn	varchar(50)	YES	NULL	订单ID
qixi_serve_order	eb_serve_order	pay_price	decimal(8,2)	YES	NULL	价格
qixi_serve_order	eb_serve_order	order_info	varchar(255)	YES	NULL	套餐信息
qixi_serve_order	eb_serve_order	type	int(11)	YES	NULL	套餐类型 1 采集 2 电子面单 10 保证金 20同城配送 30 会员充值
qixi_serve_order	eb_serve_order	status	int(11)	YES	'0'	状态：默认0，支付成功 1，支付失败 -1，20已退款
qixi_serve_order	eb_serve_order	mer_id	int(11)	YES	NULL	商户ID/用户ID
qixi_serve_order	eb_serve_order	create_time	timestamp	YES	NULL	
qixi_serve_order	eb_serve_order	is_del	int(11)	YES	'0'	
qixi_serve_order	eb_serve_order	pay_time	timestamp	YES	NULL	支付时间
qixi_shipping_template	eb_shipping_template	shipping_template_id	int(10)	NO		编号
qixi_shipping_template	eb_shipping_template	name	varchar(255)	NO		模板名称
qixi_shipping_template	eb_shipping_template	type	tinyint(3)	NO	'1'	计费方式 0=数量 1=重量 2=体积
qixi_shipping_template	eb_shipping_template	appoint	tinyint(3)	NO	'0'	开启指定包邮
qixi_shipping_template	eb_shipping_template	undelivery	tinyint(3)	NO	'0'	开启指定区域不配送
qixi_shipping_template	eb_shipping_template	mer_id	int(10)	NO		商户 id
qixi_shipping_template	eb_shipping_template	is_default	tinyint(3)	YES	'0'	默认模板
qixi_shipping_template	eb_shipping_template	sort	int(11)	NO	'0'	排序
qixi_shipping_template	eb_shipping_template	create_time	timestamp	NO	CURRENT_TIMESTAMP	添加时间
qixi_shipping_template	eb_shipping_template	info	varchar(1000)	YES	NULL	运费说明
qixi_shipping_template_free	eb_shipping_template_free	shipping_template_free_id	int(10)	NO		编号
qixi_shipping_template_free	eb_shipping_template_free	temp_id	int(10)	NO	'0'	模板ID
qixi_shipping_template_free	eb_shipping_template_free	city_id	text	NO		城市ID /id/id/id/id/
qixi_shipping_template_free	eb_shipping_template_free	number	int(10)	NO	'0'	包邮件数
qixi_shipping_template_free	eb_shipping_template_free	price	decimal(10,2)	NO	'0.00'	包邮金额
qixi_shipping_template_region	eb_shipping_template_region	shipping_template_region_id	int(10)	NO		编号
qixi_shipping_template_region	eb_shipping_template_region	temp_id	int(10)	NO	'0'	模板ID
qixi_shipping_template_region	eb_shipping_template_region	city_id	text	NO		城市ID /id/id/id/
qixi_shipping_template_region	eb_shipping_template_region	first	decimal(10,2)	NO	'0.00'	首件
qixi_shipping_template_region	eb_shipping_template_region	first_price	decimal(10,2)	NO	'0.00'	首件运费
qixi_shipping_template_region	eb_shipping_template_region	continue	decimal(10,2)	NO	'0.00'	续件
qixi_shipping_template_region	eb_shipping_template_region	continue_price	decimal(10,2)	NO	'0.00'	续件运费
qixi_shipping_template_undelivery	eb_shipping_template_undelivery	shipping_template_undelivery_id	int(10)	NO		编号
qixi_shipping_template_undelivery	eb_shipping_template_undelivery	temp_id	int(10)	NO	'0'	模板ID
qixi_shipping_template_undelivery	eb_shipping_template_undelivery	city_id	text	NO		城市ID /id/id/id/
qixi_sms_record	eb_sms_record	sms_record_id	int(10)	NO		短信发送记录编号
qixi_sms_record	eb_sms_record	uid	varchar(255)	NO		短信平台账号
qixi_sms_record	eb_sms_record	phone	char(11)	NO		接受短信的手机号
qixi_sms_record	eb_sms_record	content	text	NO		短信内容
qixi_sms_record	eb_sms_record	create_time	timestamp	NO	CURRENT_TIMESTAMP	发送短信时间
qixi_sms_record	eb_sms_record	ip	varchar(16)	NO	''	添加记录ip
qixi_sms_record	eb_sms_record	template	varchar(255)	NO		短信模板ID
qixi_sms_record	eb_sms_record	resultcode	int(10)	YES	NULL	状态码 100=成功,130=失败,131=空号,132=停机,133=关机,134=无状态
qixi_sms_record	eb_sms_record	record_id	int(10)	NO		发送记录id
qixi_staffs	eb_staffs	staffs_id	int(11)	NO		员工id
qixi_staffs	eb_staffs	mer_id	int(11)	NO	'0'	商户id
qixi_staffs	eb_staffs	uid	int(11)	NO		关联用户uid
qixi_staffs	eb_staffs	photo	varchar(250)	NO		证件照
qixi_staffs	eb_staffs	name	varchar(50)	NO		姓名
qixi_staffs	eb_staffs	phone	varchar(18)	YES	''	电话
qixi_staffs	eb_staffs	remark	varchar(250)	YES	''	备注
qixi_staffs	eb_staffs	status	tinyint(3)	NO	'0'	状态：0、关闭；1、开启；
qixi_staffs	eb_staffs	sort	int(10)	NO	'0'	排序
qixi_staffs	eb_staffs	create_time	timestamp	NO	CURRENT_TIMESTAMP	添加时间
qixi_staffs	eb_staffs	delete_time	timestamp	YES	CURRENT_TIMESTAMP	删除时间
qixi_store_activity	eb_store_activity	activity_id	int(11)	NO		ID
qixi_store_activity	eb_store_activity	activity_name	varchar(128)	NO	''	活动名称
qixi_store_activity	eb_store_activity	start_time	timestamp	YES	NULL	开始时间
qixi_store_activity	eb_store_activity	end_time	timestamp	YES	NULL	结束时间
qixi_store_activity	eb_store_activity	pic	varchar(128)	YES	''	图片
qixi_store_activity	eb_store_activity	is_show	tinyint(1)	YES	'0'	是否显示
qixi_store_activity	eb_store_activity	status	tinyint(1)	NO	'0'	状态0未开始，1进行中，2已结束
qixi_store_activity	eb_store_activity	activity_type	tinyint(1)	NO	'1'	1.氛围图 2.边框
qixi_store_activity	eb_store_activity	create_time	datetime	YES	CURRENT_TIMESTAMP	添加时间
qixi_store_activity	eb_store_activity	is_del	tinyint(1)	NO	'0'	是否删除
qixi_store_activity	eb_store_activity	scope_type	tinyint(1)	NO	'0'	指定类型：0全部商品1指定商品2指定分类3指定商户4秒杀活动
qixi_store_activity	eb_store_activity	images	varchar(500)	YES	''	多图
qixi_store_activity	eb_store_activity	info	varchar(500)	YES	''	简介
qixi_store_activity	eb_store_activity	color	varchar(128)	YES	''	背景色
qixi_store_activity	eb_store_activity	sort	int(11)	YES	'0'	排序
qixi_store_activity	eb_store_activity	mer_id	int(11)	YES	'0'	商户ID
qixi_store_activity	eb_store_activity	link_id	int(11)	YES	NULL	关联ID
qixi_store_activity	eb_store_activity	update_time	timestamp	YES	NULL	
qixi_store_activity	eb_store_activity	count	int(10)	YES	'0'	需要的总数
qixi_store_activity	eb_store_activity	total	int(10)	YES	'0'	已有的总数
qixi_store_activity	eb_store_activity	is_display	tinyint(1)	YES	'1'	是否在活动列表中显示
qixi_store_activity_cate	eb_store_activity_cate	id	int(11)	NO		
qixi_store_activity_cate	eb_store_activity_cate	name	varchar(50)	NO	''	
qixi_store_activity_cate	eb_store_activity_cate	pid	int(11)	NO	'0'	
qixi_store_activity_cate	eb_store_activity_cate	pic	varchar(255)	NO	''	
qixi_store_activity_cate	eb_store_activity_cate	sort	int(11)	NO	'0'	
qixi_store_activity_cate	eb_store_activity_cate	status	tinyint(2)	NO	'0'	
qixi_store_activity_cate	eb_store_activity_cate	mer_id	int(11)	NO	'0'	
qixi_store_activity_cate	eb_store_activity_cate	type	tinyint(2)	NO	'0'	
qixi_store_activity_cate	eb_store_activity_cate	path	varchar(255)	NO	'/'	
qixi_store_activity_cate	eb_store_activity_cate	lv	int(11)	NO	'0'	
qixi_store_activity_cate	eb_store_activity_cate	create_time	timestamp	YES	CURRENT_TIMESTAMP	
qixi_store_activity_label	eb_store_activity_label	id	int(11)	NO		
qixi_store_activity_label	eb_store_activity_label	type	tinyint(1)	NO	'0'	类型：0平台 2:商户
qixi_store_activity_label	eb_store_activity_label	mer_id	int(11)	NO	'0'	商户id
qixi_store_activity_label	eb_store_activity_label	label_cate	int(11)	NO	'0'	标签分类
qixi_store_activity_label	eb_store_activity_label	label_name	varchar(255)	NO	''	标签名称
qixi_store_activity_label	eb_store_activity_label	style_type	tinyint(1)	NO	'1'	样式类型1：自定义2：图片
qixi_store_activity_label	eb_store_activity_label	color	varchar(32)	NO	''	颜色
qixi_store_activity_label	eb_store_activity_label	bg_color	varchar(32)	NO	''	背景颜色
qixi_store_activity_label	eb_store_activity_label	border_color	varchar(32)	NO	''	边框颜色
qixi_store_activity_label	eb_store_activity_label	icon	varchar(255)	YES	''	图标
qixi_store_activity_label	eb_store_activity_label	default_type	tinyint(1)	NO	'0'	系统默认标签分类(1:包邮,2:领券,3:上门,4:到店,5:同城,6:拼团,7:秒杀,8:助力,9:预售,10:自营)
qixi_store_activity_label	eb_store_activity_label	is_show	tinyint(1)	NO	'1'	移动端是否展示
qixi_store_activity_label	eb_store_activity_label	status	tinyint(1)	NO	'1'	状态是否开启
qixi_store_activity_label	eb_store_activity_label	sort	int(11)	NO	'0'	排序
qixi_store_activity_label	eb_store_activity_label	add_time	timestamp	YES	CURRENT_TIMESTAMP	添加时间
qixi_store_activity_related	eb_store_activity_related	id	bigint(20)	NO		
qixi_store_activity_related	eb_store_activity_related	activity_id	int(11)	NO	'0'	活动ID
qixi_store_activity_related	eb_store_activity_related	activity_type	varchar(255)	YES	NULL	活动类型
qixi_store_activity_related	eb_store_activity_related	keys	varchar(2000)	YES	NULL	主要信息
qixi_store_activity_related	eb_store_activity_related	value	varchar(2000)	YES	NULL	活动值
qixi_store_activity_related	eb_store_activity_related	form_value	text	YES		表单内容
qixi_store_activity_related	eb_store_activity_related	uid	int(11)	NO	'0'	用户ID
qixi_store_activity_related	eb_store_activity_related	link_id	int(11)	YES	NULL	
qixi_store_activity_related	eb_store_activity_related	create_time	timestamp	YES	CURRENT_TIMESTAMP	
qixi_store_activity_related	eb_store_activity_related	nickname	varchar(255)	YES	NULL	
qixi_store_activity_related	eb_store_activity_related	avatar	varchar(255)	YES	NULL	
qixi_store_activity_related	eb_store_activity_related	phone	varchar(20)	YES	NULL	
qixi_store_activity_related	eb_store_activity_related	is_del	tinyint(1)	NO	'0'	是否删除 1|是 0|否
qixi_store_attr_template	eb_store_attr_template	attr_template_id	int(11)	NO		
qixi_store_attr_template	eb_store_attr_template	template_name	varchar(32)	NO		规格名称
qixi_store_attr_template	eb_store_attr_template	template_value	text	NO		规格值
qixi_store_attr_template	eb_store_attr_template	mer_id	int(11)	NO		商户 id
qixi_store_brand	eb_store_brand	brand_id	mediumint(9)	NO		商品品牌表ID
qixi_store_brand	eb_store_brand	brand_category_id	mediumint(9)	NO		父id
qixi_store_brand	eb_store_brand	brand_name	varchar(100)	NO		品牌名称
qixi_store_brand	eb_store_brand	sort	mediumint(9)	NO		排序
qixi_store_brand	eb_store_brand	pic	varchar(128)	NO	''	图标
qixi_store_brand	eb_store_brand	is_show	tinyint(1)	NO	'1'	是否显示
qixi_store_brand	eb_store_brand	create_time	timestamp	NO	CURRENT_TIMESTAMP	添加时间
qixi_store_brand_category	eb_store_brand_category	store_brand_category_id	mediumint(9)	NO		品牌分类表ID
qixi_store_brand_category	eb_store_brand_category	pid	mediumint(9)	NO		父id
qixi_store_brand_category	eb_store_brand_category	cate_name	varchar(100)	NO		分类名称
qixi_store_brand_category	eb_store_brand_category	path	varchar(255)	NO	''	路径
qixi_store_brand_category	eb_store_brand_category	sort	mediumint(9)	NO		排序
qixi_store_brand_category	eb_store_brand_category	is_show	tinyint(1)	NO	'1'	是否显示
qixi_store_brand_category	eb_store_brand_category	level	int(10)	NO	'0'	等级
qixi_store_brand_category	eb_store_brand_category	create_time	timestamp	YES	CURRENT_TIMESTAMP	添加时间
qixi_store_cart	eb_store_cart	cart_id	bigint(20)	NO		购物车表ID
qixi_store_cart	eb_store_cart	uid	int(10)	NO		用户ID
qixi_store_cart	eb_store_cart	mer_id	int(10)	NO		商户 id
qixi_store_cart	eb_store_cart	product_type	tinyint(4)	NO	'0'	类型 0=普通产品，2.预售商品
qixi_store_cart	eb_store_cart	product_id	int(10)	NO		商品ID
qixi_store_cart	eb_store_cart	product_attr_unique	varchar(16)	NO	''	商品属性
qixi_store_cart	eb_store_cart	cart_num	smallint(5)	NO	'0'	商品数量
qixi_store_cart	eb_store_cart	create_time	timestamp	NO	CURRENT_TIMESTAMP	添加时间
qixi_store_cart	eb_store_cart	source	tinyint(3)	NO	'0'	来源 1.直播间,2.预售商品,3.助力商品
qixi_store_cart	eb_store_cart	source_id	int(10)	NO	'0'	来源关联 id
qixi_store_cart	eb_store_cart	is_pay	tinyint(1)	NO	'0'	0 = 未购买 1 = 已购买
qixi_store_cart	eb_store_cart	is_del	tinyint(1)	NO	'0'	是否删除
qixi_store_cart	eb_store_cart	is_new	tinyint(1)	NO	'0'	是否为立即购买
qixi_store_cart	eb_store_cart	is_fail	tinyint(3)	NO	'0'	是否失效
qixi_store_cart	eb_store_cart	spread_id	int(10)	YES	'0'	推广人
qixi_store_cart	eb_store_cart	tourist_unique_key	varchar(20)	NO	''	游客唯一标识
qixi_store_cart	eb_store_cart	reservation_date	varchar(20)	YES	''	预约商品的预约日期
qixi_store_cart	eb_store_cart	reservation_id	int(10)	YES	'0'	预约商品的预约时间段ID
qixi_store_cart_price	eb_store_cart_price	cart_price_id	bigint(20)	NO		购物车价格表ID
qixi_store_cart_price	eb_store_cart_price	cart_id	int(10)	NO		购物车id
qixi_store_cart_price	eb_store_cart_price	old_price	decimal(8,2)	NO	'0.00'	改价前价格
qixi_store_cart_price	eb_store_cart_price	type	int(10)	NO	'0'	改价类型(0:一口价，1:立减金额，2:折扣率)
qixi_store_cart_price	eb_store_cart_price	reduce_price	decimal(8,2)	NO	'0.00'	立减金额（type为1时）
qixi_store_cart_price	eb_store_cart_price	discount_rate	int(10)	NO	'0'	折扣率（type为2时）
qixi_store_cart_price	eb_store_cart_price	new_price	decimal(8,2)	NO	'0.00'	改价后价格(type为0时一口价，或type不为0计算后的金额)
qixi_store_cart_price	eb_store_cart_price	create_time	timestamp	NO	CURRENT_TIMESTAMP	添加时间
qixi_store_cart_price	eb_store_cart_price	update_time	timestamp	NO	CURRENT_TIMESTAMP	修改时间
qixi_store_cart_price	eb_store_cart_price	is_batch	tinyint(1)	NO	'0'	是否为批量改价(0:否，1:是)
qixi_store_category	eb_store_category	store_category_id	mediumint(9)	NO		商品分类表ID
qixi_store_category	eb_store_category	pid	mediumint(9)	NO		父id
qixi_store_category	eb_store_category	cate_name	varchar(100)	NO		分类名称
qixi_store_category	eb_store_category	path	varchar(255)	NO	''	路径
qixi_store_category	eb_store_category	sort	mediumint(9)	NO		排序
qixi_store_category	eb_store_category	pic	varchar(128)	NO	''	图标
qixi_store_category	eb_store_category	is_show	tinyint(1)	NO	'1'	是否显示
qixi_store_category	eb_store_category	level	int(10)	NO	'0'	等级
qixi_store_category	eb_store_category	mer_id	int(10)	YES	'0'	商户id
qixi_store_category	eb_store_category	create_time	timestamp	YES	CURRENT_TIMESTAMP	添加时间
qixi_store_category	eb_store_category	is_hot	tinyint(1)	YES	'0'	是否推荐
qixi_store_category	eb_store_category	type	tinyint(1)	NO	'0'	0 商品，1 积分商品
qixi_store_coupon	eb_store_coupon	coupon_id	int(10)	NO		优惠券表ID
qixi_store_coupon	eb_store_coupon	mer_id	int(10)	NO		商户 id
qixi_store_coupon	eb_store_coupon	is_timeout	tinyint(3)	NO	'0'	是否限时
qixi_store_coupon	eb_store_coupon	start_time	timestamp	YES	NULL	优惠券领取开启时间
qixi_store_coupon	eb_store_coupon	end_time	timestamp	YES	NULL	优惠券领取结束时间
qixi_store_coupon	eb_store_coupon	is_limited	tinyint(3)	NO	'0'	是否限量
qixi_store_coupon	eb_store_coupon	total_count	int(10)	NO	'0'	优惠券领取数量
qixi_store_coupon	eb_store_coupon	remain_count	int(10)	NO	'0'	优惠券剩余领取数量
qixi_store_coupon	eb_store_coupon	send_type	tinyint(3)	NO	'0'	0=领取 1=消费满赠 2=新人 3=买增 4=首单赠送
qixi_store_coupon	eb_store_coupon	full_reduction	decimal(8,2)	NO	'0.00'	消费满多少赠送优惠券
qixi_store_coupon	eb_store_coupon	title	varchar(64)	NO		优惠券名称
qixi_store_coupon	eb_store_coupon	coupon_price	decimal(8,2)	NO	'0.00'	优惠券面值
qixi_store_coupon	eb_store_coupon	use_min_price	int(11)	NO	'0'	最低消费多少金额可用优惠券
qixi_store_coupon	eb_store_coupon	coupon_type	tinyint(3)	NO	'0'	优惠券类型 0=有效天数 1=固定时间段
qixi_store_coupon	eb_store_coupon	coupon_time	int(10)	NO	'0'	优惠券有效期限（单位：天）
qixi_store_coupon	eb_store_coupon	use_start_time	timestamp	YES	NULL	开始时间
qixi_store_coupon	eb_store_coupon	use_end_time	timestamp	YES	NULL	到期时间
qixi_store_coupon	eb_store_coupon	sort	int(10)	NO	'1'	排序
qixi_store_coupon	eb_store_coupon	status	tinyint(1)	NO	'0'	状态（0：关闭，1：开启 -1: 失效）
qixi_store_coupon	eb_store_coupon	create_time	timestamp	NO	CURRENT_TIMESTAMP	添加时间
qixi_store_coupon	eb_store_coupon	is_del	tinyint(3)	NO	'0'	是否删除
qixi_store_coupon	eb_store_coupon	type	tinyint(4)	NO	'0'	优惠券类型 0-店铺 1-商品券 10 平台通用券 11平台品类券 12 平台跨店券
qixi_store_coupon_issue_user	eb_store_coupon_issue_user	uid	int(11)	NO	'0'	领取优惠券用户ID
qixi_store_coupon_issue_user	eb_store_coupon_issue_user	coupon_id	int(11)	NO	'0'	优惠券ID
qixi_store_coupon_issue_user	eb_store_coupon_issue_user	create_time	timestamp	NO	CURRENT_TIMESTAMP	领取时间
qixi_store_coupon_product	eb_store_coupon_product	product_id	int(11)	NO	'0'	产品id
qixi_store_coupon_product	eb_store_coupon_product	coupon_id	int(11)	NO	'0'	优惠卷id
qixi_store_coupon_product	eb_store_coupon_product	create_time	timestamp	NO	CURRENT_TIMESTAMP	添加时间
qixi_store_coupon_send	eb_store_coupon_send	coupon_send_id	int(10)	NO		
qixi_store_coupon_send	eb_store_coupon_send	mer_id	int(10)	NO		商户 id
qixi_store_coupon_send	eb_store_coupon_send	coupon_id	int(10)	NO		优惠券 id
qixi_store_coupon_send	eb_store_coupon_send	coupon_num	int(10)	NO	'0'	发送数量
qixi_store_coupon_send	eb_store_coupon_send	mark	varchar(512)	NO		发送群体
qixi_store_coupon_send	eb_store_coupon_send	create_time	datetime	NO	CURRENT_TIMESTAMP	创建时间
qixi_store_coupon_send	eb_store_coupon_send	status	tinyint(1)	NO	'0'	0:发送中 1:全部发送
qixi_store_coupon_user	eb_store_coupon_user	coupon_user_id	int(11)	NO		优惠券发放记录id
qixi_store_coupon_user	eb_store_coupon_user	coupon_id	int(10)	NO	'0'	兑换的项目id
qixi_store_coupon_user	eb_store_coupon_user	mer_id	int(10)	NO	'0'	商户 id
qixi_store_coupon_user	eb_store_coupon_user	uid	int(10)	NO	'0'	优惠券所属用户
qixi_store_coupon_user	eb_store_coupon_user	coupon_title	varchar(32)	NO		优惠券名称
qixi_store_coupon_user	eb_store_coupon_user	coupon_price	decimal(8,2)	NO	'0.00'	优惠券的面值
qixi_store_coupon_user	eb_store_coupon_user	use_min_price	int(11)	NO	'0'	最低消费多少金额可用优惠券
qixi_store_coupon_user	eb_store_coupon_user	create_time	timestamp	NO	CURRENT_TIMESTAMP	优惠券创建时间
qixi_store_coupon_user	eb_store_coupon_user	start_time	timestamp	YES	NULL	优惠券开启时间
qixi_store_coupon_user	eb_store_coupon_user	end_time	timestamp	YES	NULL	优惠券结束时间
qixi_store_coupon_user	eb_store_coupon_user	use_time	timestamp	YES	NULL	使用时间
qixi_store_coupon_user	eb_store_coupon_user	type	varchar(16)	NO	'send'	获取方式(receive:自己领取 send:后台发送  give:满赠  new:新人 buy:买赠送)
qixi_store_coupon_user	eb_store_coupon_user	send_id	int(10)	YES	'0'	批量发送 id
qixi_store_coupon_user	eb_store_coupon_user	status	tinyint(1)	NO	'0'	状态（0：未使用，1：已使用, 2:已过期）
qixi_store_coupon_user	eb_store_coupon_user	is_fail	tinyint(3)	NO	'0'	是否有效
qixi_store_discounts	eb_store_discounts	discount_id	int(11)	NO		自增ID
qixi_store_discounts	eb_store_discounts	title	varchar(255)	NO	''	套餐名称
qixi_store_discounts	eb_store_discounts	image	varchar(500)	NO	''	组合套餐主图
qixi_store_discounts	eb_store_discounts	type	tinyint(1)	NO	'0'	套餐类型0固定1搭配
qixi_store_discounts	eb_store_discounts	is_limit	tinyint(1)	NO	'0'	是否限量0不限量1限量
qixi_store_discounts	eb_store_discounts	limit_num	int(11)	NO	'0'	限量个数
qixi_store_discounts	eb_store_discounts	link_ids	varchar(255)	NO	''	关联标签
qixi_store_discounts	eb_store_discounts	product_ids	varchar(255)	YES	''	商品IDS
qixi_store_discounts	eb_store_discounts	is_time	tinyint(1)	NO	'0'	是否限时0不限时1限时
qixi_store_discounts	eb_store_discounts	start_time	int(11)	NO	'0'	开始时间
qixi_store_discounts	eb_store_discounts	stop_time	int(11)	NO	'0'	结束时间
qixi_store_discounts	eb_store_discounts	sort	int(11)	NO	'0'	排序
qixi_store_discounts	eb_store_discounts	create_time	timestamp	NO	CURRENT_TIMESTAMP	添加时间
qixi_store_discounts	eb_store_discounts	free_shipping	tinyint(1)	NO	'0'	是否包邮0不包邮1包邮
qixi_store_discounts	eb_store_discounts	status	tinyint(1)	NO	'1'	平台是否上架0不上架1上架
qixi_store_discounts	eb_store_discounts	is_del	tinyint(1)	NO	'0'	是否删除0未删除1已删除
qixi_store_discounts	eb_store_discounts	mer_id	int(11)	YES	NULL	商户ID
qixi_store_discounts	eb_store_discounts	is_show	tinyint(1)	YES	'0'	商户是否上架0不上架1上架
qixi_store_discounts	eb_store_discounts	sales	int(10)	YES	NULL	销量
qixi_store_discounts_product	eb_store_discounts_product	discount_product_id	int(11)	NO		自增ID
qixi_store_discounts_product	eb_store_discounts_product	discount_id	int(11)	NO		优惠套餐ID
qixi_store_discounts_product	eb_store_discounts_product	product_id	int(11)	NO		商品ID
qixi_store_discounts_product	eb_store_discounts_product	store_name	varchar(255)	NO		商品名称
qixi_store_discounts_product	eb_store_discounts_product	image	varchar(500)	NO	''	商品图
qixi_store_discounts_product	eb_store_discounts_product	type	tinyint(1)	NO	'0'	是否搭配0不是1是
qixi_store_discounts_product	eb_store_discounts_product	temp_id	int(11)	NO	'0'	运费模版Id
qixi_store_discounts_product	eb_store_discounts_product	mer_id	int(11)	YES	NULL	
qixi_store_group	eb_store_group	store_group_id	int(10)	NO		分组id
qixi_store_group	eb_store_group	pid	int(10)	NO	'0'	上级商圈id
qixi_store_group	eb_store_group	path	varchar(50)	NO	''	路径
qixi_store_group	eb_store_group	name	varchar(64)	NO	''	名称
qixi_store_group	eb_store_group	level	tinyint(3)	NO	'0'	等级:0一级 1二级 2三级
qixi_store_group	eb_store_group	positioning_status	tinyint(3)	NO	'1'	是否开启定位：0否 1是
qixi_store_group	eb_store_group	longitude	varchar(16)	NO	''	经度，positioning_status 为1时有效
qixi_store_group	eb_store_group	latitude	varchar(16)	NO	''	纬度，positioning_status 为1时有效
qixi_store_group	eb_store_group	address	varchar(100)	NO	''	中心点地址，positioning_status 为1时有效
qixi_store_group	eb_store_group	diy_temp_id	int(10)	NO	'0'	首页模板id
qixi_store_group	eb_store_group	remark	varchar(255)	NO	''	说明信息
qixi_store_group	eb_store_group	sort	int(10)	NO	'0'	排序(数字越大越靠前)
qixi_store_group	eb_store_group	status	tinyint(3)	NO	'1'	状态：0关闭 1开启
qixi_store_group	eb_store_group	create_time	datetime	NO	CURRENT_TIMESTAMP	创建时间
qixi_store_group	eb_store_group	update_time	datetime	NO	CURRENT_TIMESTAMP	修改时间
qixi_store_group_order	eb_store_group_order	group_order_id	int(10)	NO		
qixi_store_group_order	eb_store_group_order	group_order_sn	varchar(32)	NO		订单号
qixi_store_group_order	eb_store_group_order	uid	int(10)	NO		用户 ID
qixi_store_group_order	eb_store_group_order	total_postage	decimal(8,2)	NO	'0.00'	邮费
qixi_store_group_order	eb_store_group_order	total_price	decimal(8,2)	NO	'0.00'	订单总额
qixi_store_group_order	eb_store_group_order	total_num	int(10)	NO	'0'	商品数
qixi_store_group_order	eb_store_group_order	integral	int(10)	YES	'0'	使用积分数量
qixi_store_group_order	eb_store_group_order	integral_price	decimal(10,2)	YES	'0.00'	积分抵扣金额
qixi_store_group_order	eb_store_group_order	give_integral	int(10)	YES	'0'	赠送积分
qixi_store_group_order	eb_store_group_order	coupon_price	decimal(8,2)	NO	'0.00'	优惠金额
qixi_store_group_order	eb_store_group_order	real_name	varchar(32)	NO		联系人
qixi_store_group_order	eb_store_group_order	user_phone	varchar(18)	NO		联系电话
qixi_store_group_order	eb_store_group_order	user_address	varchar(128)	NO		收货地址
qixi_store_group_order	eb_store_group_order	pay_price	decimal(8,2)	NO		支付金额
qixi_store_group_order	eb_store_group_order	pay_postage	decimal(8,2)	NO	'0.00'	支付邮费
qixi_store_group_order	eb_store_group_order	cost	decimal(8,2)	NO		成本价
qixi_store_group_order	eb_store_group_order	coupon_id	varchar(128)	YES	NULL	 平台优惠券
qixi_store_group_order	eb_store_group_order	give_coupon_ids	varchar(500)	YES	''	赠送优惠券
qixi_store_group_order	eb_store_group_order	paid	tinyint(3)	NO	'0'	是否支付
qixi_store_group_order	eb_store_group_order	pay_time	timestamp	YES	NULL	支付时间
qixi_store_group_order	eb_store_group_order	pay_type	tinyint(1)	NO		支付方式 0=余额 1=微信 2=小程序 3=h5
qixi_store_group_order	eb_store_group_order	create_time	timestamp	NO	CURRENT_TIMESTAMP	创建时间
qixi_store_group_order	eb_store_group_order	is_remind	tinyint(3)	NO	'0'	是否提醒
qixi_store_group_order	eb_store_group_order	is_del	tinyint(3)	NO	'0'	
qixi_store_group_order	eb_store_group_order	is_combine	tinyint(3)	YES	'0'	是否为合并支付 
qixi_store_group_order	eb_store_group_order	activity_type	tinyint(3)	YES	'0'	
qixi_store_group_order	eb_store_group_order	is_first	tinyint(1)	YES	'0'	是否为用户首单
qixi_store_group_order	eb_store_group_order	is_behalf	tinyint(1)	NO	'0'	是否为代客下单订单
qixi_store_import	eb_store_import	import_id	int(10)	NO		
qixi_store_import	eb_store_import	import_type	varchar(20)	YES	NULL	delivery发货单
qixi_store_import	eb_store_import	type	int(11)	YES	'1'	类型：1发货，2送货，3虚拟，4电子面单
qixi_store_import	eb_store_import	count	int(11)	YES	NULL	总数
qixi_store_import	eb_store_import	success	int(11)	YES	NULL	成功数
qixi_store_import	eb_store_import	status	int(11)	YES	'0'	0.处理中，1成功，10部分完成，-1失败
qixi_store_import	eb_store_import	create_time	timestamp	YES	CURRENT_TIMESTAMP	
qixi_store_import	eb_store_import	mer_id	int(11)	YES	NULL	
qixi_store_import_delivery	eb_store_import_delivery	import_delivery_id	int(10)	NO		
qixi_store_import_delivery	eb_store_import_delivery	import_id	int(10)	NO		
qixi_store_import_delivery	eb_store_import_delivery	order_sn	varchar(32)	YES	NULL	订单sn
qixi_store_import_delivery	eb_store_import_delivery	delivery_type	int(11)	YES	'1'	类型：1发货，2送货，3虚拟，4电子面单
qixi_store_import_delivery	eb_store_import_delivery	delivery_name	varchar(64)	YES	NULL	快递公司
qixi_store_import_delivery	eb_store_import_delivery	delivery_id	varchar(64)	YES	NULL	快递单号
qixi_store_import_delivery	eb_store_import_delivery	status	tinyint(4)	YES	NULL	状态
qixi_store_import_delivery	eb_store_import_delivery	mark	varchar(255)	YES	NULL	备注
qixi_store_import_delivery	eb_store_import_delivery	create_time	timestamp	YES	CURRENT_TIMESTAMP	
qixi_store_import_delivery	eb_store_import_delivery	mer_id	int(11)	YES	NULL	
qixi_store_order	eb_store_order	order_id	int(10)	NO		订单ID
qixi_store_order	eb_store_order	main_id	int(10)	YES	'0'	拆单前 id
qixi_store_order	eb_store_order	group_order_id	int(10)	NO	'0'	订单组 id
qixi_store_order	eb_store_order	order_sn	varchar(32)	NO		订单号
qixi_store_order	eb_store_order	uid	int(10)	NO		用户id
qixi_store_order	eb_store_order	spread_uid	int(10)	YES	'0'	推荐人id
qixi_store_order	eb_store_order	top_uid	int(10)	YES	'0'	二级推荐人 id
qixi_store_order	eb_store_order	real_name	varchar(32)	NO		用户姓名
qixi_store_order	eb_store_order	user_phone	varchar(18)	NO		用户电话
qixi_store_order	eb_store_order	user_address	varchar(128)	NO		详细地址
qixi_store_order	eb_store_order	cart_id	varchar(256)	NO		购物车id
qixi_store_order	eb_store_order	total_num	int(10)	NO	'0'	订单商品总数
qixi_store_order	eb_store_order	total_price	decimal(8,2)	NO	'0.00'	订单总价
qixi_store_order	eb_store_order	total_postage	decimal(8,2)	NO	'0.00'	邮费
qixi_store_order	eb_store_order	pay_price	decimal(8,2)	NO	'0.00'	实际支付金额
qixi_store_order	eb_store_order	pay_postage	decimal(8,2)	NO	'0.00'	支付邮费
qixi_store_order	eb_store_order	is_selfbuy	tinyint(3)	NO	'0'	是否为自购
qixi_store_order	eb_store_order	extension_one	decimal(8,2)	NO	'0.00'	一级佣金
qixi_store_order	eb_store_order	extension_two	decimal(8,2)	NO	'0.00'	二级佣金
qixi_store_order	eb_store_order	commission_rate	decimal(7,4)	NO	'0.0000'	平台手续费
qixi_store_order	eb_store_order	integral	int(10)	YES	'0'	使用积分数量
qixi_store_order	eb_store_order	integral_price	decimal(8,2)	YES	'0.00'	积分抵扣金额
qixi_store_order	eb_store_order	give_integral	int(10)	YES	'0'	赠送积分
qixi_store_order	eb_store_order	coupon_id	varchar(128)	NO	''	优惠券id
qixi_store_order	eb_store_order	coupon_price	decimal(8,2)	NO	'0.00'	优惠券金额
qixi_store_order	eb_store_order	platform_coupon_price	decimal(8,2)	YES	'0.00'	平台优惠券金额
qixi_store_order	eb_store_order	svip_discount	decimal(8,2)	YES	'0.00'	svip优惠金额
qixi_store_order	eb_store_order	order_type	tinyint(3)	YES	'0'	0普通1自提
qixi_store_order	eb_store_order	paid	tinyint(3)	NO	'0'	支付状态
qixi_store_order	eb_store_order	pay_time	timestamp	YES	NULL	支付时间
qixi_store_order	eb_store_order	pay_type	tinyint(1)	NO		支付方式 0余额 1微信 2小程序 3 h5  4支付宝 5 支付宝扫码 6 微信扫码
qixi_store_order	eb_store_order	create_time	timestamp	NO	CURRENT_TIMESTAMP	创建时间
qixi_store_order	eb_store_order	status	tinyint(1)	NO	'0'	订单状态（0：待发货；1：待收货；2：待评价；3：已完成； 9: 拼团中 10:  待付尾款 11:尾款超时未付 -1：已退款）
qixi_store_order	eb_store_order	delivery_type	varchar(32)	YES	NULL	发货类型(1:发货 2: 送货 3: 虚拟,4电子面单，5同城 6 卡密自动发货)
qixi_store_order	eb_store_order	is_virtual	tinyint(3)	YES	'0'	0:实物订单 1:虚拟订单
qixi_store_order	eb_store_order	delivery_name	varchar(50)	YES	NULL	快递名称/送货人姓名
qixi_store_order	eb_store_order	delivery_id	varchar(255)	YES	NULL	快递单号/手机号
qixi_store_order	eb_store_order	mark	varchar(512)	NO		备注
qixi_store_order	eb_store_order	remark	varchar(512)	YES	NULL	管理员备注
qixi_store_order	eb_store_order	admin_mark	varchar(512)	YES	NULL	总后台备注
qixi_store_order	eb_store_order	verify_code	char(16)	YES	NULL	核销码
qixi_store_order	eb_store_order	verify_time	timestamp	YES	NULL	核销时间/收货时间
qixi_store_order	eb_store_order	verify_service_id	int(10)	YES	NULL	核销客服 id
qixi_store_order	eb_store_order	transaction_id	varchar(60)	YES	NULL	微信支付订单号(分账时有效)
qixi_store_order	eb_store_order	activity_type	tinyint(3)	NO	'0'	1:秒杀 2:预售 3:助力 10:套餐
qixi_store_order	eb_store_order	order_extend	varchar(1024)	YES	NULL	自定义表单数据
qixi_store_order	eb_store_order	mer_id	int(10)	NO	'0'	商户ID
qixi_store_order	eb_store_order	reconciliation_id	tinyint(3)	NO	'0'	对账id
qixi_store_order	eb_store_order	cost	decimal(8,2)	NO		成本价
qixi_store_order	eb_store_order	is_del	tinyint(3)	NO	'0'	是否删除
qixi_store_order	eb_store_order	is_system_del	tinyint(1)	YES	'0'	后台是否删除
qixi_store_order	eb_store_order	verify_status	tinyint(3)	NO	'0'	核销订单状态0 默认 1 部分核销 2 全部核销
qixi_store_order	eb_store_order	refund_switch	tinyint(3)	YES	'1'	是否支持退款
qixi_store_order	eb_store_order	kuaidi_label	varchar(255)	YES	NULL	快递单号图片
qixi_store_order	eb_store_order	task_id	varchar(255)	NO	''	快递单号任务ID
qixi_store_order	eb_store_order	is_behalf	tinyint(1)	NO	'0'	是否为代客下单订单
qixi_store_order	eb_store_order	behalf_no_verify	tinyint(1)	NO	'0'	代客下单订单是否无需核销（0:需要核销，1:无需核销）
qixi_store_order	eb_store_order	enable_assigned	tinyint(1)	YES	'0'	预约商品订单是否派单 0 领取 1 指派
qixi_store_order	eb_store_order	staffs_id	int(10)	YES	'0'	领取/指派的员工ID
qixi_store_order	eb_store_order	is_cancel	int(11)	YES	'0'	是否可取消预约(0:不可取消,1:可取消)
qixi_store_order	eb_store_order	reservation_service_voucher	text	YES		预约订单服务凭证
qixi_store_order	eb_store_order	clock_in_info	text	YES		预约订单服务打卡信息
qixi_store_order	eb_store_order	kuaidi_order_id	varchar(255)	NO	''	商家寄件的快递单号
qixi_store_order	eb_store_order	is_stock_up	int(11)	NO	'0'	商家寄件快递是否发出
qixi_store_order	eb_store_order	merchant_take_id	int(11)	NO	'0'	自提点id
qixi_store_order	eb_store_order	merchant_take_info	text	NO		同城配送信息
qixi_store_order_product	eb_store_order_product	order_product_id	int(10)	NO		订单产品 id
qixi_store_order_product	eb_store_order_product	order_id	int(10)	NO		订单id
qixi_store_order_product	eb_store_order_product	uid	int(10)	NO	'0'	用户 id
qixi_store_order_product	eb_store_order_product	cart_id	int(10)	NO	'0'	购物车id
qixi_store_order_product	eb_store_order_product	product_id	int(10)	NO	'0'	商品ID
qixi_store_order_product	eb_store_order_product	extension_one	decimal(8,2)	NO	'0.00'	一级佣金
qixi_store_order_product	eb_store_order_product	extension_two	decimal(8,2)	NO	'0.00'	二级佣金
qixi_store_order_product	eb_store_order_product	integral	int(10)	YES	'0'	使用积分(单数)
qixi_store_order_product	eb_store_order_product	integral_price	decimal(10,2)	YES	'0.00'	积分抵扣金额
qixi_store_order_product	eb_store_order_product	integral_total	int(10)	YES	'0'	使用积分(总数)
qixi_store_order_product	eb_store_order_product	coupon_price	decimal(8,2)	YES	'0.00'	优惠金额
qixi_store_order_product	eb_store_order_product	platform_coupon_price	decimal(8,2)	YES	'0.00'	平台优惠金额
qixi_store_order_product	eb_store_order_product	svip_discount	decimal(8,2)	YES	'0.00'	svip优惠金额
qixi_store_order_product	eb_store_order_product	postage_price	decimal(8,2)	YES	'0.00'	运费
qixi_store_order_product	eb_store_order_product	product_sku	char(12)	NO		商品 sku
qixi_store_order_product	eb_store_order_product	is_refund	tinyint(3)	NO	'0'	是否退款 0:未退款 1:退款中 2:部分退款 3=全退
qixi_store_order_product	eb_store_order_product	product_num	int(10)	NO	'0'	购买数量
qixi_store_order_product	eb_store_order_product	product_type	int(11)	NO	'0'	0.普通商品 1.秒杀商品,2.预售商品
qixi_store_order_product	eb_store_order_product	activity_id	int(10)	NO	'0'	活动关联 id
qixi_store_order_product	eb_store_order_product	refund_num	int(10)	NO	'0'	可申请退货数量
qixi_store_order_product	eb_store_order_product	is_reply	tinyint(3)	NO	'0'	是否评价
qixi_store_order_product	eb_store_order_product	cost	decimal(10,2)	NO		商品成本价
qixi_store_order_product	eb_store_order_product	product_price	decimal(10,2)	NO		商品金额
qixi_store_order_product	eb_store_order_product	total_price	decimal(10,2)	NO		商品售价
qixi_store_order_product	eb_store_order_product	cart_info	text	NO		购买东西的详细信息
qixi_store_order_product	eb_store_order_product	refund_switch	tinyint(3)	YES	'1'	是否支持退款
qixi_store_order_product	eb_store_order_product	create_time	timestamp	NO	CURRENT_TIMESTAMP	
qixi_store_order_product	eb_store_order_product	reservation_date	varchar(20)	YES	''	预约商品的预约日期
qixi_store_order_product	eb_store_order_product	reservation_id	int(10)	YES	'0'	预约商品的预约时间段ID
qixi_store_order_product	eb_store_order_product	reservation_time_part	varchar(20)	NO	''	预约时间段
qixi_store_order_product	eb_store_order_product	settlement_price	decimal(8,2)	NO	'0.00'	员工结算价格
qixi_store_order_profitsharing	eb_store_order_profitsharing	profitsharing_id	int(10)	NO		
qixi_store_order_profitsharing	eb_store_order_profitsharing	profitsharing_sn	varchar(32)	NO		分账 id
qixi_store_order_profitsharing	eb_store_order_profitsharing	order_id	int(10)	NO		订单 id
qixi_store_order_profitsharing	eb_store_order_profitsharing	mer_id	int(10)	NO		商户 id
qixi_store_order_profitsharing	eb_store_order_profitsharing	transaction_id	varchar(60)	NO		微信支付订单号
qixi_store_order_profitsharing	eb_store_order_profitsharing	profitsharing_price	decimal(10,2)	NO	'0.00'	分账金额
qixi_store_order_profitsharing	eb_store_order_profitsharing	profitsharing_refund	decimal(10,2)	NO	'0.00'	退款金额
qixi_store_order_profitsharing	eb_store_order_profitsharing	profitsharing_mer_price	decimal(10,2)	NO	'0.00'	分账分出去的金额即给平台的手续费
qixi_store_order_profitsharing	eb_store_order_profitsharing	type	varchar(32)	NO		分类
qixi_store_order_profitsharing	eb_store_order_profitsharing	status	tinyint(1)	NO	'0'	0:未分账 1:已分账 -1已退款 -2失败
qixi_store_order_profitsharing	eb_store_order_profitsharing	error_msg	varchar(255)	YES	NULL	失败原因
qixi_store_order_profitsharing	eb_store_order_profitsharing	profitsharing_time	timestamp	YES	NULL	分账时间
qixi_store_order_profitsharing	eb_store_order_profitsharing	create_time	timestamp	NO	CURRENT_TIMESTAMP	创建时间
qixi_store_order_profitsharing	eb_store_order_profitsharing	is_combine	tinyint(1)	YES	'1'	分账类型：1 平台收付通 2 服务商
qixi_store_order_receipt	eb_store_order_receipt	order_receipt_id	int(10)	NO		
qixi_store_order_receipt	eb_store_order_receipt	order_id	varchar(255)	NO	'0'	订单ID
qixi_store_order_receipt	eb_store_order_receipt	uid	int(11)	NO	'0'	用户ID
qixi_store_order_receipt	eb_store_order_receipt	receipt_info	varchar(500)	YES	''	发票类型：1.普通发票，2.增值税发票
qixi_store_order_receipt	eb_store_order_receipt	status	tinyint(4)	YES	'0'	开票状态：1.已出票,10.已寄出
qixi_store_order_receipt	eb_store_order_receipt	receipt_sn	varchar(255)	YES	''	发票单号
qixi_store_order_receipt	eb_store_order_receipt	receipt_no	varchar(255)	YES	NULL	发票编号
qixi_store_order_receipt	eb_store_order_receipt	delivery_info	varchar(255)	YES	NULL	收票联系信息
qixi_store_order_receipt	eb_store_order_receipt	pic	varchar(500)	NO	''	发票文件地址
qixi_store_order_receipt	eb_store_order_receipt	mark	varchar(255)	YES	NULL	用户备注
qixi_store_order_receipt	eb_store_order_receipt	receipt_price	decimal(10,2)	YES	NULL	开票金额
qixi_store_order_receipt	eb_store_order_receipt	order_price	decimal(10,2)	YES	NULL	订单金额
qixi_store_order_receipt	eb_store_order_receipt	status_time	datetime	NO		状态变更时间
qixi_store_order_receipt	eb_store_order_receipt	is_del	tinyint(1)	YES	'0'	
qixi_store_order_receipt	eb_store_order_receipt	create_time	timestamp	YES	NULL	
qixi_store_order_receipt	eb_store_order_receipt	mer_id	int(11)	YES	'0'	
qixi_store_order_receipt	eb_store_order_receipt	mer_mark	varchar(255)	YES	NULL	备注
qixi_store_order_status	eb_store_order_status	order_id	int(10)	NO		订单id
qixi_store_order_status	eb_store_order_status	order_sn	varchar(256)	YES	NULL	订单号
qixi_store_order_status	eb_store_order_status	type	varchar(20)	YES	NULL	订单类型
qixi_store_order_status	eb_store_order_status	change_type	varchar(32)	NO		操作类型
qixi_store_order_status	eb_store_order_status	change_message	varchar(256)	NO		操作备注
qixi_store_order_status	eb_store_order_status	nickname	varchar(20)	YES	NULL	
qixi_store_order_status	eb_store_order_status	uid	int(11)	YES	NULL	操作者ID
qixi_store_order_status	eb_store_order_status	user_type	tinyint(4)	YES	NULL	操作者类型
qixi_store_order_status	eb_store_order_status	change_time	timestamp	NO	CURRENT_TIMESTAMP	操作时间
qixi_store_printer	eb_store_printer	printer_id	bigint(20)	NO		
qixi_store_printer	eb_store_printer	printer_name	varchar(50)	NO	''	名称
qixi_store_printer	eb_store_printer	printer_appkey	varchar(50)	NO	''	打印机的应用ID
qixi_store_printer	eb_store_printer	printer_terminal	varchar(50)	NO	''	打印机终端号
qixi_store_printer	eb_store_printer	printer_appid	varchar(50)	NO	''	打印机应用用户ID
qixi_store_printer	eb_store_printer	printer_secret	varchar(50)	NO	''	打印机应用密匙
qixi_store_printer	eb_store_printer	status	tinyint(4)	NO	'0'	
qixi_store_printer	eb_store_printer	mer_id	int(11)	NO	'0'	
qixi_store_printer	eb_store_printer	create_time	timestamp	NO	CURRENT_TIMESTAMP	
qixi_store_printer	eb_store_printer	type	tinyint(4)	YES	'0'	0 易联云 1 飞鹅云
qixi_store_printer	eb_store_printer	times	int(11)	NO	'1'	打印联数
qixi_store_printer	eb_store_printer	print_content	varchar(2000)	NO	''	打印内容
qixi_store_printer	eb_store_printer	print_type	int(11)	NO	'1'	打印时机1支付后，2下单后
qixi_store_product	eb_store_product	product_id	int(10)	NO		商品id
qixi_store_product	eb_store_product	mer_id	int(10)	NO	'0'	商户Id
qixi_store_product	eb_store_product	store_name	varchar(128)	NO		商品名称
qixi_store_product	eb_store_product	store_info	varchar(256)	YES	NULL	商品简介
qixi_store_product	eb_store_product	keyword	varchar(128)	NO		关键字
qixi_store_product	eb_store_product	bar_code	varchar(15)	NO	''	产品条码（一维码）
qixi_store_product	eb_store_product	brand_id	int(11)	YES	NULL	品牌 id
qixi_store_product	eb_store_product	is_show	tinyint(3)	NO	'1'	商户 状态（0:未上架，1:上架，2:定时上架）
qixi_store_product	eb_store_product	status	tinyint(1)	NO	'0'	管理员 状态（0：审核中，1：审核通过 -1: 未通过 -2: 下架）
qixi_store_product	eb_store_product	is_del	tinyint(3)	NO	'0'	是否删除
qixi_store_product	eb_store_product	mer_status	tinyint(1)	YES	'1'	商铺状态是否 1.正常 0. 非正常
qixi_store_product	eb_store_product	cate_id	int(11)	NO		分类id
qixi_store_product	eb_store_product	unit_name	varchar(16)	NO		单位名
qixi_store_product	eb_store_product	sort	smallint(6)	NO	'0'	排序
qixi_store_product	eb_store_product	rank	smallint(6)	NO	'0'	总后台排序
qixi_store_product	eb_store_product	sales	mediumint(8)	NO	'0'	销量
qixi_store_product	eb_store_product	price	decimal(10,2)	YES	'0.00'	最低价格
qixi_store_product	eb_store_product	cost	decimal(10,2)	YES	'0.00'	成本价
qixi_store_product	eb_store_product	ot_price	decimal(10,2)	YES	'0.00'	原价
qixi_store_product	eb_store_product	stock	int(10)	YES	'0'	总库存
qixi_store_product	eb_store_product	is_hot	tinyint(3)	NO	'0'	是否热卖
qixi_store_product	eb_store_product	is_benefit	tinyint(3)	NO	'0'	促销单品
qixi_store_product	eb_store_product	is_best	tinyint(3)	NO	'0'	是否精品
qixi_store_product	eb_store_product	is_new	tinyint(3)	NO	'0'	是否新品
qixi_store_product	eb_store_product	is_good	tinyint(1)	NO	'0'	是否优品推荐
qixi_store_product	eb_store_product	product_type	tinyint(3)	NO	'0'	0.普通商品 1.秒杀商品,2.预售商品，3.助力商品，4.拼团商品
qixi_store_product	eb_store_product	ficti	mediumint(9)	YES	'0'	虚拟销量
qixi_store_product	eb_store_product	browse	int(11)	YES	'0'	浏览量
qixi_store_product	eb_store_product	code_path	varchar(64)	NO	''	产品二维码地址(用户小程序海报)
qixi_store_product	eb_store_product	video_link	varchar(200)	NO	''	主图视频链接
qixi_store_product	eb_store_product	temp_id	int(11)	NO	'1'	运费模板ID
qixi_store_product	eb_store_product	spec_type	tinyint(1)	NO	'0'	规格 0单 1多
qixi_store_product	eb_store_product	extension_type	tinyint(1)	YES	'0'	佣金比例 0.系统，1.自定义
qixi_store_product	eb_store_product	refusal	varchar(255)	YES	NULL	审核拒绝理由
qixi_store_product	eb_store_product	rate	decimal(2,1)	YES	'5.0'	评价分数
qixi_store_product	eb_store_product	reply_count	int(10)	YES	'0'	评论数
qixi_store_product	eb_store_product	give_coupon_ids	varchar(500)	YES	NULL	赠送优惠券
qixi_store_product	eb_store_product	is_gift_bag	tinyint(1)	YES	'0'	是否为礼包
qixi_store_product	eb_store_product	create_time	timestamp	NO	CURRENT_TIMESTAMP	添加时间
qixi_store_product	eb_store_product	care_count	int(11)	NO	'0'	收藏数
qixi_store_product	eb_store_product	is_used	int(11)	YES	'1'	显示/隐藏
qixi_store_product	eb_store_product	old_product_id	int(11)	YES	'0'	原商品ID
qixi_store_product	eb_store_product	image	varchar(256)	NO	''	商品图片
qixi_store_product	eb_store_product	slider_image	varchar(2000)	NO		轮播图
qixi_store_product	eb_store_product	guarantee_template_id	int(11)	YES	'0'	保障服务模板
qixi_store_product	eb_store_product	once_max_count	int(11)	YES	'0'	订单单次购买数量最大限制
qixi_store_product	eb_store_product	once_min_count	int(11)	NO	'0'	单次购买最低限购
qixi_store_product	eb_store_product	integral_rate	int(11)	NO	'-1'	积分抵扣比例
qixi_store_product	eb_store_product	integral_total	int(10)	YES	'0'	使用积分抵扣总数
qixi_store_product	eb_store_product	integral_price_total	decimal(8,2)	YES	'0.00'	使用积分抵扣金额总数
qixi_store_product	eb_store_product	labels	varchar(255)	YES	''	标签id
qixi_store_product	eb_store_product	delivery_way	varchar(100)	YES	NULL	1.仅到店自提2快递计价配送3全国包邮
qixi_store_product	eb_store_product	delivery_free	int(11)	YES	'0'	全国包邮
qixi_store_product	eb_store_product	type	tinyint(3)	NO	'0'	0.实体商品，1.虚拟商品，2 网盘，3 卡密
qixi_store_product	eb_store_product	extend	varchar(1000)	NO	''	扩展信息
qixi_store_product	eb_store_product	pay_limit	tinyint(4)	NO	'0'	购买总数限制 0:不限购，1单次限购 2 长期限购
qixi_store_product	eb_store_product	svip_price_type	tinyint(3)	NO	'0'	0不参加，1默认比例，2自定义
qixi_store_product	eb_store_product	svip_price	decimal(10,2)	NO	'0.00'	会员价
qixi_store_product	eb_store_product	mer_svip_status	tinyint(3)	NO	'1'	商户会员状态
qixi_store_product	eb_store_product	param_temp_id	varchar(255)	YES	NULL	参数模板ID
qixi_store_product	eb_store_product	refund_switch	tinyint(4)	YES	'1'	是否支持退款
qixi_store_product	eb_store_product	delete	tinyint(4)	YES	'0'	
qixi_store_product	eb_store_product	mer_form_id	int(11)	YES	'0'	系统表单ID
qixi_store_product	eb_store_product	good_ids	varchar(2000)	YES	''	推荐商品
qixi_store_product	eb_store_product	auto_on_time	int(11)	YES	NULL	自动上架时间
qixi_store_product	eb_store_product	auto_off_time	int(11)	YES	NULL	自动下架时间
qixi_store_product	eb_store_product	active_id	int(11)	YES	NULL	秒杀活动ID
qixi_store_product	eb_store_product	cate_hot	tinyint(4)	YES	'0'	分类大图推荐 1 推荐
qixi_store_product	eb_store_product	bar_code_number	varchar(255)	YES	''	商品条码
qixi_store_product	eb_store_product	custom_temp_id	varchar(255)	NO	''	自定义参数模版id
qixi_store_product	eb_store_product	activity_label_ids	varchar(255)	NO	''	活动标签
qixi_store_product_assist	eb_store_product_assist	product_assist_id	int(10)	NO		
qixi_store_product_assist	eb_store_product_assist	start_time	timestamp	NO	CURRENT_TIMESTAMP	开始时间
qixi_store_product_assist	eb_store_product_assist	end_time	timestamp	NO	CURRENT_TIMESTAMP	结束时间
qixi_store_product_assist	eb_store_product_assist	status	int(10)	NO	'1'	平台控制状态：1开启，0.结束
qixi_store_product_assist	eb_store_product_assist	pay_count	int(10)	YES	'0'	限购数量，0为不限制
qixi_store_product_assist	eb_store_product_assist	assist_count	int(10)	YES	'0'	助力总需人数
qixi_store_product_assist	eb_store_product_assist	assist_user_count	int(10)	YES	'0'	单人可助力次数
qixi_store_product_assist	eb_store_product_assist	product_id	int(10)	NO	'0'	商品ID
qixi_store_product_assist	eb_store_product_assist	is_show	tinyint(3)	NO	'1'	商户控制状态 0.下架；1.上架
qixi_store_product_assist	eb_store_product_assist	store_name	varchar(128)	NO		商品活动标题
qixi_store_product_assist	eb_store_product_assist	mer_id	int(10)	NO	'0'	
qixi_store_product_assist	eb_store_product_assist	store_info	varchar(255)	YES	NULL	商品简介
qixi_store_product_assist	eb_store_product_assist	is_del	int(10)	NO	'0'	
qixi_store_product_assist	eb_store_product_assist	create_time	timestamp	NO	CURRENT_TIMESTAMP	
qixi_store_product_assist	eb_store_product_assist	product_status	int(11)	YES	'0'	审核状态；0.待审核，1审核通过，-1 审核失败，-2 强制下架
qixi_store_product_assist	eb_store_product_assist	refusal	varchar(255)	YES	NULL	
qixi_store_product_assist	eb_store_product_assist	action_status	int(11)	YES	'1'	活动状态1开启，-1 结束
qixi_store_product_assist_set	eb_store_product_assist_set	product_assist_set_id	int(10)	NO		
qixi_store_product_assist_set	eb_store_product_assist_set	product_assist_id	int(10)	NO		
qixi_store_product_assist_set	eb_store_product_assist_set	product_id	int(10)	NO		
qixi_store_product_assist_set	eb_store_product_assist_set	uid	int(10)	NO	'0'	
qixi_store_product_assist_set	eb_store_product_assist_set	status	int(11)	NO	'1'	状态：-1 未完成 ，1 进行中， 10 已完成，20.已支付
qixi_store_product_assist_set	eb_store_product_assist_set	assist_count	int(10)	NO	'0'	需助力总人数
qixi_store_product_assist_set	eb_store_product_assist_set	assist_user_count	int(10)	NO	'0'	单人可助力次数
qixi_store_product_assist_set	eb_store_product_assist_set	yet_assist_count	int(10)	NO	'0'	已助力人数
qixi_store_product_assist_set	eb_store_product_assist_set	create_time	timestamp	NO	CURRENT_TIMESTAMP	时间
qixi_store_product_assist_set	eb_store_product_assist_set	mer_id	int(10)	YES	'0'	
qixi_store_product_assist_set	eb_store_product_assist_set	share_num	int(10)	YES	'0'	
qixi_store_product_assist_set	eb_store_product_assist_set	view_num	int(10)	YES	'0'	
qixi_store_product_assist_set	eb_store_product_assist_set	is_del	int(10)	YES	'0'	
qixi_store_product_assist_sku	eb_store_product_assist_sku	product_assist_id	int(10)	NO	'0'	
qixi_store_product_assist_sku	eb_store_product_assist_sku	product_id	int(10)	NO		
qixi_store_product_assist_sku	eb_store_product_assist_sku	unique	char(12)	NO		
qixi_store_product_assist_sku	eb_store_product_assist_sku	assist_price	decimal(10,2)	NO	'0.00'	助力售价
qixi_store_product_assist_sku	eb_store_product_assist_sku	stock	int(10)	NO	'0'	
qixi_store_product_assist_sku	eb_store_product_assist_sku	stock_count	int(10)	YES	'0'	总限购
qixi_store_product_assist_user	eb_store_product_assist_user	product_assist_user_id	int(10)	NO		
qixi_store_product_assist_user	eb_store_product_assist_user	product_assist_set_id	int(10)	NO		
qixi_store_product_assist_user	eb_store_product_assist_user	product_assist_id	int(10)	NO		
qixi_store_product_assist_user	eb_store_product_assist_user	uid	int(10)	NO	'0'	id
qixi_store_product_assist_user	eb_store_product_assist_user	avatar_img	varchar(256)	YES	NULL	头像
qixi_store_product_assist_user	eb_store_product_assist_user	nickname	varchar(50)	YES	NULL	昵称
qixi_store_product_assist_user	eb_store_product_assist_user	create_time	timestamp	NO	CURRENT_TIMESTAMP	
qixi_store_product_attr	eb_store_product_attr	product_id	int(10)	NO	'0'	商品ID
qixi_store_product_attr	eb_store_product_attr	attr_name	varchar(32)	NO		属性名
qixi_store_product_attr	eb_store_product_attr	attr_values	varchar(2000)	NO		属性值
qixi_store_product_attr	eb_store_product_attr	type	tinyint(1)	YES	'0'	活动类型 0=商品
qixi_store_product_attr_reservation	eb_store_product_attr_reservation	attr_reservation_id	int(10)	NO		attr_reservation_id
qixi_store_product_attr_reservation	eb_store_product_attr_reservation	attr_value_id	int(10)	NO	'0'	商品属性值表ID
qixi_store_product_attr_reservation	eb_store_product_attr_reservation	unique	char(12)	NO	''	唯一值
qixi_store_product_attr_reservation	eb_store_product_attr_reservation	product_id	int(10)	NO	'0'	商品ID
qixi_store_product_attr_reservation	eb_store_product_attr_reservation	start_time	varchar(10)	NO	''	开始时间段
qixi_store_product_attr_reservation	eb_store_product_attr_reservation	end_time	varchar(10)	NO	''	结束时间段
qixi_store_product_attr_reservation	eb_store_product_attr_reservation	stock	int(11)	NO	'0'	可约数量
qixi_store_product_attr_reservation	eb_store_product_attr_reservation	use_num	int(11)	NO	'0'	使用数量
qixi_store_product_attr_reservation	eb_store_product_attr_reservation	create_time	datetime	NO	CURRENT_TIMESTAMP	创建时间
qixi_store_product_attr_reservation	eb_store_product_attr_reservation	update_time	datetime	NO	CURRENT_TIMESTAMP	修改时间
qixi_store_product_attr_result	eb_store_product_attr_result	id	int(11)	NO		主键id
qixi_store_product_attr_result	eb_store_product_attr_result	product_id	int(10)	NO		商品ID
qixi_store_product_attr_result	eb_store_product_attr_result	result	longtext	NO		商品属性参数
qixi_store_product_attr_result	eb_store_product_attr_result	change_time	int(10)	YES	NULL	上次修改时间
qixi_store_product_attr_result	eb_store_product_attr_result	type	tinyint(1)	YES	NULL	活动类型 0=商品，1=秒杀，2=预售，3=助力, 4=拼团
qixi_store_product_attr_value	eb_store_product_attr_value	value_id	int(10)	NO		主键
qixi_store_product_attr_value	eb_store_product_attr_value	product_id	int(10)	NO		商品ID
qixi_store_product_attr_value	eb_store_product_attr_value	detail	varchar(1000)	NO	''	
qixi_store_product_attr_value	eb_store_product_attr_value	sku	varchar(128)	NO		商品属性索引值 (attr_value|attr_value[|....])
qixi_store_product_attr_value	eb_store_product_attr_value	stock	int(10)	NO		属性对应的库存
qixi_store_product_attr_value	eb_store_product_attr_value	sales	int(10)	NO	'0'	销量
qixi_store_product_attr_value	eb_store_product_attr_value	image	varchar(128)	YES	NULL	图片
qixi_store_product_attr_value	eb_store_product_attr_value	bar_code	varchar(50)	NO	''	产品条码
qixi_store_product_attr_value	eb_store_product_attr_value	cost	decimal(8,2)	NO		成本价
qixi_store_product_attr_value	eb_store_product_attr_value	ot_price	decimal(8,2)	NO	'0.00'	原价
qixi_store_product_attr_value	eb_store_product_attr_value	price	decimal(8,2)	NO		价格
qixi_store_product_attr_value	eb_store_product_attr_value	volume	decimal(8,2)	NO	'0.00'	体积
qixi_store_product_attr_value	eb_store_product_attr_value	weight	decimal(8,2)	NO	'0.00'	重量
qixi_store_product_attr_value	eb_store_product_attr_value	type	tinyint(1)	YES	'0'	活动类型 0=商品; 20 积分商品
qixi_store_product_attr_value	eb_store_product_attr_value	extension_one	decimal(8,2)	YES	'0.00'	一级佣金
qixi_store_product_attr_value	eb_store_product_attr_value	extension_two	decimal(8,2)	YES	'0.00'	二级佣金
qixi_store_product_attr_value	eb_store_product_attr_value	unique	char(12)	NO	''	唯一值
qixi_store_product_attr_value	eb_store_product_attr_value	svip_price	decimal(10,2)	NO	'0.00'	会员价
qixi_store_product_attr_value	eb_store_product_attr_value	library_id	int(11)	YES	'0'	一次性卡密关联卡密库地
qixi_store_product_attr_value	eb_store_product_attr_value	bar_code_number	varchar(50)	NO	''	规格条码
qixi_store_product_attr_value	eb_store_product_attr_value	is_default_select	tinyint(1)	YES	'0'	默认显示
qixi_store_product_attr_value	eb_store_product_attr_value	is_show	tinyint(1)	YES	'1'	
qixi_store_product_attr_value	eb_store_product_attr_value	settlement_price	decimal(8,2)	NO	'0.00'	员工结算价格
qixi_store_product_cate	eb_store_product_cate	product_id	int(11)	YES	NULL	
qixi_store_product_cate	eb_store_product_cate	mer_cate_id	int(11)	YES	NULL	
qixi_store_product_cate	eb_store_product_cate	mer_id	int(11)	YES	NULL	
qixi_store_product_cdkey	eb_store_product_cdkey	cdkey_id	int(11)	NO		
qixi_store_product_cdkey	eb_store_product_cdkey	is_type	tinyint(4)	YES	'0'	卡密类型： 0 固定卡密， 1 一次性卡密
qixi_store_product_cdkey	eb_store_product_cdkey	value_id	int(11)	YES	NULL	商品规格ID
qixi_store_product_cdkey	eb_store_product_cdkey	key	varchar(255)	YES	NULL	卡密内容
qixi_store_product_cdkey	eb_store_product_cdkey	pwd	varchar(255)	YES	NULL	卡密密码
qixi_store_product_cdkey	eb_store_product_cdkey	status	tinyint(4)	YES	'1'	状态： 1 可用  -1 不可用/已使用
qixi_store_product_cdkey	eb_store_product_cdkey	product_id	int(11)	YES	NULL	商品ID
qixi_store_product_cdkey	eb_store_product_cdkey	library_id	int(11)	YES	'0'	卡密库ID
qixi_store_product_cdkey	eb_store_product_cdkey	is_use	tinyint(4)	YES	'0'	是否已使用
qixi_store_product_cdkey	eb_store_product_cdkey	mer_id	int(11)	YES	NULL	商户ID
qixi_store_product_cdkey	eb_store_product_cdkey	create_time	timestamp	YES	CURRENT_TIMESTAMP	添加时间
qixi_store_product_content	eb_store_product_content	product_id	int(10)	NO		商品id
qixi_store_product_content	eb_store_product_content	content	longtext	NO		商品详情
qixi_store_product_content	eb_store_product_content	type	tinyint(1)	NO	'0'	商品类型 0=普通
qixi_store_product_copy	eb_store_product_copy	store_product_copy_id	int(10)	NO		
qixi_store_product_copy	eb_store_product_copy	type	varchar(255)	YES	NULL	
qixi_store_product_copy	eb_store_product_copy	mer_id	int(11)	YES	NULL	商户id
qixi_store_product_copy	eb_store_product_copy	num	int(11)	YES	NULL	数量
qixi_store_product_copy	eb_store_product_copy	number	int(11)	YES	'1'	剩余数量
qixi_store_product_copy	eb_store_product_copy	message	varchar(255)	YES	NULL	
qixi_store_product_copy	eb_store_product_copy	info	text	YES		信息
qixi_store_product_copy	eb_store_product_copy	create_time	timestamp	YES	CURRENT_TIMESTAMP	
qixi_store_product_group	eb_store_product_group	product_group_id	int(10)	NO		主键ID
qixi_store_product_group	eb_store_product_group	product_id	int(10)	YES	'0'	商品ID
qixi_store_product_group	eb_store_product_group	start_time	datetime	YES	NULL	开始时间
qixi_store_product_group	eb_store_product_group	end_time	datetime	YES	NULL	结束时间
qixi_store_product_group	eb_store_product_group	time	int(10)	YES	'0'	开团时长
qixi_store_product_group	eb_store_product_group	buying_count_num	int(11)	YES	'0'	拼团总人数
qixi_store_product_group	eb_store_product_group	buying_num	int(11)	YES	'0'	最少真实购买人数
qixi_store_product_group	eb_store_product_group	pay_count	int(10)	YES	'0'	活动购买总人数
qixi_store_product_group	eb_store_product_group	once_pay_count	int(10)	YES	'0'	单次购买数量
qixi_store_product_group	eb_store_product_group	status	int(11)	YES	'0'	平台控制状态
qixi_store_product_group	eb_store_product_group	mer_id	int(10)	YES	'0'	商户ID
qixi_store_product_group	eb_store_product_group	ficti_status	int(11)	YES	'0'	虚拟成团状态
qixi_store_product_group	eb_store_product_group	ficti_num	int(11)	YES	'0'	最多虚拟人数
qixi_store_product_group	eb_store_product_group	is_show	int(11)	YES	'0'	上下架
qixi_store_product_group	eb_store_product_group	is_del	int(10)	YES	'0'	
qixi_store_product_group	eb_store_product_group	success_num	int(10)	YES	'0'	成功团数
qixi_store_product_group	eb_store_product_group	product_status	int(11)	YES	'0'	
qixi_store_product_group	eb_store_product_group	price	decimal(10,2)	YES	'0.00'	
qixi_store_product_group	eb_store_product_group	action_status	int(11)	YES	'0'	活动状态
qixi_store_product_group	eb_store_product_group	create_time	datetime	YES	NULL	
qixi_store_product_group	eb_store_product_group	refusal	varchar(255)	YES	NULL	
qixi_store_product_group	eb_store_product_group	leader_extension	tinyint(4)	YES	'0'	团长分销
qixi_store_product_group	eb_store_product_group	leader_rate	decimal(10,2)	YES	'0.00'	分销比例
qixi_store_product_group_buying	eb_store_product_group_buying	group_buying_id	int(10)	NO		
qixi_store_product_group_buying	eb_store_product_group_buying	product_group_id	int(10)	YES	'0'	活动商品ID
qixi_store_product_group_buying	eb_store_product_group_buying	status	int(11)	YES	'0'	状态：0。默认，进行中，10.已完成，-1 时间到未完成
qixi_store_product_group_buying	eb_store_product_group_buying	ficti_status	int(11)	YES	'0'	虚拟成团状态0.未开启，1开启
qixi_store_product_group_buying	eb_store_product_group_buying	ficti_num	int(10)	YES	'0'	虚拟成团人数
qixi_store_product_group_buying	eb_store_product_group_buying	buying_count_num	int(10)	YES	'0'	成团总人数
qixi_store_product_group_buying	eb_store_product_group_buying	buying_num	int(10)	YES	'0'	真实人数
qixi_store_product_group_buying	eb_store_product_group_buying	yet_buying_num	int(10)	YES	'0'	已参团人数
qixi_store_product_group_buying	eb_store_product_group_buying	is_del	int(11)	YES	'0'	
qixi_store_product_group_buying	eb_store_product_group_buying	mer_id	int(10)	YES	'0'	
qixi_store_product_group_buying	eb_store_product_group_buying	end_time	int(11)	YES	NULL	结束时间
qixi_store_product_group_buying	eb_store_product_group_buying	create_time	timestamp	YES	CURRENT_TIMESTAMP	
qixi_store_product_group_buying	eb_store_product_group_buying	is_hidde	tinyint(1)	YES	'0'	是否隐藏团信息 0 否 1 是
qixi_store_product_group_sku	eb_store_product_group_sku	product_group_id	int(10)	NO	'0'	
qixi_store_product_group_sku	eb_store_product_group_sku	product_id	int(10)	NO		
qixi_store_product_group_sku	eb_store_product_group_sku	unique	char(12)	NO		
qixi_store_product_group_sku	eb_store_product_group_sku	active_price	decimal(10,2)	NO	'0.00'	活动价
qixi_store_product_group_sku	eb_store_product_group_sku	stock	int(10)	NO	'0'	
qixi_store_product_group_sku	eb_store_product_group_sku	stock_count	int(10)	YES	'0'	
qixi_store_product_group_user	eb_store_product_group_user	group_buying_id	int(10)	YES	'0'	团ID
qixi_store_product_group_user	eb_store_product_group_user	product_group_id	int(10)	YES	'0'	活动商品ID
qixi_store_product_group_user	eb_store_product_group_user	status	int(11)	YES	'0'	状态
qixi_store_product_group_user	eb_store_product_group_user	is_initiator	int(10)	YES	'0'	是否为 团长
qixi_store_product_group_user	eb_store_product_group_user	order_id	int(10)	YES	'0'	订单ID
qixi_store_product_group_user	eb_store_product_group_user	uid	int(10)	YES	'0'	用户ID 
qixi_store_product_group_user	eb_store_product_group_user	nickname	varchar(255)	YES	NULL	昵称
qixi_store_product_group_user	eb_store_product_group_user	avatar	varchar(255)	YES	NULL	头像
qixi_store_product_group_user	eb_store_product_group_user	is_del	int(10)	YES	'0'	
qixi_store_product_group_user	eb_store_product_group_user	create_time	timestamp	YES	CURRENT_TIMESTAMP	
qixi_store_product_group_user	eb_store_product_group_user	is_leader	tinyint(1)	YES	'0'	是否为创建者
qixi_store_product_label	eb_store_product_label	product_label_id	int(10)	NO		
qixi_store_product_label	eb_store_product_label	label_name	varchar(50)	YES	NULL	标签名
qixi_store_product_label	eb_store_product_label	status	tinyint(1)	YES	NULL	状态
qixi_store_product_label	eb_store_product_label	info	varchar(255)	YES	NULL	说明
qixi_store_product_label	eb_store_product_label	sort	int(11)	YES	NULL	排序
qixi_store_product_label	eb_store_product_label	type	int(11)	YES	'0'	类型 
qixi_store_product_label	eb_store_product_label	mer_id	int(11)	YES	'0'	商户ID
qixi_store_product_label	eb_store_product_label	create_time	timestamp	YES	CURRENT_TIMESTAMP	
qixi_store_product_label	eb_store_product_label	is_del	tinyint(1)	YES	'0'	
qixi_store_product_presell	eb_store_product_presell	product_presell_id	int(10)	NO		
qixi_store_product_presell	eb_store_product_presell	start_time	timestamp	NO	CURRENT_TIMESTAMP	预售开始时间
qixi_store_product_presell	eb_store_product_presell	end_time	timestamp	NO	CURRENT_TIMESTAMP	预售结束时间
qixi_store_product_presell	eb_store_product_presell	final_start_time	varchar(30)	YES	''	尾款支付开始时间
qixi_store_product_presell	eb_store_product_presell	final_end_time	varchar(30)	YES	''	尾款支付结时间
qixi_store_product_presell	eb_store_product_presell	status	int(10)	NO	'1'	平台控制状态：1开启，0.结束
qixi_store_product_presell	eb_store_product_presell	presell_type	int(10)	NO	'0'	预售类型：1.全款预售，2.定金预售
qixi_store_product_presell	eb_store_product_presell	pay_count	int(10)	YES	'0'	限购数量，0为不限制
qixi_store_product_presell	eb_store_product_presell	delivery_type	int(10)	NO	'0'	发货类型：1.支付成功后 ； 2. 预售结束后
qixi_store_product_presell	eb_store_product_presell	delivery_day	int(10)	YES	'0'	发货时间
qixi_store_product_presell	eb_store_product_presell	product_id	int(10)	NO	'0'	商品ID
qixi_store_product_presell	eb_store_product_presell	price	decimal(10,2)	NO	'0.00'	预售最低价
qixi_store_product_presell	eb_store_product_presell	is_show	tinyint(3)	YES	NULL	商户控制状态 0.下架；1.上架
qixi_store_product_presell	eb_store_product_presell	store_name	varchar(128)	NO		商品活动标题
qixi_store_product_presell	eb_store_product_presell	mer_id	int(10)	NO	'0'	
qixi_store_product_presell	eb_store_product_presell	store_info	varchar(255)	YES	NULL	商品简介
qixi_store_product_presell	eb_store_product_presell	is_del	int(10)	NO	'0'	
qixi_store_product_presell	eb_store_product_presell	create_time	timestamp	NO	CURRENT_TIMESTAMP	
qixi_store_product_presell	eb_store_product_presell	product_status	int(11)	YES	'0'	审核状态；0.待审核，1审核通过，-1 审核失败，-2 强制下架
qixi_store_product_presell	eb_store_product_presell	refusal	varchar(255)	YES	NULL	
qixi_store_product_presell	eb_store_product_presell	action_status	int(11)	YES	'1'	活动状态1开启，-1 结束
qixi_store_product_presell_sku	eb_store_product_presell_sku	product_presell_id	int(10)	NO	'0'	
qixi_store_product_presell_sku	eb_store_product_presell_sku	product_id	int(10)	NO		
qixi_store_product_presell_sku	eb_store_product_presell_sku	unique	char(12)	NO		
qixi_store_product_presell_sku	eb_store_product_presell_sku	presell_price	decimal(10,2)	NO	'0.00'	预售价
qixi_store_product_presell_sku	eb_store_product_presell_sku	stock	int(10)	NO	'0'	
qixi_store_product_presell_sku	eb_store_product_presell_sku	stock_count	int(11)	NO	'0'	总限购
qixi_store_product_presell_sku	eb_store_product_presell_sku	down_price	decimal(10,2)	YES	'0.00'	订金
qixi_store_product_presell_sku	eb_store_product_presell_sku	final_price	decimal(10,2)	NO	'0.00'	尾款金额
qixi_store_product_presell_sku	eb_store_product_presell_sku	one_take	int(10)	YES	'0'	第一阶段参与人数
qixi_store_product_presell_sku	eb_store_product_presell_sku	one_pay	int(10)	YES	'0'	第一阶段支付人数
qixi_store_product_presell_sku	eb_store_product_presell_sku	two_pay	int(10)	YES	'0'	第二阶段支付人数
qixi_store_product_presell_sku	eb_store_product_presell_sku	seles	int(10)	YES	'0'	销量
qixi_store_product_reply	eb_store_product_reply	reply_id	int(11)	NO		评论ID
qixi_store_product_reply	eb_store_product_reply	uid	int(11)	NO		用户ID
qixi_store_product_reply	eb_store_product_reply	mer_id	int(10)	NO		商户 id
qixi_store_product_reply	eb_store_product_reply	order_product_id	int(11)	NO		订单商品ID
qixi_store_product_reply	eb_store_product_reply	unique	char(12)	YES	NULL	商品 sku
qixi_store_product_reply	eb_store_product_reply	product_id	int(11)	NO		商品id
qixi_store_product_reply	eb_store_product_reply	product_type	tinyint(4)	NO	'0'	0=普通商品
qixi_store_product_reply	eb_store_product_reply	product_score	tinyint(1)	NO		商品分数
qixi_store_product_reply	eb_store_product_reply	service_score	tinyint(1)	NO		服务分数
qixi_store_product_reply	eb_store_product_reply	postage_score	tinyint(1)	NO		物流分数
qixi_store_product_reply	eb_store_product_reply	rate	float(2,1)	YES	'5.0'	平均值
qixi_store_product_reply	eb_store_product_reply	comment	varchar(512)	NO		评论内容
qixi_store_product_reply	eb_store_product_reply	pics	text	YES		评论图片
qixi_store_product_reply	eb_store_product_reply	create_time	timestamp	NO	CURRENT_TIMESTAMP	评论时间
qixi_store_product_reply	eb_store_product_reply	merchant_reply_content	varchar(300)	YES	NULL	管理员回复内容
qixi_store_product_reply	eb_store_product_reply	merchant_reply_time	timestamp	YES	NULL	管理员回复时间
qixi_store_product_reply	eb_store_product_reply	sort	smallint(5)	NO	'1'	商家排序
qixi_store_product_reply	eb_store_product_reply	is_del	tinyint(3)	NO	'0'	0未删除1已删除
qixi_store_product_reply	eb_store_product_reply	is_reply	tinyint(1)	NO	'0'	0未回复1已回复
qixi_store_product_reply	eb_store_product_reply	is_virtual	tinyint(1)	NO	'0'	0不是虚拟评价1是虚拟评价
qixi_store_product_reply	eb_store_product_reply	nickname	varchar(64)	NO		用户名称
qixi_store_product_reply	eb_store_product_reply	avatar	varchar(255)	NO		用户头像
qixi_store_product_reservation	eb_store_product_reservation	product_reservation_id	int(10)	NO		product_reservation_id
qixi_store_product_reservation	eb_store_product_reservation	product_id	int(10)	NO	'0'	商品id
qixi_store_product_reservation	eb_store_product_reservation	reservation_time_type	tinyint(1)	NO	'1'	预约时段划分类型(1:自动划分,2:自定义划分)
qixi_store_product_reservation	eb_store_product_reservation	reservation_start_time	varchar(20)	NO	''	预约开始时间
qixi_store_product_reservation	eb_store_product_reservation	reservation_end_time	varchar(20)	NO	''	预约结束时间
qixi_store_product_reservation	eb_store_product_reservation	reservation_time_interval	int(11)	NO	'10'	时间跨度,以分钟为单位
qixi_store_product_reservation	eb_store_product_reservation	time_period	text	NO		时间段
qixi_store_product_reservation	eb_store_product_reservation	reservation_type	tinyint(1)	NO	'2'	预约类型(1:到店服务,2:上门服务,3:上门+到店服务)
qixi_store_product_reservation	eb_store_product_reservation	show_num_type	tinyint(1)	NO	'0'	是否展示可约数量(0:不展示,1:展示)
qixi_store_product_reservation	eb_store_product_reservation	sale_time_type	tinyint(1)	NO	'1'	可售日期(1:每天,2:自定义时间)
qixi_store_product_reservation	eb_store_product_reservation	sale_time_start_day	varchar(20)	NO	''	可售日期自定义开始时间
qixi_store_product_reservation	eb_store_product_reservation	sale_time_end_day	varchar(20)	NO	''	可售日期自定义结束时间
qixi_store_product_reservation	eb_store_product_reservation	sale_time_week	varchar(20)	NO	''	可售日期周数据
qixi_store_product_reservation	eb_store_product_reservation	show_reservation_days	int(11)	NO	'1'	显示日期范围
qixi_store_product_reservation	eb_store_product_reservation	is_advance	tinyint(1)	NO	'0'	是否提前预约(0:不提前,1:提前)
qixi_store_product_reservation	eb_store_product_reservation	advance_time	int(11)	NO	'1'	提前预约时间,以小时为单位
qixi_store_product_reservation	eb_store_product_reservation	is_cancel_reservation	tinyint(1)	NO	'0'	是否可取消预约(0:不可取消,1:可取消)
qixi_store_product_reservation	eb_store_product_reservation	cancel_reservation_time	int(11)	NO	'1'	取消预约提前时间,以小时为单位
qixi_store_product_reservation	eb_store_product_reservation	reservation_form_type	tinyint(1)	NO	'1'	预约表单类型(1:每个预约提交,2:每单提交)
qixi_store_product_reservation	eb_store_product_reservation	create_time	datetime	NO	CURRENT_TIMESTAMP	创建时间
qixi_store_product_reservation	eb_store_product_reservation	update_time	datetime	NO	CURRENT_TIMESTAMP	修改时间
qixi_store_product_reservation	eb_store_product_reservation	is_del	tinyint(1)	NO	'0'	是否删除
qixi_store_product_sku	eb_store_product_sku	product_sku_id	int(11)	NO		
qixi_store_product_sku	eb_store_product_sku	active_id	int(10)	NO	'0'	活动ID
qixi_store_product_sku	eb_store_product_sku	active_product_id	int(10)	YES	NULL	活动商品的ID
qixi_store_product_sku	eb_store_product_sku	active_type	int(10)	YES	'0'	活动类型
qixi_store_product_sku	eb_store_product_sku	product_id	int(10)	NO		
qixi_store_product_sku	eb_store_product_sku	unique	char(12)	NO		
qixi_store_product_sku	eb_store_product_sku	price	decimal(10,2)	YES	'0.00'	原价
qixi_store_product_sku	eb_store_product_sku	active_price	decimal(10,2)	NO	'0.00'	活动售价
qixi_store_product_sku	eb_store_product_sku	stock	int(10)	NO	'0'	
qixi_store_product_sku	eb_store_product_sku	stock_count	int(10)	YES	'0'	总限购
qixi_store_product_take	eb_store_product_take	product_take_id	int(10)	NO		
qixi_store_product_take	eb_store_product_take	product_id	int(11)	YES	NULL	
qixi_store_product_take	eb_store_product_take	unique	char(12)	YES	NULL	
qixi_store_product_take	eb_store_product_take	status	int(10)	YES	'0'	默认0，发送 1
qixi_store_product_take	eb_store_product_take	uid	int(11)	YES	NULL	用户
qixi_store_product_take	eb_store_product_take	type	varchar(255)	YES	NULL	1.PC,2.公众号,3.小程序
qixi_store_product_take	eb_store_product_take	is_del	int(11)	YES	'0'	
qixi_store_product_unit	eb_store_product_unit	product_unit_id	int(11)	NO		id
qixi_store_product_unit	eb_store_product_unit	mer_id	int(11)	NO	'0'	商户id
qixi_store_product_unit	eb_store_product_unit	value	varchar(255)	NO	''	值
qixi_store_product_unit	eb_store_product_unit	status	tinyint(1)	NO	'1'	状态 1|开启 0|关闭
qixi_store_product_unit	eb_store_product_unit	is_del	tinyint(1)	NO	'0'	是否删除 0|正常 1|删除
qixi_store_product_unit	eb_store_product_unit	sort	int(11)	NO	'0'	排序
qixi_store_product_unit	eb_store_product_unit	create_time	datetime	NO	CURRENT_TIMESTAMP	创建时间
qixi_store_refund_order	eb_store_refund_order	refund_order_id	int(10)	NO		退款单id
qixi_store_refund_order	eb_store_refund_order	refund_order_sn	varchar(32)	NO		退款单号
qixi_store_refund_order	eb_store_refund_order	order_id	int(10)	NO		订单id
qixi_store_refund_order	eb_store_refund_order	uid	int(10)	NO	'0'	用户 id
qixi_store_refund_order	eb_store_refund_order	mer_id	int(10)	NO		商户 id
qixi_store_refund_order	eb_store_refund_order	extension_one	decimal(8,2)	NO	'0.00'	退还一级佣金
qixi_store_refund_order	eb_store_refund_order	extension_two	decimal(8,2)	NO	'0.00'	退还二级佣金
qixi_store_refund_order	eb_store_refund_order	integral	int(10)	YES	'0'	退还积分
qixi_store_refund_order	eb_store_refund_order	delivery_type	varchar(32)	YES	NULL	快递公司
qixi_store_refund_order	eb_store_refund_order	delivery_id	varchar(32)	YES	NULL	快递单号
qixi_store_refund_order	eb_store_refund_order	delivery_mark	varchar(200)	YES	NULL	快递备注
qixi_store_refund_order	eb_store_refund_order	delivery_pics	varchar(255)	YES	NULL	快递凭证
qixi_store_refund_order	eb_store_refund_order	delivery_phone	varchar(18)	YES	NULL	联系电话
qixi_store_refund_order	eb_store_refund_order	mer_delivery_user	varchar(32)	YES	NULL	收货人
qixi_store_refund_order	eb_store_refund_order	mer_delivery_address	varchar(32)	YES	NULL	收货地址
qixi_store_refund_order	eb_store_refund_order	phone	varchar(18)	YES	NULL	联系电话
qixi_store_refund_order	eb_store_refund_order	mark	varchar(200)	YES	''	备注
qixi_store_refund_order	eb_store_refund_order	mer_mark	varchar(255)	YES	''	商户备注
qixi_store_refund_order	eb_store_refund_order	admin_mark	varchar(255)	YES	''	平台备注
qixi_store_refund_order	eb_store_refund_order	pics	text	YES		图片
qixi_store_refund_order	eb_store_refund_order	refund_type	tinyint(1)	NO		退款类型 1:退款 2:退款退货
qixi_store_refund_order	eb_store_refund_order	refund_message	varchar(128)	NO		退款原因
qixi_store_refund_order	eb_store_refund_order	refund_price	decimal(8,2)	NO	'0.00'	退款金额
qixi_store_refund_order	eb_store_refund_order	platform_refund_price	decimal(8,2)	YES	'0.00'	退款平台优惠券金额
qixi_store_refund_order	eb_store_refund_order	refund_postage	decimal(8,2)	YES	'0.00'	退的运费
qixi_store_refund_order	eb_store_refund_order	refund_num	int(10)	NO	'0'	退款数
qixi_store_refund_order	eb_store_refund_order	fail_message	varchar(200)	YES	NULL	未通过原因
qixi_store_refund_order	eb_store_refund_order	status	tinyint(1)	NO	'0'	状态 0:待审核 -1:审核未通过 1:待退货 2:待收货 3:已退款
qixi_store_refund_order	eb_store_refund_order	status_time	timestamp	NO	CURRENT_TIMESTAMP	状态改变时间
qixi_store_refund_order	eb_store_refund_order	create_time	timestamp	NO	CURRENT_TIMESTAMP	
qixi_store_refund_order	eb_store_refund_order	reconciliation_id	int(10)	YES	'0'	对账id
qixi_store_refund_order	eb_store_refund_order	is_del	tinyint(3)	NO	'0'	
qixi_store_refund_order	eb_store_refund_order	is_system_del	tinyint(1)	YES	'0'	商户删除
qixi_store_refund_order	eb_store_refund_order	admin_id	int(10)	YES	'0'	管理/客服ID
qixi_store_refund_order	eb_store_refund_order	user_type	tinyint(1)	YES	'1'	用户类型 1 用户 2 平台 3 商户 4 客服 
qixi_store_refund_product	eb_store_refund_product	refund_product_id	int(10)	NO		订单产品 id
qixi_store_refund_product	eb_store_refund_product	refund_order_id	int(10)	NO		退款单
qixi_store_refund_product	eb_store_refund_product	order_product_id	int(10)	NO		订单产品id
qixi_store_refund_product	eb_store_refund_product	refund_price	decimal(8,2)	NO	'0.00'	退款金额
qixi_store_refund_product	eb_store_refund_product	platform_refund_price	decimal(8,2)	YES	NULL	平台券退款金额
qixi_store_refund_product	eb_store_refund_product	refund_postage	decimal(8,2)	YES	NULL	退邮费金额
qixi_store_refund_product	eb_store_refund_product	refund_integral	int(10)	YES	'0'	退金额
qixi_store_refund_product	eb_store_refund_product	refund_num	int(10)	NO	'0'	退货数
qixi_store_refund_product	eb_store_refund_product	create_time	timestamp	NO	CURRENT_TIMESTAMP	
qixi_store_refund_status	eb_store_refund_status	refund_order_id	int(10)	NO		退款单订单id
qixi_store_refund_status	eb_store_refund_status	change_type	varchar(32)	NO		操作类型
qixi_store_refund_status	eb_store_refund_status	change_message	varchar(256)	NO		操作备注
qixi_store_refund_status	eb_store_refund_status	change_time	timestamp	NO	CURRENT_TIMESTAMP	操作时间
qixi_store_seckill_active	eb_store_seckill_active	seckill_active_id	int(10)	NO		ID
qixi_store_seckill_active	eb_store_seckill_active	name	varchar(64)	NO		活动名称
qixi_store_seckill_active	eb_store_seckill_active	seckill_time_ids	varchar(255)	YES	''	活动场次
qixi_store_seckill_active	eb_store_seckill_active	start_day	timestamp	NO	'0000-00-00 00:00:00'	开始日期
qixi_store_seckill_active	eb_store_seckill_active	end_day	timestamp	NO	'0000-00-00 00:00:00'	结束日期
qixi_store_seckill_active	eb_store_seckill_active	start_time	int(10)	NO		开始时间
qixi_store_seckill_active	eb_store_seckill_active	end_time	int(10)	NO		结束时间
qixi_store_seckill_active	eb_store_seckill_active	mer_id	int(10)	NO		商户ID
qixi_store_seckill_active	eb_store_seckill_active	all_pay_count	int(10)	NO	'0'	活动有效期内每个用户可购买该商品总数限制
qixi_store_seckill_active	eb_store_seckill_active	once_pay_count	int(10)	NO	'0'	单次购买最大数量限制
qixi_store_seckill_active	eb_store_seckill_active	product_id	int(10)	NO		商品ID
qixi_store_seckill_active	eb_store_seckill_active	product_category_ids	varchar(255)	YES	NULL	平台一级商品分类/为空均可参与
qixi_store_seckill_active	eb_store_seckill_active	merchant_count	int(11)	NO	'0'	商户数量
qixi_store_seckill_active	eb_store_seckill_active	product_count	int(11)	NO	'0'	商品数量
qixi_store_seckill_active	eb_store_seckill_active	active_status	enum('0','1','-1')	YES	'0'	活动状态: 0未开始 1 进行中 -1 已结束
qixi_store_seckill_active	eb_store_seckill_active	sign	int(11)	NO		标识 1=秒杀活动
qixi_store_seckill_active	eb_store_seckill_active	status	tinyint(3)	YES	'0'	0=未开启,1=已开启
qixi_store_seckill_active	eb_store_seckill_active	create_time	int(11)	NO		创建时间
qixi_store_seckill_active	eb_store_seckill_active	update_time	int(11)	NO		修改时间
qixi_store_seckill_active	eb_store_seckill_active	delete_time	int(11)	YES	NULL	删除时间
qixi_store_seckill_time	eb_store_seckill_time	seckill_time_id	int(10)	NO		
qixi_store_seckill_time	eb_store_seckill_time	title	varchar(255)	YES	''	
qixi_store_seckill_time	eb_store_seckill_time	start_time	int(10)	NO		开始时间
qixi_store_seckill_time	eb_store_seckill_time	end_time	int(10)	NO		结束时间
qixi_store_seckill_time	eb_store_seckill_time	status	tinyint(3)	NO	'0'	1，0状态
qixi_store_seckill_time	eb_store_seckill_time	create_time	timestamp	YES	CURRENT_TIMESTAMP	
qixi_store_seckill_time	eb_store_seckill_time	pic	varchar(255)	YES	NULL	图片
qixi_store_service	eb_store_service	service_id	int(11)	NO		客服id
qixi_store_service	eb_store_service	mer_id	int(11)	NO	'0'	商户id
qixi_store_service	eb_store_service	uid	int(11)	NO		客服uid
qixi_store_service	eb_store_service	avatar	varchar(250)	NO		客服头像
qixi_store_service	eb_store_service	nickname	varchar(50)	NO		客服名称
qixi_store_service	eb_store_service	account	varchar(32)	YES	NULL	客服账号
qixi_store_service	eb_store_service	pwd	varchar(64)	YES	NULL	客服密码
qixi_store_service	eb_store_service	is_open	tinyint(3)	NO	'0'	开启 pc 登录
qixi_store_service	eb_store_service	status	tinyint(3)	NO	'0'	0隐藏1显示
qixi_store_service	eb_store_service	notify	int(11)	YES	'0'	订单通知1开启0关闭
qixi_store_service	eb_store_service	phone	varchar(18)	YES	''	电话
qixi_store_service	eb_store_service	customer	tinyint(1)	NO	'0'	是否展示统计管理
qixi_store_service	eb_store_service	is_verify	tinyint(3)	NO	'0'	是否有核销权限
qixi_store_service	eb_store_service	is_goods	tinyint(3)	YES	'0'	是否有商品管理权限
qixi_store_service	eb_store_service	sort	tinyint(3)	NO	'0'	排序
qixi_store_service	eb_store_service	create_time	timestamp	NO	CURRENT_TIMESTAMP	添加时间
qixi_store_service	eb_store_service	is_del	tinyint(3)	NO	'0'	是否删除
qixi_store_service_log	eb_store_service_log	service_log_id	int(11)	NO		客服用户对话记录表ID
qixi_store_service_log	eb_store_service_log	mer_id	int(11)	NO	'0'	商户id
qixi_store_service_log	eb_store_service_log	msn	varchar(200)	NO		消息内容
qixi_store_service_log	eb_store_service_log	uid	int(11)	NO		发送人uid
qixi_store_service_log	eb_store_service_log	service_id	int(10)	NO	'0'	客服 id
qixi_store_service_log	eb_store_service_log	create_time	timestamp	NO	CURRENT_TIMESTAMP	发送时间
qixi_store_service_log	eb_store_service_log	type	tinyint(1)	NO	'0'	是否已读（0：否；1：是；）
qixi_store_service_log	eb_store_service_log	service_type	tinyint(1)	NO	'0'	客服是否已读（0：否；1：是；）
qixi_store_service_log	eb_store_service_log	remind	tinyint(1)	NO	'0'	是否提醒过（0：否；1：是；）
qixi_store_service_log	eb_store_service_log	send_type	tinyint(3)	NO	'0'	0:用户发送 1:客服回复
qixi_store_service_log	eb_store_service_log	msn_type	tinyint(3)	NO	'1'	消息类型 1=文字 2=表情 3=图片 4=商品 5=订单 6=退款单
qixi_store_service_reply	eb_store_service_reply	service_reply_id	int(10)	NO		
qixi_store_service_reply	eb_store_service_reply	mer_id	int(10)	NO	'0'	商户 id
qixi_store_service_reply	eb_store_service_reply	type	tinyint(3)	NO	'1'	1:文字 2:图片
qixi_store_service_reply	eb_store_service_reply	keyword	varchar(64)	NO		回复的关键字
qixi_store_service_reply	eb_store_service_reply	content	varchar(512)	NO		回复内容
qixi_store_service_reply	eb_store_service_reply	status	tinyint(3)	YES	'1'	是否开启
qixi_store_service_reply	eb_store_service_reply	create_time	datetime	YES	CURRENT_TIMESTAMP	
qixi_store_service_user	eb_store_service_user	service_user_id	int(10)	NO		聊天用户 id
qixi_store_service_user	eb_store_service_user	service_id	int(10)	NO		客服 id
qixi_store_service_user	eb_store_service_user	uid	int(11)	NO		用户 id
qixi_store_service_user	eb_store_service_user	mer_id	int(10)	NO		商户 id
qixi_store_service_user	eb_store_service_user	is_online	tinyint(3)	YES	'0'	是否在线
qixi_store_service_user	eb_store_service_user	service_unread	smallint(5)	YES	'0'	客服未读数
qixi_store_service_user	eb_store_service_user	user_unread	smallint(5)	YES	'0'	用户未读数
qixi_store_service_user	eb_store_service_user	last_log_id	int(10)	NO	'0'	最后一条记录 id
qixi_store_service_user	eb_store_service_user	last_time	datetime	NO		最后发送时间
qixi_store_service_user	eb_store_service_user	create_time	datetime	NO	CURRENT_TIMESTAMP	创建时间
qixi_store_spu	eb_store_spu	spu_id	int(10)	NO		
qixi_store_spu	eb_store_spu	mer_id	int(10)	YES	'0'	商户ID
qixi_store_spu	eb_store_spu	product_id	int(10)	YES	'0'	商品ID
qixi_store_spu	eb_store_spu	product_type	int(10)	YES	'0'	活动类型0普通，1秒杀，2预售，3助力
qixi_store_spu	eb_store_spu	activity_id	int(10)	YES	'0'	活动ID
qixi_store_spu	eb_store_spu	status	int(11)	YES	'0'	0.下架，1.上架
qixi_store_spu	eb_store_spu	store_name	varchar(128)	YES	NULL	商品名称
qixi_store_spu	eb_store_spu	ot_price	decimal(10,2)	YES	'0.00'	
qixi_store_spu	eb_store_spu	keyword	varchar(255)	YES	NULL	关键词
qixi_store_spu	eb_store_spu	price	decimal(10,2)	YES	'0.00'	最低价格
qixi_store_spu	eb_store_spu	rank	int(11)	YES	NULL	排序
qixi_store_spu	eb_store_spu	create_time	datetime	YES	NULL	
qixi_store_spu	eb_store_spu	temp_id	int(10)	YES	'0'	运费模板
qixi_store_spu	eb_store_spu	sort	int(10)	YES	'0'	商户排序
qixi_store_spu	eb_store_spu	star	int(11)	YES	'1'	星级
qixi_store_spu	eb_store_spu	image	varchar(255)	YES	NULL	主图
qixi_store_spu	eb_store_spu	is_del	int(10)	YES	'0'	
qixi_store_spu	eb_store_spu	mer_labels	varchar(255)	YES	''	标签id
qixi_store_spu	eb_store_spu	sys_labels	varchar(255)	YES	''	标签id
qixi_system_admin	eb_system_admin	admin_id	int(10)	NO		后台管理员表ID
qixi_system_admin	eb_system_admin	account	varchar(32)	NO		后台管理员账号
qixi_system_admin	eb_system_admin	pwd	varchar(64)	NO		后台管理员密码
qixi_system_admin	eb_system_admin	real_name	varchar(16)	NO		后台管理员姓名
qixi_system_admin	eb_system_admin	phone	varchar(12)	YES	NULL	联系电话
qixi_system_admin	eb_system_admin	roles	varchar(128)	NO		后台管理员权限(role_id), 多个逗号分隔
qixi_system_admin	eb_system_admin	last_ip	varchar(16)	YES	NULL	后台管理员最后一次登录ip
qixi_system_admin	eb_system_admin	last_time	timestamp	YES	NULL	后台管理员最后一次登录时间
qixi_system_admin	eb_system_admin	login_count	int(10)	NO	'0'	登录次数
qixi_system_admin	eb_system_admin	status	tinyint(3)	NO	'1'	后台管理员状态 1有效0无效
qixi_system_admin	eb_system_admin	level	tinyint(3)	NO	'1'	
qixi_system_admin	eb_system_admin	is_del	tinyint(3)	NO	'0'	
qixi_system_admin	eb_system_admin	create_time	timestamp	NO	CURRENT_TIMESTAMP	后台管理员添加时间
qixi_system_admin	eb_system_admin	update_time	timestamp	NO	CURRENT_TIMESTAMP	后台管理员编辑时间
qixi_system_admin	eb_system_admin	region_ids	varchar(200)	NO	''	分组ID
qixi_system_admin	eb_system_admin	is_agent	tinyint(1)	NO	'0'	是否为区域代理：0否1是
qixi_system_admin	eb_system_admin	circle_agent_id	int(10)	NO	'0'	商圈代理id
qixi_system_attachment	eb_system_attachment	attachment_id	int(11)	NO		
qixi_system_attachment	eb_system_attachment	attachment_category_id	int(10)	NO	'0'	分类ID 0编辑器,1产品图片,2拼团图片,3砍价图片,4秒杀图片,5文章图片,6组合数据图
qixi_system_attachment	eb_system_attachment	attachment_name	varchar(100)	NO		附件名称
qixi_system_attachment	eb_system_attachment	attachment_src	varchar(200)	NO		附件路径
qixi_system_attachment	eb_system_attachment	upload_type	tinyint(3)	NO	'1'	图片上传类型 1本地 2七牛云 3OSS 4COS 
qixi_system_attachment	eb_system_attachment	user_type	int(11)	NO	'0'	图片上传模块类型 0总后台后台  >0商户后台  -1用户生成
qixi_system_attachment	eb_system_attachment	user_id	int(10)	NO	'0'	上传用户的 id
qixi_system_attachment	eb_system_attachment	create_time	timestamp	NO	CURRENT_TIMESTAMP	上传时间
qixi_system_attachment	eb_system_attachment	attachment_type	tinyint(1)	NO	'0'	素材类型
qixi_system_attachment_category	eb_system_attachment_category	attachment_category_id	int(10)	NO		
qixi_system_attachment_category	eb_system_attachment_category	pid	int(10)	NO	'0'	父级ID
qixi_system_attachment_category	eb_system_attachment_category	path	varchar(512)	NO	''	路径
qixi_system_attachment_category	eb_system_attachment_category	attachment_category_name	varchar(32)	NO		分类名称
qixi_system_attachment_category	eb_system_attachment_category	attachment_category_enname	varchar(16)	NO		分类目录
qixi_system_attachment_category	eb_system_attachment_category	sort	smallint(5)	NO	'0'	排序
qixi_system_attachment_category	eb_system_attachment_category	mer_id	int(10)	NO	'0'	商户 id
qixi_system_attachment_category	eb_system_attachment_category	create_time	timestamp	NO	CURRENT_TIMESTAMP	
qixi_system_config	eb_system_config	config_id	int(10)	NO		配置id
qixi_system_config	eb_system_config	config_classify_id	int(10)	NO		配置分类id
qixi_system_config	eb_system_config	config_name	varchar(64)	NO		字段名称
qixi_system_config	eb_system_config	config_key	varchar(64)	NO		字段 key
qixi_system_config	eb_system_config	config_type	varchar(20)	NO	'input'	配置类型
qixi_system_config	eb_system_config	config_rule	varchar(255)	YES	NULL	规则
qixi_system_config	eb_system_config	config_props	varchar(255)	YES	''	配置
qixi_system_config	eb_system_config	required	tinyint(3)	NO	'0'	必填
qixi_system_config	eb_system_config	info	varchar(255)	YES	''	配置说明
qixi_system_config	eb_system_config	sort	smallint(5)	NO	'0'	排序
qixi_system_config	eb_system_config	user_type	tinyint(3)	NO	'0'	0=总后台配置 1=商户后台配置
qixi_system_config	eb_system_config	status	tinyint(3)	NO	'0'	是否显示
qixi_system_config	eb_system_config	create_time	timestamp	NO	CURRENT_TIMESTAMP	
qixi_system_config	eb_system_config	linked_status	tinyint(3)	YES	'0'	是否开启联动显示 0/1
qixi_system_config	eb_system_config	linked_id	int(11)	YES	'0'	联动显示的id 信息
qixi_system_config	eb_system_config	linked_value	int(11)	YES	'0'	联动显示的值
qixi_system_config_classify	eb_system_config_classify	config_classify_id	int(10)	NO		配置分类id
qixi_system_config_classify	eb_system_config_classify	pid	int(11)	YES	'0'	父级ID
qixi_system_config_classify	eb_system_config_classify	classify_name	varchar(255)	NO		配置分类名称
qixi_system_config_classify	eb_system_config_classify	classify_key	varchar(255)	NO		配置分类英文名称
qixi_system_config_classify	eb_system_config_classify	info	varchar(30)	YES	NULL	配置分类说明
qixi_system_config_classify	eb_system_config_classify	sort	smallint(5)	NO	'0'	排序
qixi_system_config_classify	eb_system_config_classify	create_time	timestamp	YES	CURRENT_TIMESTAMP	
qixi_system_config_classify	eb_system_config_classify	icon	varchar(30)	YES	NULL	图标
qixi_system_config_classify	eb_system_config_classify	status	tinyint(3)	NO	'1'	配置分类状态
qixi_system_config_value	eb_system_config_value	config_value_id	int(10)	NO		配置id
qixi_system_config_value	eb_system_config_value	config_key	varchar(32)	NO		配置分类key
qixi_system_config_value	eb_system_config_value	value	text	NO		值
qixi_system_config_value	eb_system_config_value	mer_id	int(10)	NO	'0'	商户 id
qixi_system_config_value	eb_system_config_value	create_time	timestamp	YES	CURRENT_TIMESTAMP	
qixi_system_form	eb_system_form	form_id	int(11)	NO		
qixi_system_form	eb_system_form	name	varchar(255)	NO	''	表单标题
qixi_system_form	eb_system_form	form_keys	text	YES		表单所有的key
qixi_system_form	eb_system_form	value	text	YES		表单内容
qixi_system_form	eb_system_form	status	tinyint(4)	NO	'1'	状态
qixi_system_form	eb_system_form	is_del	tinyint(4)	NO	'0'	是否删除
qixi_system_form	eb_system_form	mer_id	int(11)	NO	'0'	商户ID
qixi_system_form	eb_system_form	create_time	timestamp	YES	CURRENT_TIMESTAMP	
qixi_system_form	eb_system_form	update_time	timestamp	YES	NULL	
qixi_system_group	eb_system_group	group_id	int(11)	NO		组合数据ID
qixi_system_group	eb_system_group	group_name	varchar(50)	NO		数据组名称
qixi_system_group	eb_system_group	group_info	varchar(256)	NO		数据提示
qixi_system_group	eb_system_group	group_key	varchar(50)	NO		数据字段
qixi_system_group	eb_system_group	fields	text	YES		数据组字段以及类型（json数据）
qixi_system_group	eb_system_group	user_type	tinyint(3)	NO	'0'	0=总后台配置 1=商户后台配置
qixi_system_group	eb_system_group	sort	smallint(5)	NO	'0'	排序
qixi_system_group	eb_system_group	create_time	timestamp	YES	CURRENT_TIMESTAMP	
qixi_system_group_data	eb_system_group_data	group_data_id	int(10)	NO		组合数据详情ID
qixi_system_group_data	eb_system_group_data	group_id	int(10)	NO	'0'	对应的数据组id
qixi_system_group_data	eb_system_group_data	value	text	NO		数据组对应的数据值（json数据）
qixi_system_group_data	eb_system_group_data	sort	int(11)	NO	'0'	数据排序
qixi_system_group_data	eb_system_group_data	status	tinyint(3)	NO	'1'	状态（1：开启；0：关闭；）
qixi_system_group_data	eb_system_group_data	mer_id	int(10)	NO	'0'	商户 id
qixi_system_group_data	eb_system_group_data	create_time	timestamp	NO	CURRENT_TIMESTAMP	添加数据时间
qixi_system_log	eb_system_log	log_id	int(10)	NO		管理员操作记录ID
qixi_system_log	eb_system_log	admin_id	int(10)	NO		管理员id
qixi_system_log	eb_system_log	admin_name	varchar(64)	NO		管理员姓名
qixi_system_log	eb_system_log	route	varchar(128)	NO		路由
qixi_system_log	eb_system_log	method	varchar(12)	NO		方式
qixi_system_log	eb_system_log	url	varchar(256)	NO		链接
qixi_system_log	eb_system_log	ip	varchar(16)	NO		登录IP
qixi_system_log	eb_system_log	mer_id	int(10)	NO	'0'	商户id
qixi_system_log	eb_system_log	create_time	timestamp	NO	CURRENT_TIMESTAMP	
qixi_system_menu	eb_system_menu	menu_id	int(10)	NO		菜单ID
qixi_system_menu	eb_system_menu	pid	int(10)	NO	'0'	父级id
qixi_system_menu	eb_system_menu	path	varchar(512)	NO		路径
qixi_system_menu	eb_system_menu	icon	varchar(32)	YES	''	图标
qixi_system_menu	eb_system_menu	menu_name	varchar(128)	NO	''	按钮名
qixi_system_menu	eb_system_menu	route	varchar(64)	NO		路由名称
qixi_system_menu	eb_system_menu	params	varchar(128)	NO	''	参数
qixi_system_menu	eb_system_menu	sort	tinyint(4)	NO	'1'	排序
qixi_system_menu	eb_system_menu	is_show	tinyint(3)	NO	'1'	是否显示
qixi_system_menu	eb_system_menu	is_mer	tinyint(3)	NO	'1'	模块，1 平台， 2商户
qixi_system_menu	eb_system_menu	is_menu	tinyint(3)	NO	'1'	类型，1菜单 2 权限
qixi_system_menu	eb_system_menu	create_time	timestamp	NO	CURRENT_TIMESTAMP	创建时间
qixi_system_menu	eb_system_menu	update_time	timestamp	NO	CURRENT_TIMESTAMP	创建时间
qixi_system_menu	eb_system_menu	is_agent	tinyint(1)	NO	'0'	0:平台,1:区域,2:商户
qixi_system_notice	eb_system_notice	notice_id	int(10)	NO		
qixi_system_notice	eb_system_notice	admin_id	int(10)	NO		管理员 id
qixi_system_notice	eb_system_notice	notice_title	varchar(128)	NO		通知标题
qixi_system_notice	eb_system_notice	notice_content	text	NO		通知内容
qixi_system_notice	eb_system_notice	type	tinyint(3)	NO		通知类型
qixi_system_notice	eb_system_notice	type_str	varchar(512)	NO		通知说明
qixi_system_notice	eb_system_notice	is_del	tinyint(3)	NO	'0'	0:正常 1:删除
qixi_system_notice	eb_system_notice	create_time	timestamp	NO	CURRENT_TIMESTAMP	
qixi_system_notice	eb_system_notice	status	int(10)	NO	'1'	状态（0:关;1:开）
qixi_system_notice_config	eb_system_notice_config	notice_config_id	bigint(20)	NO		
qixi_system_notice_config	eb_system_notice_config	notice_title	varchar(20)	YES	NULL	消息名称
qixi_system_notice_config	eb_system_notice_config	const_key	varchar(100)	YES	NULL	通知标识
qixi_system_notice_config	eb_system_notice_config	notice_info	varchar(50)	YES	NULL	消息说明
qixi_system_notice_config	eb_system_notice_config	notice_sys	tinyint(4)	YES	'-1'	站内消息
qixi_system_notice_config	eb_system_notice_config	notice_sms	tinyint(4)	YES	'-1'	短信消息
qixi_system_notice_config	eb_system_notice_config	notice_wechat	tinyint(4)	YES	'-1'	公众号模板消息
qixi_system_notice_config	eb_system_notice_config	wechat_tempkey	varchar(100)	YES	NULL	微信模板关联ID
qixi_system_notice_config	eb_system_notice_config	wechat_content	varchar(255)	NO	''	微信模板内容
qixi_system_notice_config	eb_system_notice_config	wechat_tempid	varchar(255)	YES	NULL	微信模板ID
qixi_system_notice_config	eb_system_notice_config	notice_routine	tinyint(4)	YES	'-1'	小程序订阅消息
qixi_system_notice_config	eb_system_notice_config	routine_tempkey	varchar(100)	YES	NULL	订阅消息关联ID
qixi_system_notice_config	eb_system_notice_config	routine_content	varchar(255)	NO	''	小程序订阅消息内容
qixi_system_notice_config	eb_system_notice_config	routine_tempid	varchar(255)	YES	NULL	小程序消息ID
qixi_system_notice_config	eb_system_notice_config	type	int(10)	YES	'0'	1商户通知， 0用户通知
qixi_system_notice_config	eb_system_notice_config	sms_tempid	varchar(50)	YES	NULL	一号通短信模板ID
qixi_system_notice_config	eb_system_notice_config	sms_ali_tempid	varchar(50)	YES	NULL	阿里云短信模板ID
qixi_system_notice_config	eb_system_notice_config	sms_content	varchar(100)	YES	NULL	阿里云短信模板内容
qixi_system_notice_config	eb_system_notice_config	create_time	timestamp	YES	CURRENT_TIMESTAMP	创建时间 
qixi_system_notice_config	eb_system_notice_config	update_time	timestamp	YES	CURRENT_TIMESTAMP	更新时间
qixi_system_notice_config	eb_system_notice_config	kid	char(100)	YES	'0'	
qixi_system_notice_log	eb_system_notice_log	notice_log_id	int(10)	NO		
qixi_system_notice_log	eb_system_notice_log	mer_id	int(10)	NO		商户 id
qixi_system_notice_log	eb_system_notice_log	notice_id	int(10)	NO		公告 id
qixi_system_notice_log	eb_system_notice_log	is_read	tinyint(3)	NO	'0'	是否已读
qixi_system_notice_log	eb_system_notice_log	read_time	timestamp	YES	NULL	读取时间
qixi_system_notice_log	eb_system_notice_log	is_del	tinyint(3)	NO	'0'	是否删除
qixi_system_role	eb_system_role	role_id	int(10)	NO		身份管理id
qixi_system_role	eb_system_role	role_name	varchar(32)	NO		身份管理名称
qixi_system_role	eb_system_role	rules	text	NO		身份管理权限(menus_id)
qixi_system_role	eb_system_role	status	tinyint(3)	NO	'1'	状态
qixi_system_role	eb_system_role	mer_id	int(10)	NO	'0'	商户 id
qixi_system_role	eb_system_role	create_time	timestamp	NO	CURRENT_TIMESTAMP	创建时间
qixi_system_role	eb_system_role	update_time	timestamp	NO	CURRENT_TIMESTAMP	更新时间
qixi_system_role	eb_system_role	is_agent	tinyint(1)	NO	'0'	角色类型：0:平台,1:区域,2:商户
qixi_system_role	eb_system_role	circle_id	int(10)	NO	'0'	商圈ID
qixi_system_role	eb_system_role	is_default	tinyint(1)	NO	'0'	是否默认角色
qixi_system_storage	eb_system_storage	id	bigint(20)	NO		
qixi_system_storage	eb_system_storage	type	tinyint(4)	NO	'1'	
qixi_system_storage	eb_system_storage	access_key	varchar(100)	NO	''	
qixi_system_storage	eb_system_storage	name	varchar(100)	NO	''	
qixi_system_storage	eb_system_storage	region	varchar(100)	NO	''	
qixi_system_storage	eb_system_storage	acl	varchar(100)	NO	''	
qixi_system_storage	eb_system_storage	domain	varchar(255)	NO	''	
qixi_system_storage	eb_system_storage	cdn	varchar(255)	YES	NULL	
qixi_system_storage	eb_system_storage	status	int(11)	NO	'0'	
qixi_system_storage	eb_system_storage	is_del	tinyint(4)	NO	'0'	
qixi_system_storage	eb_system_storage	create_time	timestamp	YES	CURRENT_TIMESTAMP	
qixi_system_storage	eb_system_storage	update_time	timestamp	YES	CURRENT_TIMESTAMP	
qixi_template_message	eb_template_message	template_id	int(10)	NO		模板id
qixi_template_message	eb_template_message	type	tinyint(1)	NO	'0'	0=订阅消息,1=微信模板消息
qixi_template_message	eb_template_message	tempkey	char(50)	NO		模板编号
qixi_template_message	eb_template_message	name	char(100)	NO		模板名
qixi_template_message	eb_template_message	content	varchar(1000)	NO		回复内容
qixi_template_message	eb_template_message	tempid	char(100)	YES	NULL	模板ID
qixi_template_message	eb_template_message	create_time	timestamp	NO	CURRENT_TIMESTAMP	添加时间
qixi_template_message	eb_template_message	status	tinyint(4)	NO	'0'	状态
qixi_template_message	eb_template_message	kid	char(100)	YES	'0'	
qixi_user	eb_user	uid	int(10)	NO		用户id
qixi_user	eb_user	wechat_user_id	int(10)	NO	'0'	微信用户 id
qixi_user	eb_user	account	varchar(32)	NO		用户账号
qixi_user	eb_user	pwd	varchar(128)	NO		用户密码
qixi_user	eb_user	real_name	varchar(25)	NO	''	真实姓名
qixi_user	eb_user	sex	tinyint(3)	NO	'0'	性别
qixi_user	eb_user	birthday	date	YES	NULL	生日
qixi_user	eb_user	card_id	varchar(20)	NO	''	身份证号码
qixi_user	eb_user	mark	varchar(255)	NO	''	用户备注
qixi_user	eb_user	label_id	varchar(64)	YES	NULL	用户标签 id
qixi_user	eb_user	group_id	int(10)	NO	'0'	用户分组id
qixi_user	eb_user	nickname	varchar(16)	NO		用户昵称
qixi_user	eb_user	avatar	varchar(256)	NO		用户头像
qixi_user	eb_user	phone	char(15)	YES	NULL	手机号码
qixi_user	eb_user	addres	varchar(128)	YES	NULL	地址
qixi_user	eb_user	cancel_time	timestamp	YES	NULL	注销时间
qixi_user	eb_user	create_time	timestamp	NO	CURRENT_TIMESTAMP	添加时间
qixi_user	eb_user	last_time	timestamp	YES	NULL	最后一次登录时间
qixi_user	eb_user	last_ip	varchar(16)	NO		最后一次登录ip
qixi_user	eb_user	now_money	decimal(8,2)	NO	'0.00'	用户余额
qixi_user	eb_user	brokerage_price	decimal(8,2)	NO	'0.00'	佣金金额
qixi_user	eb_user	status	tinyint(1)	NO	'1'	1为正常，0为禁止
qixi_user	eb_user	spread_uid	int(10)	NO	'0'	推广员id
qixi_user	eb_user	spread_time	timestamp	YES	NULL	推广员关联时间
qixi_user	eb_user	spread_limit	timestamp	YES	NULL	推广员到期时间
qixi_user	eb_user	brokerage_level	int(10)	YES	'0'	推广员等级
qixi_user	eb_user	user_type	varchar(32)	NO		用户类型
qixi_user	eb_user	promoter_time	timestamp	YES	NULL	成功推广时间
qixi_user	eb_user	is_promoter	tinyint(3)	NO	'0'	是否为推广员
qixi_user	eb_user	main_uid	int(10)	YES	'0'	主账号
qixi_user	eb_user	pay_count	int(10)	NO	'0'	用户购买次数
qixi_user	eb_user	pay_price	decimal(10,2)	NO	'0.00'	用户消费金额
qixi_user	eb_user	spread_count	int(10)	NO	'0'	下级人数
qixi_user	eb_user	spread_pay_count	int(10)	YES	'0'	下级订单数
qixi_user	eb_user	spread_pay_price	decimal(10,2)	YES	'0.00'	下级订单金额
qixi_user	eb_user	integral	int(10)	YES	'0'	积分
qixi_user	eb_user	member_level	int(10)	YES	'0'	免费会员等级
qixi_user	eb_user	member_value	int(10)	YES	'0'	免费会员成长值
qixi_user	eb_user	count_start	int(10)	YES	'0'	用户获赞数
qixi_user	eb_user	count_fans	int(10)	YES	'0'	用户粉丝数
qixi_user	eb_user	count_content	int(10)	YES	'0'	用户内容数量
qixi_user	eb_user	is_svip	tinyint(1)	NO	'-1'	是否为付费会员 -1未开通过 0到期 1体验卡 2 有效期 3 永久
qixi_user	eb_user	svip_endtime	timestamp	YES	NULL	会员结束时间
qixi_user	eb_user	svip_save_money	decimal(10,2)	NO	'0.00'	会员节省金额
qixi_user	eb_user	promoter_switch	tinyint(1)	NO	'1'	分销资格 0无 1有
qixi_user_address	eb_user_address	address_id	mediumint(8)	NO		用户地址id
qixi_user_address	eb_user_address	uid	int(10)	NO		用户id
qixi_user_address	eb_user_address	real_name	varchar(32)	NO	''	收货人姓名
qixi_user_address	eb_user_address	phone	varchar(16)	NO	''	收货人电话
qixi_user_address	eb_user_address	province	varchar(64)	NO	''	收货人所在省
qixi_user_address	eb_user_address	province_id	int(10)	YES	'0'	省 id
qixi_user_address	eb_user_address	city	varchar(64)	NO	''	收货人所在市
qixi_user_address	eb_user_address	city_id	int(11)	NO	'0'	城市id
qixi_user_address	eb_user_address	district	varchar(64)	NO	''	收货人所在区
qixi_user_address	eb_user_address	district_id	int(10)	YES	'0'	区域 id
qixi_user_address	eb_user_address	street	varchar(64)	YES	NULL	街/镇
qixi_user_address	eb_user_address	street_id	int(10)	YES	'0'	街镇 id
qixi_user_address	eb_user_address	detail	varchar(256)	NO	''	收货人详细地址
qixi_user_address	eb_user_address	post_code	int(10)	NO		邮编
qixi_user_address	eb_user_address	longitude	varchar(16)	NO	'0'	经度
qixi_user_address	eb_user_address	latitude	varchar(16)	NO	'0'	纬度
qixi_user_address	eb_user_address	is_default	tinyint(3)	NO	'0'	是否默认
qixi_user_address	eb_user_address	is_del	tinyint(3)	NO	'0'	是否删除
qixi_user_address	eb_user_address	create_time	timestamp	NO	CURRENT_TIMESTAMP	添加时间
qixi_user_address	eb_user_address	tourist_unique_key	varchar(20)	NO	''	游客唯一标识
qixi_user_bill	eb_user_bill	bill_id	int(10)	NO		用户账单id
qixi_user_bill	eb_user_bill	uid	int(10)	NO	'0'	用户uid
qixi_user_bill	eb_user_bill	link_id	varchar(32)	NO	'0'	关联id
qixi_user_bill	eb_user_bill	pm	tinyint(3)	NO	'0'	0 = 支出 1 = 获得
qixi_user_bill	eb_user_bill	title	varchar(64)	NO		账单标题
qixi_user_bill	eb_user_bill	category	varchar(64)	NO		明细种类
qixi_user_bill	eb_user_bill	type	varchar(64)	NO	''	明细类型
qixi_user_bill	eb_user_bill	number	decimal(11,2)	NO	'0.00'	明细数字
qixi_user_bill	eb_user_bill	balance	decimal(11,2)	NO	'0.00'	剩余
qixi_user_bill	eb_user_bill	mark	varchar(512)	NO		备注
qixi_user_bill	eb_user_bill	mer_id	int(10)	YES	'0'	商户 id
qixi_user_bill	eb_user_bill	create_time	timestamp	NO	CURRENT_TIMESTAMP	添加时间
qixi_user_bill	eb_user_bill	status	tinyint(1)	NO	'1'	0 = 待确定 1 = 有效 -1 = 无效
qixi_user_brokerage	eb_user_brokerage	user_brokerage_id	int(10)	NO		
qixi_user_brokerage	eb_user_brokerage	brokerage_level	tinyint(3)	NO		等级
qixi_user_brokerage	eb_user_brokerage	brokerage_name	varchar(32)	NO		vip 名称
qixi_user_brokerage	eb_user_brokerage	brokerage_icon	varchar(128)	NO		vip 图标
qixi_user_brokerage	eb_user_brokerage	brokerage_rule	varchar(1500)	NO		升级规则
qixi_user_brokerage	eb_user_brokerage	user_num	int(10)	NO	'0'	vip 人数
qixi_user_brokerage	eb_user_brokerage	extension_one	decimal(8,2)	NO	'0.00'	一级佣金
qixi_user_brokerage	eb_user_brokerage	extension_two	decimal(8,2)	NO		二级佣金
qixi_user_brokerage	eb_user_brokerage	create_time	timestamp	NO	CURRENT_TIMESTAMP	创建时间
qixi_user_brokerage	eb_user_brokerage	type	tinyint(3)	NO	'0'	默认0分销会员等级，1 免费会员等级
qixi_user_extract	eb_user_extract	extract_id	int(10)	NO		
qixi_user_extract	eb_user_extract	uid	int(10)	NO	'0'	用户 id
qixi_user_extract	eb_user_extract	extract_sn	varchar(255)	YES	NULL	
qixi_user_extract	eb_user_extract	real_name	varchar(64)	YES	NULL	姓名
qixi_user_extract	eb_user_extract	extract_type	tinyint(1)	YES	'0'	0 银行卡 1 支付宝 2微信 3 零钱
qixi_user_extract	eb_user_extract	bank_code	varchar(32)	YES	'0'	银行卡
qixi_user_extract	eb_user_extract	bank_address	varchar(256)	YES	''	开户地址
qixi_user_extract	eb_user_extract	alipay_code	varchar(64)	YES	''	支付宝账号
qixi_user_extract	eb_user_extract	wechat	varchar(15)	YES	NULL	微信号
qixi_user_extract	eb_user_extract	extract_pic	varchar(128)	YES	NULL	收款码
qixi_user_extract	eb_user_extract	extract_price	decimal(8,2)	YES	'0.00'	提现金额
qixi_user_extract	eb_user_extract	balance	decimal(8,2)	YES	'0.00'	余额
qixi_user_extract	eb_user_extract	mark	varchar(512)	YES	NULL	管理员备注
qixi_user_extract	eb_user_extract	admin_id	int(11)	YES	'0'	审核管理员
qixi_user_extract	eb_user_extract	fail_msg	varchar(128)	YES	NULL	无效原因
qixi_user_extract	eb_user_extract	status_time	timestamp	NO	CURRENT_TIMESTAMP	无效时间
qixi_user_extract	eb_user_extract	create_time	timestamp	NO	CURRENT_TIMESTAMP	添加时间
qixi_user_extract	eb_user_extract	status	tinyint(4)	YES	'0'	-1 未通过 0 审核中 1 已提现
qixi_user_extract	eb_user_extract	bank_name	varchar(255)	YES	NULL	银行名称
qixi_user_extract	eb_user_extract	wechat_status	varchar(50)	NO	''	微信转账状态：ACCEPTED: 转账已受理;PROCESSING: 转账锁定资金中;WAIT_USER_CONFIRM: 待收款用户确认;TRANSFERING: 转账中;SUCCESS: 转账成功;FAIL: 转账失败;CANCELING: 撤销中;CANCELLED: 转账撤销完成
qixi_user_extract	eb_user_extract	package_info	varchar(255)	NO	''	跳转微信支付收款页的package信息
qixi_user_extract	eb_user_extract	transfer_bill_no	varchar(100)	NO	''	微信转账单号
qixi_user_extract	eb_user_extract	wechat_app_id	varchar(100)	NO	''	微信appid
qixi_user_extract	eb_user_extract	wechat_mch_id	varchar(100)	NO	''	微信mchid
qixi_user_fields	eb_user_fields	id	bigint(20)	NO		
qixi_user_fields	eb_user_fields	uid	bigint(20)	NO	'0'	用户id
qixi_user_group	eb_user_group	group_id	smallint(5)	NO		
qixi_user_group	eb_user_group	group_name	varchar(64)	NO		用户分组名称
qixi_user_group	eb_user_group	create_time	timestamp	YES	CURRENT_TIMESTAMP	
qixi_user_history	eb_user_history	user_history_id	int(10)	NO		
qixi_user_history	eb_user_history	res_id	int(10)	YES	NULL	历史记录对象的ID
qixi_user_history	eb_user_history	res_type	int(11)	YES	NULL	历史记录类型
qixi_user_history	eb_user_history	uid	int(11)	YES	NULL	
qixi_user_history	eb_user_history	create_time	timestamp	YES	CURRENT_TIMESTAMP	
qixi_user_history	eb_user_history	update_time	int(11)	YES	NULL	
qixi_user_info	eb_user_info	id	bigint(20)	NO		
qixi_user_info	eb_user_info	field	varchar(255)	NO	''	字段
qixi_user_info	eb_user_info	title	varchar(255)	NO	'字段名'	字段名
qixi_user_info	eb_user_info	is_used	tinyint(4)	NO	'0'	是否使用
qixi_user_info	eb_user_info	is_require	tinyint(4)	NO	'0'	是否必填
qixi_user_info	eb_user_info	is_show	tinyint(4)	NO	'0'	是否在用户端展示
qixi_user_info	eb_user_info	type	varchar(255)	NO	''	信息格式
qixi_user_info	eb_user_info	msg	varchar(255)	NO	''	提示信息
qixi_user_info	eb_user_info	content	varchar(255)	YES	NULL	配置内容
qixi_user_info	eb_user_info	is_default	tinyint(4)	NO	'0'	是否系统默认字段
qixi_user_info	eb_user_info	sort	int(11)	NO	'0'	排序
qixi_user_info	eb_user_info	create_time	timestamp	YES	CURRENT_TIMESTAMP	
qixi_user_info	eb_user_info	update_time	timestamp	YES	NULL	
qixi_user_label	eb_user_label	label_id	int(11)	NO		
qixi_user_label	eb_user_label	label_name	varchar(255)	NO	''	标签名称
qixi_user_label	eb_user_label	mer_id	int(10)	NO	'0'	商户 id
qixi_user_label	eb_user_label	type	tinyint(3)	NO	'0'	0=手动标签 1=自动标签
qixi_user_label	eb_user_label	create_time	timestamp	NO	CURRENT_TIMESTAMP	
qixi_user_merchant	eb_user_merchant	user_merchant_id	int(10)	NO		
qixi_user_merchant	eb_user_merchant	uid	int(10)	NO		用户 id
qixi_user_merchant	eb_user_merchant	mer_id	int(10)	NO	'0'	商户 id
qixi_user_merchant	eb_user_merchant	first_pay_time	timestamp	YES	NULL	首次消费时间
qixi_user_merchant	eb_user_merchant	last_pay_time	timestamp	YES	NULL	最后一次消费时间
qixi_user_merchant	eb_user_merchant	pay_num	int(10)	NO	'0'	消费次数
qixi_user_merchant	eb_user_merchant	pay_price	decimal(10,2)	NO	'0.00'	消费金额
qixi_user_merchant	eb_user_merchant	label_id	varchar(256)	YES	NULL	用户标签
qixi_user_merchant	eb_user_merchant	last_time	timestamp	NO	CURRENT_TIMESTAMP	最后一次访问时间
qixi_user_merchant	eb_user_merchant	status	tinyint(3)	YES	'1'	状态
qixi_user_merchant	eb_user_merchant	create_time	timestamp	NO	CURRENT_TIMESTAMP	
qixi_user_order	eb_user_order	order_id	int(10)	NO		
qixi_user_order	eb_user_order	link_id	int(11)	YES	NULL	关联ID
qixi_user_order	eb_user_order	pay_type	varchar(10)	YES	NULL	支付方式：1微信，2支付宝
qixi_user_order	eb_user_order	title	varchar(50)	NO		
qixi_user_order	eb_user_order	order_sn	varchar(50)	YES	NULL	订单ID
qixi_user_order	eb_user_order	pay_price	decimal(8,2)	YES	NULL	价格
qixi_user_order	eb_user_order	order_info	varchar(255)	YES	NULL	订单信息信息
qixi_user_order	eb_user_order	order_type	varchar(255)	YES	NULL	订单类型 S 付费会员 
qixi_user_order	eb_user_order	paid	int(11)	NO	'0'	支付状态
qixi_user_order	eb_user_order	pay_time	timestamp	YES	NULL	支付时间
qixi_user_order	eb_user_order	status	int(11)	NO	'0'	状态：默认1
qixi_user_order	eb_user_order	mer_id	int(11)	YES	NULL	商户ID
qixi_user_order	eb_user_order	uid	int(11)	NO	'0'	用户ID
qixi_user_order	eb_user_order	create_time	timestamp	YES	NULL	
qixi_user_order	eb_user_order	is_del	int(11)	NO	'0'	
qixi_user_order	eb_user_order	admin_id	int(10)	YES	NULL	管理员ID
qixi_user_order	eb_user_order	other	varchar(50)	YES	NULL	其他参数
qixi_user_order	eb_user_order	end_time	timestamp	YES	NULL	
qixi_user_order	eb_user_order	transaction_id	varchar(255)	YES	''	
qixi_user_receipt	eb_user_receipt	user_receipt_id	int(10)	NO		
qixi_user_receipt	eb_user_receipt	receipt_type	tinyint(1)	YES	'0'	发票类型：1.普通发票，2.增值税发票
qixi_user_receipt	eb_user_receipt	receipt_title	varchar(128)	YES	''	发票抬头
qixi_user_receipt	eb_user_receipt	receipt_title_type	varchar(255)	YES	'0'	发票抬头类型：1.个人，2.企业
qixi_user_receipt	eb_user_receipt	duty_paragraph	varchar(255)	YES	''	税号
qixi_user_receipt	eb_user_receipt	email	varchar(255)	YES	''	邮箱
qixi_user_receipt	eb_user_receipt	bank_name	varchar(255)	YES	''	开户行
qixi_user_receipt	eb_user_receipt	bank_code	varchar(255)	YES	'0'	银行账号
qixi_user_receipt	eb_user_receipt	address	varchar(255)	YES	''	企业地址
qixi_user_receipt	eb_user_receipt	tel	varchar(255)	YES	''	企业电话
qixi_user_receipt	eb_user_receipt	is_default	tinyint(4)	NO	'0'	是否默认
qixi_user_receipt	eb_user_receipt	uid	int(11)	NO	'0'	用户ID
qixi_user_receipt	eb_user_receipt	is_del	tinyint(1)	YES	'0'	
qixi_user_receipt	eb_user_receipt	create_time	timestamp	YES	NULL	
qixi_user_recharge	eb_user_recharge	recharge_id	int(10)	NO		
qixi_user_recharge	eb_user_recharge	uid	int(10)	NO		充值用户UID
qixi_user_recharge	eb_user_recharge	order_id	varchar(32)	NO		订单号
qixi_user_recharge	eb_user_recharge	price	decimal(8,2)	NO	'0.00'	充值金额
qixi_user_recharge	eb_user_recharge	give_price	decimal(8,2)	NO	'0.00'	购买赠送金额
qixi_user_recharge	eb_user_recharge	recharge_type	varchar(32)	NO		充值类型
qixi_user_recharge	eb_user_recharge	paid	tinyint(3)	NO	'0'	是否充值
qixi_user_recharge	eb_user_recharge	pay_time	timestamp	YES	NULL	充值支付时间
qixi_user_recharge	eb_user_recharge	create_time	timestamp	NO	CURRENT_TIMESTAMP	充值时间
qixi_user_recharge	eb_user_recharge	refund_price	decimal(10,2)	YES	'0.00'	退款金额
qixi_user_relation	eb_user_relation	uid	int(10)	NO		用户ID
qixi_user_relation	eb_user_relation	type_id	int(10)	NO		类型的 id
qixi_user_relation	eb_user_relation	type	tinyint(4)	NO	'0'	关联类型(0 普通商品、1秒杀2、预售3、助力4、拼团、10 = 店铺、12=购买过)
qixi_user_relation	eb_user_relation	create_time	timestamp	NO	CURRENT_TIMESTAMP	添加时间
qixi_user_sign	eb_user_sign	sign_id	int(11)	NO		
qixi_user_sign	eb_user_sign	uid	int(11)	NO	'0'	用户uid
qixi_user_sign	eb_user_sign	title	varchar(255)	NO	''	签到说明
qixi_user_sign	eb_user_sign	number	int(11)	NO	'0'	获得积分
qixi_user_sign	eb_user_sign	integral	int(11)	NO	'0'	剩余积分
qixi_user_sign	eb_user_sign	sign_num	int(10)	NO	'0'	连续签到天数
qixi_user_sign	eb_user_sign	create_time	timestamp	NO	CURRENT_TIMESTAMP	添加时间
qixi_user_spread_log	eb_user_spread_log	user_spread_log_id	int(10)	NO		
qixi_user_spread_log	eb_user_spread_log	uid	int(10)	NO		uid
qixi_user_spread_log	eb_user_spread_log	old_spread_uid	int(10)	NO		原来的推荐人uid
qixi_user_spread_log	eb_user_spread_log	spread_uid	int(10)	NO		新的推荐人 uid
qixi_user_spread_log	eb_user_spread_log	admin_id	int(10)	NO		修改的管理员
qixi_user_spread_log	eb_user_spread_log	create_time	timestamp	YES	CURRENT_TIMESTAMP	
qixi_user_visit	eb_user_visit	user_visit_id	int(11)	NO		
qixi_user_visit	eb_user_visit	uid	int(11)	YES	NULL	用户ID
qixi_user_visit	eb_user_visit	type	varchar(32)	NO		记录类型
qixi_user_visit	eb_user_visit	type_id	int(11)	NO	'0'	商品ID
qixi_user_visit	eb_user_visit	content	varchar(255)	YES	NULL	备注描述
qixi_user_visit	eb_user_visit	create_time	timestamp	NO	CURRENT_TIMESTAMP	添加时间
qixi_wechat_news	eb_wechat_news	wechat_news_id	int(10)	NO		图文消息管理ID
qixi_wechat_news	eb_wechat_news	mer_id	int(11)	YES	'0'	商户id
qixi_wechat_news	eb_wechat_news	status	tinyint(3)	NO	'1'	状态
qixi_wechat_news	eb_wechat_news	create_time	timestamp	NO	CURRENT_TIMESTAMP	添加时间
qixi_wechat_qrcode	eb_wechat_qrcode	wechat_qrcode_id	int(10)	NO		微信二维码ID
qixi_wechat_qrcode	eb_wechat_qrcode	third_type	varchar(32)	NO		二维码类型
qixi_wechat_qrcode	eb_wechat_qrcode	third_id	int(10)	NO		类型id
qixi_wechat_qrcode	eb_wechat_qrcode	ticket	varchar(255)	NO		二维码参数
qixi_wechat_qrcode	eb_wechat_qrcode	expire_seconds	int(10)	NO	'0'	二维码有效时间
qixi_wechat_qrcode	eb_wechat_qrcode	status	tinyint(3)	NO	'1'	状态
qixi_wechat_qrcode	eb_wechat_qrcode	url	varchar(255)	NO		微信访问url
qixi_wechat_qrcode	eb_wechat_qrcode	qrcode_url	varchar(255)	NO		微信二维码url
qixi_wechat_qrcode	eb_wechat_qrcode	scan	int(10)	NO	'0'	被扫的次数
qixi_wechat_qrcode	eb_wechat_qrcode	create_time	timestamp	NO	CURRENT_TIMESTAMP	添加时间
qixi_wechat_reply	eb_wechat_reply	wechat_reply_id	mediumint(8)	NO		微信关键字回复id
qixi_wechat_reply	eb_wechat_reply	key	varchar(64)	NO		关键字
qixi_wechat_reply	eb_wechat_reply	type	varchar(32)	NO		回复类型
qixi_wechat_reply	eb_wechat_reply	data	text	NO		回复数据
qixi_wechat_reply	eb_wechat_reply	status	tinyint(3)	NO	'1'	0=不可用  1 =可用
qixi_wechat_reply	eb_wechat_reply	hidden	tinyint(3)	NO	'0'	是否显示
qixi_wechat_reply	eb_wechat_reply	create_time	datetime	NO	CURRENT_TIMESTAMP	
qixi_wechat_user	eb_wechat_user	wechat_user_id	int(10)	NO		微信用户id
qixi_wechat_user	eb_wechat_user	unionid	varchar(60)	YES	NULL	只有在用户将公众号绑定到微信开放平台帐号后，才会出现该字段
qixi_wechat_user	eb_wechat_user	openid	varchar(30)	YES	NULL	用户的标识，对当前公众号唯一
qixi_wechat_user	eb_wechat_user	routine_openid	varchar(32)	YES	NULL	小程序唯一身份ID
qixi_wechat_user	eb_wechat_user	nickname	varchar(64)	NO		用户的昵称
qixi_wechat_user	eb_wechat_user	headimgurl	varchar(256)	NO		用户头像
qixi_wechat_user	eb_wechat_user	sex	tinyint(3)	NO	'0'	用户的性别，值为1时是男性，值为2时是女性，值为0时是未知
qixi_wechat_user	eb_wechat_user	city	varchar(32)	NO		用户所在城市
qixi_wechat_user	eb_wechat_user	language	varchar(32)	NO		用户的语言，简体中文为zh_CN
qixi_wechat_user	eb_wechat_user	province	varchar(32)	NO		用户所在省份
qixi_wechat_user	eb_wechat_user	country	varchar(32)	NO		用户所在国家
qixi_wechat_user	eb_wechat_user	remark	varchar(256)	YES	NULL	公众号运营者对粉丝的备注，公众号运营者可在微信公众平台用户管理界面对粉丝添加备注
qixi_wechat_user	eb_wechat_user	groupid	smallint(5)	YES	'0'	用户所在的分组ID（兼容旧的用户分组接口）
qixi_wechat_user	eb_wechat_user	tagid_list	varchar(256)	YES	NULL	用户被打上的标签ID列表
qixi_wechat_user	eb_wechat_user	subscribe	tinyint(3)	YES	'0'	用户是否订阅该公众号标识
qixi_wechat_user	eb_wechat_user	subscribe_time	int(10)	YES	NULL	关注公众号时间
qixi_wechat_user	eb_wechat_user	session_key	varchar(32)	YES	NULL	小程序用户会话密匙
qixi_wechat_user	eb_wechat_user	user_type	varchar(32)	YES	'wechat'	用户类型
qixi_wechat_user	eb_wechat_user	create_time	timestamp	YES	CURRENT_TIMESTAMP	创建时间
