portal	method	path	title	handler	confidence	functional_note	controller_file	controller_method	params
商户后台	POST	mer/activity/label/batch_create	batchCreate	merchant.store.StoreActivityLabel/batchCreate	high		app/controller/merchant/store/StoreActivityLabel.php	batchCreate	product_ids,label_ids,type
商户后台	GET	mer/activity/label/options	options	merchant.store.StoreActivityLabel/options	high		app/controller/merchant/store/StoreActivityLabel.php	options	
商户后台	GET	mer/activity/label/select	select	merchant.store.StoreActivityLabel/select	high		app/controller/merchant/store/StoreActivityLabel.php	select	
商户后台	GET	mer/ajcaptcha	ajcaptcha	api.Auth/ajcaptcha	high		app/controller/api/Auth.php	ajcaptcha	captchaType
商户后台	POST	mer/ajcheck	ajcheck	api.Auth/ajcheck	high		app/controller/api/Auth.php	ajcheck	token,pointJson,captchaType
商户后台	POST	mer/ajstatus	ajCaptchaStatus	merchant.system.admin.Login/ajCaptchaStatus	high		app/controller/merchant/system/admin/Login.php	ajCaptchaStatus	account
商户后台	GET	mer/analytics/order/line_chart	折线图统计	admin.analytics.StoreOrder/lineChart	high		app/controller/admin/analytics/StoreOrder.php	lineChart	date
商户后台	GET	mer/analytics/order/pie_chart/:type	折线图统计	admin.analytics.StoreOrder/typePieCahrt	high		app/controller/admin/analytics/StoreOrder.php	typePieCahrt	type,date
商户后台	GET	mer/analytics/order/top	顶部统计	admin.analytics.StoreOrder/top	high		app/controller/admin/analytics/StoreOrder.php	top	date
商户后台	GET	mer/analytics/product/line_chart	折线图统计	admin.analytics.StoreProduct/lineChart	high		app/controller/admin/analytics/StoreProduct.php	lineChart	date
商户后台	GET	mer/analytics/product/pie_chart/:type	折线图统计	admin.analytics.StoreProduct/typePieCahrt	high		app/controller/admin/analytics/StoreProduct.php	typePieCahrt	type
商户后台	GET	mer/analytics/product/top	顶部统计	admin.analytics.StoreProduct/top	high		app/controller/admin/analytics/StoreProduct.php	top	date
商户后台	GET	mer/applyments/areas	areas	merchant.system.MerchantApplyments/areas	high		app/controller/merchant/system/MerchantApplyments.php	areas	province_code
商户后台	GET	mer/applyments/banks	banks	merchant.system.MerchantApplyments/banks	high		app/controller/merchant/system/MerchantApplyments.php	banks	type,limit,offset
商户后台	GET	mer/applyments/banks/branches	branches	merchant.system.MerchantApplyments/branches	high		app/controller/merchant/system/MerchantApplyments.php	branches	bank_alias_code,city_code,limit,offset
商户后台	GET	mer/applyments/check	查询审核结果	merchant.system.MerchantApplyments/check	high		app/controller/merchant/system/MerchantApplyments.php	check	
商户后台	POST	mer/applyments/create	申请	merchant.system.MerchantApplyments/create	high		app/controller/merchant/system/MerchantApplyments.php	create	type
商户后台	GET	mer/applyments/detail	详情	merchant.system.MerchantApplyments/detail	high		app/controller/merchant/system/MerchantApplyments.php	detail	
商户后台	GET	mer/applyments/index	index	merchant.system.MerchantApplyments/index	high		app/controller/merchant/system/MerchantApplyments.php	index	
商户后台	POST	mer/applyments/update/:id	编辑	merchant.system.MerchantApplyments/update	high		app/controller/merchant/system/MerchantApplyments.php	update	id,type
商户后台	POST	mer/applyments/upload/:field	上传图片	merchant.system.MerchantApplyments/uploadImage	high		app/controller/merchant/system/MerchantApplyments.php	uploadImage	field,water
商户后台	POST	mer/applyments/upload/video/:field	上传视频	merchant.system.MerchantApplyments/uploadVideo	high		app/controller/merchant/system/MerchantApplyments.php	uploadVideo	field
商户后台	POST	mer/auto_label/create	添加	merchant.user.LabelRule/create	high		app/controller/merchant/user/LabelRule.php	create	label_name,min,max,type,data
商户后台	DELETE	mer/auto_label/delete/:id	删除	merchant.user.LabelRule/delete	high		app/controller/merchant/user/LabelRule.php	delete	id
商户后台	GET	mer/auto_label/lst	列表	merchant.user.LabelRule/getList	high		app/controller/merchant/user/LabelRule.php	getList	page,limit,keyword,type
商户后台	POST	mer/auto_label/sync/:id	自动同步	merchant.user.LabelRule/sync	high		app/controller/merchant/user/LabelRule.php	sync	id
商户后台	POST	mer/auto_label/update/:id	编辑	merchant.user.LabelRule/update	high		app/controller/merchant/user/LabelRule.php	update	id
商户后台	POST	mer/broadcast/assistant/create	添加	merchant.store.broadcast.BroadcastAssistant/create	high		app/controller/merchant/store/broadcast/BroadcastAssistant.php	create	username,nickname,mark
商户后台	GET	mer/broadcast/assistant/create/form	添加表单	merchant.store.broadcast.BroadcastAssistant/createForm	high		app/controller/merchant/store/broadcast/BroadcastAssistant.php	createForm	
商户后台	DELETE	mer/broadcast/assistant/delete/:id	删除	merchant.store.broadcast.BroadcastAssistant/delete	high		app/controller/merchant/store/broadcast/BroadcastAssistant.php	delete	id
商户后台	GET	mer/broadcast/assistant/lst	列表	merchant.store.broadcast.BroadcastAssistant/lst	high		app/controller/merchant/store/broadcast/BroadcastAssistant.php	lst	page,limit,username,nickname
商户后台	POST	mer/broadcast/assistant/mark/:id	备注	merchant.store.broadcast.BroadcastAssistant/mark	stale		app/controller/merchant/store/broadcast/BroadcastAssistant.php	mark	
商户后台	POST	mer/broadcast/assistant/update/:id	编辑	merchant.store.broadcast.BroadcastAssistant/update	high		app/controller/merchant/store/broadcast/BroadcastAssistant.php	update	id
商户后台	GET	mer/broadcast/assistant/update/:id/form	编辑表单	merchant.store.broadcast.BroadcastAssistant/updateForm	high		app/controller/merchant/store/broadcast/BroadcastAssistant.php	updateForm	id
商户后台	POST	mer/broadcast/goods/batch_create	批量添加	merchant.store.broadcast.BroadcastGoods/batchCreate	high		app/controller/merchant/store/broadcast/BroadcastGoods.php	batchCreate	goods
商户后台	POST	mer/broadcast/goods/create	添加	merchant.store.broadcast.BroadcastGoods/create	high		app/controller/merchant/store/broadcast/BroadcastGoods.php	create	name,cover_img,product_id,price
商户后台	GET	mer/broadcast/goods/create/form	添加表单	merchant.store.broadcast.BroadcastGoods/createForm	high		app/controller/merchant/store/broadcast/BroadcastGoods.php	createForm	
商户后台	DELETE	mer/broadcast/goods/delete/:id	删除	merchant.store.broadcast.BroadcastGoods/delete	high		app/controller/merchant/store/broadcast/BroadcastGoods.php	delete	id
商户后台	GET	mer/broadcast/goods/detail/:id	详情	merchant.store.broadcast.BroadcastGoods/detail	high		app/controller/merchant/store/broadcast/BroadcastGoods.php	detail	id
商户后台	GET	mer/broadcast/goods/lst	列表	merchant.store.broadcast.BroadcastGoods/lst	high		app/controller/merchant/store/broadcast/BroadcastGoods.php	lst	page,limit,status_tag,keyword,mer_valid,broadcast_goods_id
商户后台	POST	mer/broadcast/goods/mark/:id	备注	merchant.store.broadcast.BroadcastGoods/mark	high		app/controller/merchant/store/broadcast/BroadcastGoods.php	mark	id,mark
商户后台	POST	mer/broadcast/goods/status/:id	修改状态	merchant.store.broadcast.BroadcastGoods/changeStatus	high		app/controller/merchant/store/broadcast/BroadcastGoods.php	changeStatus	id,is_show
商户后台	POST	mer/broadcast/goods/update/:id	编辑	merchant.store.broadcast.BroadcastGoods/update	high		app/controller/merchant/store/broadcast/BroadcastGoods.php	update	id
商户后台	GET	mer/broadcast/goods/update/form/:id	编辑表单	merchant.store.broadcast.BroadcastGoods/updateForm	high		app/controller/merchant/store/broadcast/BroadcastGoods.php	updateForm	id
商户后台	POST	mer/broadcast/room/addassistant/:id	添加 客服	merchant.store.broadcast.BroadcastRoom/addAssistant	high		app/controller/merchant/store/broadcast/BroadcastRoom.php	addAssistant	id,assistant_id
商户后台	GET	mer/broadcast/room/addassistant/form/:id	添加客服表单	merchant.store.broadcast.BroadcastRoom/addAssistantForm	high		app/controller/merchant/store/broadcast/BroadcastRoom.php	addAssistantForm	id
商户后台	POST	mer/broadcast/room/closeKf/:id	关闭客服	merchant.store.broadcast.BroadcastRoom/closeKf	high		app/controller/merchant/store/broadcast/BroadcastRoom.php	closeKf	id,status
商户后台	POST	mer/broadcast/room/comment/:id	禁言	merchant.store.broadcast.BroadcastRoom/banComment	high		app/controller/merchant/store/broadcast/BroadcastRoom.php	banComment	id,status
商户后台	POST	mer/broadcast/room/create	添加	merchant.store.broadcast.BroadcastRoom/create	high		app/controller/merchant/store/broadcast/BroadcastRoom.php	create	name,cover_img,share_img,anchor_name,anchor_wechat,phone,start_time,type,screen_type,close_like,close_goods,close_comment,replay_status,close_share,close_kf,feeds_img,is_feeds_public
商户后台	GET	mer/broadcast/room/create/form	添加表单	merchant.store.broadcast.BroadcastRoom/createForm	high		app/controller/merchant/store/broadcast/BroadcastRoom.php	createForm	
商户后台	DELETE	mer/broadcast/room/delete/:id	删除	merchant.store.broadcast.BroadcastRoom/delete	high		app/controller/merchant/store/broadcast/BroadcastRoom.php	delete	id
商户后台	GET	mer/broadcast/room/detail/:id	详情	merchant.store.broadcast.BroadcastRoom/detail	high		app/controller/merchant/store/broadcast/BroadcastRoom.php	detail	id
商户后台	POST	mer/broadcast/room/export_goods	导入商品	merchant.store.broadcast.BroadcastRoom/exportGoods	high		app/controller/merchant/store/broadcast/BroadcastRoom.php	exportGoods	ids,room_id
商户后台	POST	mer/broadcast/room/feedsPublic/:id	收录	merchant.store.broadcast.BroadcastRoom/isFeedsPublic	high		app/controller/merchant/store/broadcast/BroadcastRoom.php	isFeedsPublic	id,status
商户后台	GET	mer/broadcast/room/goods/:id	商品详情	merchant.store.broadcast.BroadcastRoom/goodsList	high		app/controller/merchant/store/broadcast/BroadcastRoom.php	goodsList	id,page,limit
商户后台	GET	mer/broadcast/room/lst	列表 	merchant.store.broadcast.BroadcastRoom/lst	high		app/controller/merchant/store/broadcast/BroadcastRoom.php	lst	page,limit,keyword,status_tag,show_tag,show_type,live_status,broadcast_room_id
商户后台	POST	mer/broadcast/room/mark/:id	备注	merchant.store.broadcast.BroadcastRoom/mark	high		app/controller/merchant/store/broadcast/BroadcastRoom.php	mark	id,mark
商户后台	POST	mer/broadcast/room/on_sale/:id	商品上下架	merchant.store.broadcast.BroadcastRoom/onSale	high		app/controller/merchant/store/broadcast/BroadcastRoom.php	onSale	id,status,goods_id
商户后台	GET	mer/broadcast/room/push_message/:id	消息推送	merchant.store.broadcast.BroadcastRoom/pushMessage	high		app/controller/merchant/store/broadcast/BroadcastRoom.php	pushMessage	id
商户后台	POST	mer/broadcast/room/rm_goods	删除商品	merchant.store.broadcast.BroadcastRoom/rmExportGoods	high		app/controller/merchant/store/broadcast/BroadcastRoom.php	rmExportGoods	id,room_id
商户后台	POST	mer/broadcast/room/status/:id	修改状态	merchant.store.broadcast.BroadcastRoom/changeStatus	high		app/controller/merchant/store/broadcast/BroadcastRoom.php	changeStatus	id,is_show
商户后台	POST	mer/broadcast/room/update/:id	编辑	merchant.store.broadcast.BroadcastRoom/update	high		app/controller/merchant/store/broadcast/BroadcastRoom.php	update	id
商户后台	GET	mer/broadcast/room/update/form/:id	编辑表单	merchant.store.broadcast.BroadcastRoom/updateForm	high		app/controller/merchant/store/broadcast/BroadcastRoom.php	updateForm	id
商户后台	GET	mer/captcha	getCaptcha	merchant.system.admin.Login/getCaptcha	high		app/controller/merchant/system/admin/Login.php	getCaptcha	
商户后台	GET	mer/change/color	一键换色	admin.Common/getChangeColor	high		app/controller/admin/Common.php	getChangeColor	
商户后台	GET	mer/community/cate/lst	分类列表	merchant.store.content.Community/cateLst	high		app/controller/merchant/store/content/Community.php	cateLst	
商户后台	POST	mer/community/create	添加	merchant.store.content.Community/create	high		app/controller/merchant/store/content/Community.php	create	uid
商户后台	DELETE	mer/community/delete/:id	删除	merchant.store.content.Community/delete	high		app/controller/merchant/store/content/Community.php	delete	id
商户后台	GET	mer/community/detail/:id	详情	merchant.store.content.Community/detail	high		app/controller/merchant/store/content/Community.php	detail	id
商户后台	GET	mer/community/lst	列表	merchant.store.content.Community/lst	high		app/controller/merchant/store/content/Community.php	lst	page,limit,keyword,topic_id,category_id,status,is_type,search_type,is_del
商户后台	GET	mer/community/reply/:id	评论	merchant.store.content.Community/reply	high		app/controller/merchant/store/content/Community.php	reply	id,page,limit
商户后台	POST	mer/community/update/:id	编辑	merchant.store.content.Community/update	high		app/controller/merchant/store/content/Community.php	update	id
商户后台	GET	mer/config	config	merchant.Common/config	high		app/controller/merchant/Common.php	config	
商户后台	GET	mer/config/:key	配置获取	admin.system.config.Config/form	high		app/controller/admin/system/config/Config.php	form	key,tab_id
商户后台	POST	mer/config/:type	saveConfig	merchant.Common/saveConfig	high		app/controller/merchant/Common.php	saveConfig	type
商户后台	GET	mer/config/others/group_buying	拼团配置	admin.system.config.ConfigOthers/getGroupBuying	high		app/controller/admin/system/config/ConfigOthers.php	getGroupBuying	
商户后台	POST	mer/config/save/:key	配置保存	admin.system.config.ConfigValue/save	high		app/controller/admin/system/config/ConfigValue.php	save	key
商户后台	GET	mer/delivery/config/settings	配送设置信息	merchant.store.delivery.DeliveryConfig/configuration	high		app/controller/merchant/store/delivery/DeliveryConfig.php	configuration	
商户后台	POST	mer/delivery/config/update/:id	更新配送设置信息	merchant.store.delivery.DeliveryConfig/update	high		app/controller/merchant/store/delivery/DeliveryConfig.php	update	id,mer_delivery_type,mer_delivery_order_status,dada_app_key,dada_app_sercret,dada_source_id,uupt_appkey,uupt_app_id,uupt_open_id,min_delivery_amount,base_shipping_fee,free_shipping_amount,is_premium_stack_enabled,distance_premium_config,weight_premium_config,delivery_time_type,selectable_days,delivery_prompt,commission_rate
商户后台	POST	mer/delivery/order/cancel/:id	取消	merchant.store.delivery.DeliveryOrder/cancel	high		app/controller/merchant/store/delivery/DeliveryOrder.php	cancel	id,reason,cancel_reason
商户后台	GET	mer/delivery/order/cancel/:id/form	取消表单	merchant.store.delivery.DeliveryOrder/cancelForm	high		app/controller/merchant/store/delivery/DeliveryOrder.php	cancelForm	id
商户后台	GET	mer/delivery/order/detail/:id	详情	merchant.store.delivery.DeliveryOrder/detail	high		app/controller/merchant/store/delivery/DeliveryOrder.php	detail	id
商户后台	GET	mer/delivery/order/lst	列表	merchant.store.delivery.DeliveryOrder/lst	high		app/controller/merchant/store/delivery/DeliveryOrder.php	lst	page,limit,keyword,station_id,status,date,order_sn,station_type
商户后台	POST	mer/delivery/service/create	添加	merchant.store.delivery.DeliveryService/create	high		app/controller/merchant/store/delivery/DeliveryService.php	create	uid,avatar,name,phone,remark,status,sort,type
商户后台	GET	mer/delivery/service/create/form	添加表单	merchant.store.delivery.DeliveryService/createForm	high		app/controller/merchant/store/delivery/DeliveryService.php	createForm	
商户后台	DELETE	mer/delivery/service/delete/:id	删除	merchant.store.delivery.DeliveryService/delete	high		app/controller/merchant/store/delivery/DeliveryService.php	delete	id
商户后台	GET	mer/delivery/service/lst	列表	merchant.store.delivery.DeliveryService/lst	high		app/controller/merchant/store/delivery/DeliveryService.php	lst	page,limit,keyword,name,status,type,date,uid,phone,nickname
商户后台	GET	mer/delivery/service/options	options	merchant.store.delivery.DeliveryService/options	high		app/controller/merchant/store/delivery/DeliveryService.php	options	
商户后台	GET	mer/delivery/service/statisticsDetail/:id	统计详情	merchant.store.delivery.DeliveryService/statisticsDetail	high		app/controller/merchant/store/delivery/DeliveryService.php	statisticsDetail	id
商户后台	GET	mer/delivery/service/statisticsList	统计列表	merchant.store.delivery.DeliveryService/statisticsList	high		app/controller/merchant/store/delivery/DeliveryService.php	statisticsList	page,limit,name,uid,phone,delivery_date
商户后台	POST	mer/delivery/service/status/:id	修改状态	merchant.store.delivery.DeliveryService/switchWithStatus	high		app/controller/merchant/store/delivery/DeliveryService.php	switchWithStatus	id,status
商户后台	POST	mer/delivery/service/update/:id	编辑	merchant.store.delivery.DeliveryService/update	high		app/controller/merchant/store/delivery/DeliveryService.php	update	id
商户后台	GET	mer/delivery/service/update/:id/form	编辑	merchant.store.delivery.DeliveryService/updateForm	high		app/controller/merchant/store/delivery/DeliveryService.php	updateForm	id
商户后台	GET	mer/delivery/station/business	获取分类	merchant.store.delivery.DeliveryStation/getBusiness	high		app/controller/merchant/store/delivery/DeliveryStation.php	getBusiness	type
商户后台	GET	mer/delivery/station/code	充值二维码	merchant.store.delivery.DeliveryStation/getQrcode	high		app/controller/merchant/store/delivery/DeliveryStation.php	getQrcode	pay_type,price
商户后台	POST	mer/delivery/station/create	添加	merchant.store.delivery.DeliveryStation/create	high		app/controller/merchant/store/delivery/DeliveryStation.php	create	station_name,business,station_address,lng,lat,contact_name,phone,username,password,status,city_name,card_number,business_date,business_time_start,business_time_end,switch_city,switch_take,bind_type,origin_shop_id,range_type,radius,region,fence,type
商户后台	DELETE	mer/delivery/station/delete/:id	删除	merchant.store.delivery.DeliveryStation/delete	high		app/controller/merchant/store/delivery/DeliveryStation.php	delete	id
商户后台	GET	mer/delivery/station/detail/:id	详情	merchant.store.delivery.DeliveryStation/detail	high		app/controller/merchant/store/delivery/DeliveryStation.php	detail	id
商户后台	GET	mer/delivery/station/getCity	城市列表	merchant.store.delivery.DeliveryStation/getCityLst	high		app/controller/merchant/store/delivery/DeliveryStation.php	getCityLst	type
商户后台	GET	mer/delivery/station/lst	列表	merchant.store.delivery.DeliveryStation/lst	high		app/controller/merchant/store/delivery/DeliveryStation.php	lst	page,limit,station_name,contact_name,phone,station_address,status,swtich_type
商户后台	POST	mer/delivery/station/mark/:id	备注	merchant.store.delivery.DeliveryStation/mark	high		app/controller/merchant/store/delivery/DeliveryStation.php	mark	id,mark
商户后台	GET	mer/delivery/station/mark/:id/form	备注表单	merchant.store.delivery.DeliveryStation/markForm	high		app/controller/merchant/store/delivery/DeliveryStation.php	markForm	id
商户后台	GET	mer/delivery/station/options	列表	merchant.store.delivery.DeliveryStation/options	high		app/controller/merchant/store/delivery/DeliveryStation.php	options	
商户后台	GET	mer/delivery/station/payLst	充值记录	merchant.store.delivery.DeliveryStation/payLst	high		app/controller/merchant/store/delivery/DeliveryStation.php	payLst	page,limit,date
商户后台	GET	mer/delivery/station/select	列表	merchant.store.delivery.DeliveryStation/select	high		app/controller/merchant/store/delivery/DeliveryStation.php	select	
商户后台	POST	mer/delivery/station/status/:id	编辑状态	merchant.store.delivery.DeliveryStation/switchWithStatus	high		app/controller/merchant/store/delivery/DeliveryStation.php	switchWithStatus	id,status
商户后台	POST	mer/delivery/station/update/:id	编辑	merchant.store.delivery.DeliveryStation/update	high		app/controller/merchant/store/delivery/DeliveryStation.php	update	id
商户后台	POST	mer/discounts/create	添加	merchant.store.product.Discounts/create	high		app/controller/merchant/store/product/Discounts.php	create	
商户后台	DELETE	mer/discounts/delete/:id	删除	merchant.store.product.Discounts/delete	high		app/controller/merchant/store/product/Discounts.php	delete	id
商户后台	GET	mer/discounts/detail/:id	详情	merchant.store.product.Discounts/detail	high		app/controller/merchant/store/product/Discounts.php	detail	id
商户后台	GET	mer/discounts/lst	列表	merchant.store.product.Discounts/lst	high		app/controller/merchant/store/product/Discounts.php	lst	page,limit,keyword,store_name,title,type,status
商户后台	POST	mer/discounts/status/:id	修改状态	merchant.store.product.Discounts/switchStatus	high		app/controller/merchant/store/product/Discounts.php	switchStatus	id,status
商户后台	POST	mer/discounts/update/:id	编辑	merchant.store.product.Discounts/update	high		app/controller/merchant/store/product/Discounts.php	update	id
商户后台	GET	mer/diy/categroy/options	列表 	admin.system.diy.PageCategroy/options	high		app/controller/admin/system/diy/PageCategroy.php	options	type
商户后台	GET	mer/diy/copy/:id	复制	merchant.system.diy.Diy/copy	high		app/controller/merchant/system/diy/Diy.php	copy	id
商户后台	POST	mer/diy/create/:id	添加/编辑	merchant.system.diy.Diy/saveData	high		app/controller/merchant/system/diy/Diy.php	saveData	id,name,title,type,cover_image,is_show,is_bg_color,is_bg_pic,bg_tab_val,color_picker,bg_pic,is_diy
商户后台	GET	mer/diy/default_lst	默认模板列表 	merchant.system.diy.Diy/defaultLst	high		app/controller/merchant/system/diy/Diy.php	defaultLst	page,limit
商户后台	DELETE	mer/diy/delete/:id	删除	merchant.system.diy.Diy/del	high		app/controller/merchant/system/diy/Diy.php	del	id
商户后台	GET	mer/diy/detail/:id	详情 	merchant.system.diy.Diy/getInfo	high		app/controller/merchant/system/diy/Diy.php	getInfo	id
商户后台	GET	mer/diy/link/getLinks/:id	列表	admin.system.diy.PageLink/getLinks	high		app/controller/admin/system/diy/PageLink.php	getLinks	id,page,limit,type
商户后台	GET	mer/diy/link/lst	列表	admin.system.diy.PageLink/lst	high		app/controller/admin/system/diy/PageLink.php	lst	page,limit,status,type
商户后台	GET	mer/diy/lst	列表 	merchant.system.diy.Diy/lst	high		app/controller/merchant/system/diy/Diy.php	lst	page,limit,status,name,version,is_diy
商户后台	GET	mer/diy/product/lst	店铺街装修	merchant.system.diy.Diy/productLst	high		app/controller/merchant/system/diy/Diy.php	productLst	page,limit,store_name,order,cate_pid,star,product_type,mer_cate_id,cate_id,product_ids,store_type_id,mer_store_label_id,delivery_type
商户后台	POST	mer/diy/productCategory/create/:id	保存商品分类	merchant.system.diy.Diy/saveData	high		app/controller/merchant/system/diy/Diy.php	saveData	id,name,title,type,cover_image,is_show,is_bg_color,is_bg_pic,bg_tab_val,color_picker,bg_pic,is_diy
商户后台	GET	mer/diy/productCategory/info	商品分类信息	merchant.system.diy.Diy/productCategoryInfo	high		app/controller/merchant/system/diy/Diy.php	productCategoryInfo	
商户后台	GET	mer/diy/recovery/:id	重置模板	merchant.system.diy.Diy/Recovery	high		app/controller/merchant/system/diy/Diy.php	Recovery	id
商户后台	GET	mer/diy/review/:id	review	merchant.system.diy.Diy/review	high		app/controller/merchant/system/diy/Diy.php	review	id
商户后台	POST	mer/diy/set_default_data/:id	使用模板	merchant.system.diy.Diy/setDefaultData	high		app/controller/merchant/system/diy/Diy.php	setDefaultData	id
商户后台	GET	mer/diy/show	当前使用模板	merchant.system.diy.Diy/getInfo	high		app/controller/merchant/system/diy/Diy.php	getInfo	
商户后台	POST	mer/diy/status/:id	使用模板	merchant.system.diy.Diy/setStatus	high		app/controller/merchant/system/diy/Diy.php	setStatus	id
商户后台	GET	mer/dump_lst	使用记录	admin.system.serve.Export/dumpLst	high		app/controller/admin/system/serve/Export.php	dumpLst	page,limit,date,mer_id
商户后台	GET	mer/excel/download/:type	downloadExpress	merchant.store.Excel/downloadExpress	high		app/controller/merchant/store/Excel.php	downloadExpress	type
商户后台	POST	mer/expr/changeMerStatus/:id	修改状态	admin.store.Express/merStatus	high		app/controller/admin/store/Express.php	merStatus	id,mer_status
商户后台	GET	mer/expr/dump_lst	默认模板	admin.system.serve.Export/dumpLst	high		app/controller/admin/system/serve/Export.php	dumpLst	page,limit,date,mer_id
商户后台	GET	mer/expr/lst	列表	admin.store.Express/lst	high		app/controller/admin/store/Express.php	lst	page,limit,keyword,code
商户后台	GET	mer/expr/options	列表	admin.store.Express/options	high		app/controller/admin/store/Express.php	options	
商户后台	POST	mer/expr/partner/:id	月结账号编辑	admin.store.Express/partner	high		app/controller/admin/store/Express.php	partner	id,account,key,net_name
商户后台	GET	mer/expr/partner/:id/form	月结账号编辑表单	admin.store.Express/partnerForm	high		app/controller/admin/store/Express.php	partnerForm	id
商户后台	GET	mer/expr/temps	预览	admin.system.serve.Export/getExportTemp	high		app/controller/admin/system/serve/Export.php	getExportTemp	com
商户后台	POST	mer/financial/account	收款方式	merchant.system.financial.Financial/accountSave	high		app/controller/merchant/system/financial/Financial.php	accountSave	account,financial_type,name,bank,bank_code,wechat,wechat_code,alipay,alipay_code
商户后台	GET	mer/financial/account/form	收款方式表单	merchant.system.financial.Financial/accountForm	high		app/controller/merchant/system/financial/Financial.php	accountForm	
商户后台	POST	mer/financial/create	申请	merchant.system.financial.Financial/createSave	high		app/controller/merchant/system/financial/Financial.php	createSave	
商户后台	GET	mer/financial/create/form	申请表单	merchant.system.financial.Financial/createForm	high		app/controller/merchant/system/financial/Financial.php	createForm	
商户后台	DELETE	mer/financial/delete/:id	删除	merchant.system.financial.Financial/delete	high		app/controller/merchant/system/financial/Financial.php	delete	id
商户后台	GET	mer/financial/detail/:id	详情	merchant.system.financial.Financial/detail	high		app/controller/merchant/system/financial/Financial.php	detail	id
商户后台	GET	mer/financial/export	导出	merchant.system.financial.Financial/export	high		app/controller/merchant/system/financial/Financial.php	export	page,limit,date,status,financial_type,financial_status,keyword
商户后台	GET	mer/financial/lst	转账记录	merchant.system.financial.Financial/lst	high		app/controller/merchant/system/financial/Financial.php	lst	page,limit,date,status,financial_type,financial_status,keyword
商户后台	POST	mer/financial/mark/:id	备注	merchant.system.financial.Financial/mark	high		app/controller/merchant/system/financial/Financial.php	mark	id,mark
商户后台	GET	mer/financial/mark/:id/form	备注表单	merchant.system.financial.Financial/markForm	high		app/controller/merchant/system/financial/Financial.php	markForm	id
商户后台	POST	mer/financial/refund/margin	列表	merchant.system.financial.Financial/refundMargin	high		app/controller/merchant/system/financial/Financial.php	refundMargin	
商户后台	POST	mer/financial/refund/margin_apply	退保证金申请	merchant.system.financial.Financial/refundMarginApply	high		app/controller/merchant/system/financial/Financial.php	refundMarginApply	type,name,code,pic
商户后台	GET	mer/financial_record/count	统计	admin.system.merchant.FinancialRecord/title	high		app/controller/admin/system/merchant/FinancialRecord.php	title	date
商户后台	GET	mer/financial_record/detail/:type	详情	admin.system.merchant.FinancialRecord/detail	high		app/controller/admin/system/merchant/FinancialRecord.php	detail	type,date
商户后台	GET	mer/financial_record/detail_export/:type	导出	admin.system.merchant.FinancialRecord/exportDetail	high		app/controller/admin/system/merchant/FinancialRecord.php	exportDetail	type,page,limit,date
商户后台	GET	mer/financial_record/export	导出	admin.system.merchant.FinancialRecord/export	high		app/controller/admin/system/merchant/FinancialRecord.php	export	page,limit,keyword,date,mer_id
商户后台	GET	mer/financial_record/list	列表	admin.system.merchant.FinancialRecord/lst	high		app/controller/admin/system/merchant/FinancialRecord.php	lst	page,limit,keyword,date,mer_id,uid,real_name,nickname,order_sn,pay_type
商户后台	GET	mer/financial_record/lst	列表	admin.system.merchant.FinancialRecord/getList	high		app/controller/admin/system/merchant/FinancialRecord.php	getList	page,limit,type,date
商户后台	GET	mer/financial_record/title	统计	admin.system.merchant.FinancialRecord/getTitle	high		app/controller/admin/system/merchant/FinancialRecord.php	getTitle	date
商户后台	POST	mer/getMerchantMenusList	getMenusList	admin.system.auth.Menu/getMenusList	high		app/controller/admin/system/auth/Menu.php	getMenusList	is_mer,keyword
商户后台	POST	mer/group/data/create/:groupId	数据添加	admin.system.groupData.GroupData/create	high		app/controller/admin/system/groupData/GroupData.php	create	groupId,sort,status
商户后台	GET	mer/group/data/create/table/:groupId	数据添加表单	admin.system.groupData.GroupData/createTable	high		app/controller/admin/system/groupData/GroupData.php	createTable	groupId
商户后台	DELETE	mer/group/data/delete/:id	数据删除	admin.system.groupData.GroupData/delete	high		app/controller/admin/system/groupData/GroupData.php	delete	id
商户后台	GET	mer/group/data/detail/:id	baseDetail	admin.system.groupData.GroupData/baseDetail	high		app/controller/admin/system/groupData/GroupData.php	baseDetail	id
商户后台	GET	mer/group/data/lst/:groupId	数据列表	admin.system.groupData.GroupData/lst	high		app/controller/admin/system/groupData/GroupData.php	lst	groupId,page,limit
商户后台	POST	mer/group/data/status/:id	数据修改状态	admin.system.groupData.GroupData/changeStatus	high		app/controller/admin/system/groupData/GroupData.php	changeStatus	id,status
商户后台	POST	mer/group/data/update/:groupId/:id	数据编辑	admin.system.groupData.GroupData/update	high		app/controller/admin/system/groupData/GroupData.php	update	groupId,id,sort,status
商户后台	GET	mer/group/data/update/table/:groupId/:id	数据编辑表单	admin.system.groupData.GroupData/updateTable	high		app/controller/admin/system/groupData/GroupData.php	updateTable	groupId,id
商户后台	GET	mer/group/detail/:id	数据详情	admin.system.groupData.Group/get	high		app/controller/admin/system/groupData/Group.php	get	id
商户后台	POST	mer/guarantee/create	添加	merchant.store.guarantee.GuaranteeTemplate/create	high		app/controller/merchant/store/guarantee/GuaranteeTemplate.php	create	template_name,template_value,status,sort
商户后台	DELETE	mer/guarantee/delete/:id	删除	merchant.store.guarantee.GuaranteeTemplate/delete	high		app/controller/merchant/store/guarantee/GuaranteeTemplate.php	delete	id
商户后台	GET	mer/guarantee/detail/:id	详情	merchant.store.guarantee.GuaranteeTemplate/detail	high		app/controller/merchant/store/guarantee/GuaranteeTemplate.php	detail	id
商户后台	GET	mer/guarantee/list	列表	merchant.store.guarantee.GuaranteeTemplate/list	high		app/controller/merchant/store/guarantee/GuaranteeTemplate.php	list	
商户后台	GET	mer/guarantee/lst	列表	merchant.store.guarantee.GuaranteeTemplate/lst	high		app/controller/merchant/store/guarantee/GuaranteeTemplate.php	lst	page,limit,date,keyword
商户后台	GET	mer/guarantee/select	筛选	merchant.store.guarantee.GuaranteeTemplate/select	high		app/controller/merchant/store/guarantee/GuaranteeTemplate.php	select	keyword
商户后台	POST	mer/guarantee/sort/:id	排序	merchant.store.guarantee.GuaranteeTemplate/sort	high		app/controller/merchant/store/guarantee/GuaranteeTemplate.php	sort	id,sort
商户后台	POST	mer/guarantee/status/:id	修改状态	merchant.store.guarantee.GuaranteeTemplate/switchStatus	high		app/controller/merchant/store/guarantee/GuaranteeTemplate.php	switchStatus	id,status
商户后台	POST	mer/guarantee/update/:id	编辑	merchant.store.guarantee.GuaranteeTemplate/update	high		app/controller/merchant/store/guarantee/GuaranteeTemplate.php	update	id,template_name,template_value,status,sort
商户后台	GET	mer/info	info	merchant.system.Merchant/info	high		app/controller/merchant/system/Merchant.php	info	
商户后台	POST	mer/info/update	资料更新	merchant.system.Merchant/update	high		app/controller/merchant/system/Merchant.php	update	mer_info,mer_certificate,service_phone,mer_avatar,mer_banner,mer_state,mini_banner,mer_keyword,mer_address,long,lat,delivery_way,mer_take_day,mer_take_time,type
商户后台	GET	mer/integral/lst	列表	merchant.user.UserIntegral/getList	high		app/controller/merchant/user/UserIntegral.php	getList	page,limit,keyword,date
商户后台	GET	mer/integral/title	统计	merchant.user.UserIntegral/getTitle	high		app/controller/merchant/user/UserIntegral.php	getTitle	
商户后台	POST	mer/login	login	merchant.system.admin.Login/login	high		app/controller/merchant/system/admin/Login.php	login	account,password,code,key,captchaType,captchaVerification,token
商户后台	GET	mer/login_config	loginConfig	admin.Common/loginConfig	high		app/controller/admin/Common.php	loginConfig	
商户后台	GET	mer/logout	logout	merchant.system.admin.Login/logout	high		app/controller/merchant/system/admin/Login.php	logout	
商户后台	GET	mer/manager/user/lst	managerUserLst	merchant.user.UserMerchant/managerUserLst	high		app/controller/merchant/user/UserMerchant.php	managerUserLst	page,limit,keyword
商户后台	GET	mer/margin/code	getMarginQrCode	merchant.system.Merchant/getMarginQrCode	high		app/controller/merchant/system/Merchant.php	getMarginQrCode	type
商户后台	GET	mer/margin/lst	getMarginLst	merchant.system.Merchant/getMarginLst	high		app/controller/merchant/system/Merchant.php	getMarginLst	page,limit
商户后台	GET	mer/margin/make_code	getMarginQrCode	merchant.system.Merchant/getMarginQrCode	high		app/controller/merchant/system/Merchant.php	getMarginQrCode	type
商户后台	GET	mer/menus	merchantMenus	admin.system.auth.Menu/merchantMenus	high		app/controller/admin/system/auth/Menu.php	merchantMenus	
商户后台	POST	mer/menus	merchantMenus	admin.system.auth.Menu/merchantMenus	high		app/controller/admin/system/auth/Menu.php	merchantMenus	
商户后台	DELETE	mer/notice/del/:id	删除	merchant.system.notice.SystemNoticeLog/del	high		app/controller/merchant/system/notice/SystemNoticeLog.php	del	id
商户后台	GET	mer/notice/detail/:id	详情	merchant.system.notice.SystemNoticeLog/detail	high		app/controller/merchant/system/notice/SystemNoticeLog.php	detail	id
商户后台	GET	mer/notice/lst	列表	merchant.system.notice.SystemNoticeLog/lst	high		app/controller/merchant/system/notice/SystemNoticeLog.php	lst	page,limit,is_read,date,keyword
商户后台	POST	mer/notice/read/:id	已读	merchant.system.notice.SystemNoticeLog/read	high		app/controller/merchant/system/notice/SystemNoticeLog.php	read	id
商户后台	GET	mer/notice/unread_count	未读统计	merchant.system.notice.SystemNoticeLog/unreadCount	high		app/controller/merchant/system/notice/SystemNoticeLog.php	unreadCount	
商户后台	POST	mer/openapi/create	添加	merchant.system.openapi.OpenApi/create	high		app/controller/merchant/system/openapi/OpenApi.php	create	title,status,mark,auth,sort
商户后台	GET	mer/openapi/create/form	添加Form	merchant.system.openapi.OpenApi/createForm	high		app/controller/merchant/system/openapi/OpenApi.php	createForm	
商户后台	DELETE	mer/openapi/delete/:id	删除	merchant.system.openapi.OpenApi/delete	high		app/controller/merchant/system/openapi/OpenApi.php	delete	id
商户后台	GET	mer/openapi/get_secret_key/:id	查看	merchant.system.openapi.OpenApi/getSecretKey	high		app/controller/merchant/system/openapi/OpenApi.php	getSecretKey	id
商户后台	GET	mer/openapi/lst	列表	merchant.system.openapi.OpenApi/lst	high		app/controller/merchant/system/openapi/OpenApi.php	lst	page,limit,title,access_key,status
商户后台	POST	mer/openapi/set_secret_key/:id	重置	merchant.system.openapi.OpenApi/setSecretKey	high		app/controller/merchant/system/openapi/OpenApi.php	setSecretKey	id
商户后台	POST	mer/openapi/status/:id	修改状态	merchant.system.openapi.OpenApi/switchWithStatus	high		app/controller/merchant/system/openapi/OpenApi.php	switchWithStatus	id,status
商户后台	POST	mer/openapi/update/:id	编辑	merchant.system.openapi.OpenApi/update	high		app/controller/merchant/system/openapi/OpenApi.php	update	id
商户后台	GET	mer/openapi/update/:id/form	编辑Form	merchant.system.openapi.OpenApi/updateForm	high		app/controller/merchant/system/openapi/OpenApi.php	updateForm	id
商户后台	DELETE	mer/product/cdkey/batch_delete	批量删除	merchant.store.product.ProductCdkey/batchDelete	high		app/controller/merchant/store/product/ProductCdkey.php	batchDelete	ids
商户后台	POST	mer/product/cdkey/create	添加卡密	merchant.store.product.ProductCdkey/create	high		app/controller/merchant/store/product/ProductCdkey.php	create	csList,library_id
商户后台	DELETE	mer/product/cdkey/delete/:id	删除卡密	merchant.store.product.ProductCdkey/delete	high		app/controller/merchant/store/product/ProductCdkey.php	delete	id
商户后台	POST	mer/product/cdkey/library/create	添加	merchant.store.product.CdkeyLibrary/create	high		app/controller/merchant/store/product/CdkeyLibrary.php	create	name,remark
商户后台	GET	mer/product/cdkey/library/create/form	添加表单	merchant.store.product.CdkeyLibrary/createForm	high		app/controller/merchant/store/product/CdkeyLibrary.php	createForm	
商户后台	DELETE	mer/product/cdkey/library/delete/:id	删除	merchant.store.product.CdkeyLibrary/delete	high		app/controller/merchant/store/product/CdkeyLibrary.php	delete	id
商户后台	GET	mer/product/cdkey/library/detail/:id	列表	merchant.store.product.CdkeyLibrary/detail	stale		app/controller/merchant/store/product/CdkeyLibrary.php	detail	
商户后台	GET	mer/product/cdkey/library/excel	导出	merchant.store.product.CdkeyLibrary/excel	stale		app/controller/merchant/store/product/CdkeyLibrary.php	excel	
商户后台	POST	mer/product/cdkey/library/import/:type	批量导入	merchant.store.StoreImport/Import	high		app/controller/merchant/store/StoreImport.php	Import	type,library_id
商户后台	GET	mer/product/cdkey/library/lst	列表	merchant.store.product.CdkeyLibrary/lst	high		app/controller/merchant/store/product/CdkeyLibrary.php	lst	page,limit,keyword,status,date,productName,name
商户后台	GET	mer/product/cdkey/library/options	options	merchant.store.product.CdkeyLibrary/options	high		app/controller/merchant/store/product/CdkeyLibrary.php	options	
商户后台	POST	mer/product/cdkey/library/update/:id	编辑	merchant.store.product.CdkeyLibrary/update	high		app/controller/merchant/store/product/CdkeyLibrary.php	update	id
商户后台	GET	mer/product/cdkey/library/update/:id/form	编辑表单	merchant.store.product.CdkeyLibrary/updateForm	high		app/controller/merchant/store/product/CdkeyLibrary.php	updateForm	id
商户后台	GET	mer/product/cdkey/lst	卡密列表	merchant.store.product.ProductCdkey/lst	high		app/controller/merchant/store/product/ProductCdkey.php	lst	page,limit,library_id,status
商户后台	POST	mer/product/cdkey/update/:id	编辑卡密	merchant.store.product.ProductCdkey/update	high		app/controller/merchant/store/product/ProductCdkey.php	update	id,key,pwd
商户后台	POST	mer/product/label/create	添加	merchant.store.product.ProductLabel/create	high		app/controller/merchant/store/product/ProductLabel.php	create	
商户后台	GET	mer/product/label/create/form	添加表单	merchant.store.product.ProductLabel/createForm	high		app/controller/merchant/store/product/ProductLabel.php	createForm	
商户后台	DELETE	mer/product/label/delete/:id	删除	merchant.store.product.ProductLabel/delete	high		app/controller/merchant/store/product/ProductLabel.php	delete	id
商户后台	GET	mer/product/label/detail/:id	详情	merchant.store.product.ProductLabel/detail	high		app/controller/merchant/store/product/ProductLabel.php	detail	id
商户后台	GET	mer/product/label/lst	列表	merchant.store.product.ProductLabel/lst	high		app/controller/merchant/store/product/ProductLabel.php	lst	page,limit,name,type,status
商户后台	GET	mer/product/label/option	筛选	merchant.store.product.ProductLabel/getOptions	high		app/controller/merchant/store/product/ProductLabel.php	getOptions	
商户后台	POST	mer/product/label/status/:id	修改状态	merchant.store.product.ProductLabel/switchWithStatus	high		app/controller/merchant/store/product/ProductLabel.php	switchWithStatus	id,status
商户后台	POST	mer/product/label/update/:id	编辑	merchant.store.product.ProductLabel/update	high		app/controller/merchant/store/product/ProductLabel.php	update	id
商户后台	GET	mer/product/label/update/:id/form	编辑表单	merchant.store.product.ProductLabel/updateForm	high		app/controller/merchant/store/product/ProductLabel.php	updateForm	id
商户后台	POST	mer/product/unit/create	商品单位添加	merchant.store.product.ProductUnit/create	high		app/controller/merchant/store/product/ProductUnit.php	create	
商户后台	GET	mer/product/unit/create/form	商品单位添加表单	merchant.store.product.ProductUnit/createForm	high		app/controller/merchant/store/product/ProductUnit.php	createForm	
商户后台	DELETE	mer/product/unit/delete/:id	商品单位删除	merchant.store.product.ProductUnit/delete	high		app/controller/merchant/store/product/ProductUnit.php	delete	id
商户后台	GET	mer/product/unit/list	商品单位列表	merchant.store.product.ProductUnit/list	high		app/controller/merchant/store/product/ProductUnit.php	list	page,limit
商户后台	GET	mer/product/unit/option	筛选	merchant.store.product.ProductUnit/getSelectList	high		app/controller/merchant/store/product/ProductUnit.php	getSelectList	
商户后台	POST	mer/product/unit/update/:id	商品单位编辑	merchant.store.product.ProductUnit/update	high		app/controller/merchant/store/product/ProductUnit.php	update	id
商户后台	GET	mer/product/unit/update/:id/form	商品单位编辑表单	merchant.store.product.ProductUnit/updateForm	high		app/controller/merchant/store/product/ProductUnit.php	updateForm	id
商户后台	GET	mer/product_list	product_list	merchant.store.product.Product/product_list	high		app/controller/merchant/store/product/Product.php	product_list	page,limit,keyword,mer_labels,is_show,mer_cate_id,in_type,status,cate_pid,cate_id
商户后台	GET	mer/profitsharing/export	导出	admin.order.OrderProfitsharing/export	high		app/controller/admin/order/OrderProfitsharing.php	export	page,limit,type,status,mer_id,keyword,profit_date,date
商户后台	GET	mer/profitsharing/lst	列表	admin.order.OrderProfitsharing/getList	high		app/controller/admin/order/OrderProfitsharing.php	getList	page,limit,type,status,mer_id,keyword,profit_date,date
商户后台	GET	mer/reservation/service/list	预约日历	merchant.store.order.ReservationService/list	high		app/controller/merchant/store/order/ReservationService.php	list	service_type,reservation_keyword,staff_id,uid,phone,nickname,reservation_date,order_type,reservation_status
商户后台	GET	mer/serve/code	支付二维码	merchant.system.serve.Serve/getQrCode	high		app/controller/merchant/system/serve/Serve.php	getQrCode	meal_id,pay_type
商户后台	GET	mer/serve/config	getConfig	merchant.system.serve.Config/getConfig	high		app/controller/merchant/system/serve/Config.php	getConfig	
商户后台	POST	mer/serve/config	setConfig	merchant.system.serve.Config/setConfig	high		app/controller/merchant/system/serve/Config.php	setConfig	
商户后台	GET	mer/serve/detail/:id	详情	merchant.system.serve.Serve/detail	stale		app/controller/merchant/system/serve/Serve.php	detail	
商户后台	GET	mer/serve/info	info	merchant.system.serve.Config/info	high		app/controller/merchant/system/serve/Config.php	info	
商户后台	GET	mer/serve/meal	套餐列表	merchant.system.serve.Serve/meal	high		app/controller/merchant/system/serve/Serve.php	meal	page,limit,type
商户后台	GET	mer/serve/paylst	购买记录	merchant.system.serve.Serve/lst	high		app/controller/merchant/system/serve/Serve.php	lst	page,limit,status,type
商户后台	GET	mer/service/:id/:uid/lst	用户与客服聊天记录	merchant.store.service.StoreService/getUserMsnByService	high		app/controller/merchant/store/service/StoreService.php	getUserMsnByService	id,uid,page,limit
商户后台	GET	mer/service/:id/lst	用户与商户聊天记录	merchant.store.service.StoreService/getUserMsnByMerchant	high		app/controller/merchant/store/service/StoreService.php	getUserMsnByMerchant	id,page,limit
商户后台	GET	mer/service/:id/user	客服的全部用户 	merchant.store.service.StoreService/serviceUserList	high		app/controller/merchant/store/service/StoreService.php	serviceUserList	id,page,limit
商户后台	POST	mer/service/create	添加	merchant.store.service.StoreService/create	high		app/controller/merchant/store/service/StoreService.php	create	uid,nickname,account,pwd,confirm_pwd,is_open,status,customer,is_verify,is_goods,notify,avatar,phone,sort
商户后台	GET	mer/service/create/form	添加表单	merchant.store.service.StoreService/createForm	high		app/controller/merchant/store/service/StoreService.php	createForm	
商户后台	DELETE	mer/service/delete/:id	删除	merchant.store.service.StoreService/delete	high		app/controller/merchant/store/service/StoreService.php	delete	id
商户后台	GET	mer/service/list	列表	merchant.store.service.StoreService/lst	high		app/controller/merchant/store/service/StoreService.php	lst	page,limit,keyword,status
商户后台	POST	mer/service/login/:id	登录	merchant.store.service.StoreService/login	high		app/controller/merchant/store/service/StoreService.php	login	id
商户后台	GET	mer/service/mer/:id/user	客服的聊天用户列表	merchant.store.service.StoreService/merchantUserList	high		app/controller/merchant/store/service/StoreService.php	merchantUserList	id,page,limit
商户后台	POST	mer/service/reply/create	添加	merchant.store.service.StoreServiceReply/create	high		app/controller/merchant/store/service/StoreServiceReply.php	create	keyword,status,content,type
商户后台	DELETE	mer/service/reply/delete/:id	删除	merchant.store.service.StoreServiceReply/delete	high		app/controller/merchant/store/service/StoreServiceReply.php	delete	id
商户后台	GET	mer/service/reply/list	列表	merchant.store.service.StoreServiceReply/lst	high		app/controller/merchant/store/service/StoreServiceReply.php	lst	page,limit,keyword,status
商户后台	POST	mer/service/reply/status/:id	切换状态	merchant.store.service.StoreServiceReply/changeStatus	high		app/controller/merchant/store/service/StoreServiceReply.php	changeStatus	id,status
商户后台	POST	mer/service/reply/update/:id	编辑	merchant.store.service.StoreServiceReply/update	high		app/controller/merchant/store/service/StoreServiceReply.php	update	id
商户后台	POST	mer/service/status/:id	修改状态	merchant.store.service.StoreService/changeStatus	high		app/controller/merchant/store/service/StoreService.php	changeStatus	id,status
商户后台	POST	mer/service/update/:id	编辑	merchant.store.service.StoreService/update	high		app/controller/merchant/store/service/StoreService.php	update	id
商户后台	GET	mer/service/update/form/:id	编辑表单	merchant.store.service.StoreService/updateForm	high		app/controller/merchant/store/service/StoreService.php	updateForm	id
商户后台	POST	mer/staffs/create	添加	merchant.store.Staffs/create	high		app/controller/merchant/store/Staffs.php	create	uid,photo,name,phone,remark,status,sort
商户后台	GET	mer/staffs/create/form	添加表单	merchant.store.Staffs/createForm	high		app/controller/merchant/store/Staffs.php	createForm	
商户后台	DELETE	mer/staffs/delete/:id	删除	merchant.store.Staffs/delete	high		app/controller/merchant/store/Staffs.php	delete	id
商户后台	GET	mer/staffs/list	列表	merchant.store.Staffs/lst	high		app/controller/merchant/store/Staffs.php	lst	page,limit,name,status,uid,phone
商户后台	GET	mer/staffs/statisticsDetail/:id	详情	merchant.store.Staffs/statisticsDetail	high		app/controller/merchant/store/Staffs.php	statisticsDetail	id
商户后台	GET	mer/staffs/statisticsList	列表	merchant.store.Staffs/statisticsList	high		app/controller/merchant/store/Staffs.php	statisticsList	page,limit,name,uid,phone,service_date
商户后台	POST	mer/staffs/status/:id	修改状态	merchant.store.Staffs/changeStatus	high		app/controller/merchant/store/Staffs.php	changeStatus	id,status
商户后台	POST	mer/staffs/update/:id	编辑	merchant.store.Staffs/update	high		app/controller/merchant/store/Staffs.php	update	id
商户后台	GET	mer/staffs/update/form/:id	编辑表单	merchant.store.Staffs/updateForm	high		app/controller/merchant/store/Staffs.php	updateForm	id
商户后台	GET	mer/statistics/get_merchant_count	首页未处理业务统计	merchant.Common/getMerchantCount	high		app/controller/merchant/Common.php	getMerchantCount	
商户后台	GET	mer/statistics/get_merchant_todo	待办事项	merchant.Common/getMerchantTodo	high		app/controller/merchant/Common.php	getMerchantTodo	
商户后台	GET	mer/statistics/get_product_sales_price_top	获取商户代办统计	merchant.Common/getProductSalesPriceTop	high		app/controller/merchant/Common.php	getProductSalesPriceTop	date
商户后台	GET	mer/statistics/main	所有数据	merchant.Common/main	high		app/controller/merchant/Common.php	main	
商户后台	GET	mer/statistics/order	支付订单	merchant.Common/order	high		app/controller/merchant/Common.php	order	date
商户后台	GET	mer/statistics/product	商品支付排行	merchant.Common/product	high		app/controller/merchant/Common.php	product	date
商户后台	GET	mer/statistics/product_cart	商品加购排行	merchant.Common/productCart	high		app/controller/merchant/Common.php	productCart	date
商户后台	GET	mer/statistics/product_visit	商品访问排行	merchant.Common/productVisit	high		app/controller/merchant/Common.php	productVisit	date
商户后台	GET	mer/statistics/user	成交客户	merchant.Common/user	high		app/controller/merchant/Common.php	user	date
商户后台	GET	mer/statistics/user_rate	成交客户比	merchant.Common/userRate	high		app/controller/merchant/Common.php	userRate	date
商户后台	DELETE	mer/store/attr/template/:id	删除	merchant.store.StoreAttrTemplate/delete	high		app/controller/merchant/store/StoreAttrTemplate.php	delete	id
商户后台	POST	mer/store/attr/template/:id	文件类型	merchant.store.StoreAttrTemplate/update	high		app/controller/merchant/store/StoreAttrTemplate.php	update	id
商户后台	POST	mer/store/attr/template/create	添加 	merchant.store.StoreAttrTemplate/create	high		app/controller/merchant/store/StoreAttrTemplate.php	create	template_name,template_value
商户后台	GET	mer/store/attr/template/list	筛选	merchant.store.StoreAttrTemplate/getlist	high		app/controller/merchant/store/StoreAttrTemplate.php	getlist	
商户后台	GET	mer/store/attr/template/lst	列表	merchant.store.StoreAttrTemplate/lst	high		app/controller/merchant/store/StoreAttrTemplate.php	lst	page,limit
商户后台	POST	mer/store/behalf/cartBatchUpdatePrice	批量修改价格	merchant.store.behalfcustomerorder.Cart/batchUpdatePrice	high		app/controller/merchant/store/behalfcustomerorder/Cart.php	batchUpdatePrice	cart_ids,uid,old_pay_price,change_fee_type,reduce_price,discount_rate,new_pay_price
商户后台	POST	mer/store/behalf/cartChange/:id	修改购物车数据	merchant.store.behalfcustomerorder.Cart/change	high		app/controller/merchant/store/behalfcustomerorder/Cart.php	change	id,uid,cart_num,product_attr_unique
商户后台	POST	mer/store/behalf/cartClear	清空购物车	merchant.store.behalfcustomerorder.Cart/clear	high		app/controller/merchant/store/behalfcustomerorder/Cart.php	clear	uid,tourist_unique_key
商户后台	GET	mer/store/behalf/cartCount	购物车总数量	merchant.store.behalfcustomerorder.Cart/count	high		app/controller/merchant/store/behalfcustomerorder/Cart.php	count	uid,tourist_unique_key
商户后台	POST	mer/store/behalf/cartCreate	添加购物车	merchant.store.behalfcustomerorder.Cart/create	high		app/controller/merchant/store/behalfcustomerorder/Cart.php	create	uid,cart_num,product_id,product_attr_unique,tourist_unique_key
商户后台	DELETE	mer/store/behalf/cartDelete/:id	删除购物数据	merchant.store.behalfcustomerorder.Cart/delete	high		app/controller/merchant/store/behalfcustomerorder/Cart.php	delete	id
商户后台	GET	mer/store/behalf/cartList	购物车列表	merchant.store.behalfcustomerorder.Cart/list	high		app/controller/merchant/store/behalfcustomerorder/Cart.php	list	uid,tourist_unique_key
商户后台	POST	mer/store/behalf/cartUpdatePrice/:id	修改价格	merchant.store.behalfcustomerorder.Cart/updatePrice	high		app/controller/merchant/store/behalfcustomerorder/Cart.php	updatePrice	id,old_price,type,reduce_price,discount_rate,new_price
商户后台	POST	mer/store/behalf/orderCheck	校验订单	merchant.store.behalfcustomerorder.Order/check	high		app/controller/merchant/store/behalfcustomerorder/Order.php	check	uid,cart_ids,address_id,delivery_way,use_coupon,is_free_shipping,use_integral,tourist_unique_key
商户后台	POST	mer/store/behalf/orderCreate	创建订单	merchant.store.behalfcustomerorder.Order/create	high		app/controller/merchant/store/behalfcustomerorder/Order.php	create	uid,cart_ids,address_id,delivery_way,use_coupon,is_free_shipping,use_integral,tourist_unique_key,pay_type,key,mark,old_pay_price
商户后台	POST	mer/store/behalf/orderPay/:id	支付	merchant.store.behalfcustomerorder.Order/pay	high		app/controller/merchant/store/behalfcustomerorder/Order.php	pay	id,uid,pay_type,phone,sms_code,auth_code
商户后台	POST	mer/store/behalf/orderVerify	余额支付获取验证码	merchant.store.behalfcustomerorder.Order/verify	high		app/controller/merchant/store/behalfcustomerorder/Order.php	verify	phone,type
商户后台	POST	mer/store/behalf/payConfig	支付配置	merchant.store.behalfcustomerorder.Order/payConfig	high		app/controller/merchant/store/behalfcustomerorder/Order.php	payConfig	uid
商户后台	POST	mer/store/behalf/payStatus/:id	获取结果	merchant.store.behalfcustomerorder.Order/payStatus	high		app/controller/merchant/store/behalfcustomerorder/Order.php	payStatus	id,uid,pay_type
商户后台	GET	mer/store/behalf/productCategory	商品分类	merchant.store.behalfcustomerorder.Product/category	high		app/controller/merchant/store/behalfcustomerorder/Product.php	category	
商户后台	GET	mer/store/behalf/productDetail/:id	商品规格详情	merchant.store.behalfcustomerorder.Product/detail	high		app/controller/merchant/store/behalfcustomerorder/Product.php	detail	id
商户后台	GET	mer/store/behalf/productList	商品列表	merchant.store.behalfcustomerorder.Product/list	high		app/controller/merchant/store/behalfcustomerorder/Product.php	list	page,limit,search,mer_cate_id,type
商户后台	POST	mer/store/behalf/userAddressCreate	地址添加	merchant.store.behalfcustomerorder.User/addressCreate	high		app/controller/merchant/store/behalfcustomerorder/User.php	addressCreate	uid,real_name,phone,province,province_id,city,city_id,district,district_id,street,street_id,detail,tourist_unique_key
商户后台	GET	mer/store/behalf/userAddressList	地址列表	merchant.store.behalfcustomerorder.User/addressList	high		app/controller/merchant/store/behalfcustomerorder/User.php	addressList	page,limit,uid,tourist_unique_key
商户后台	POST	mer/store/behalf/userCreate	会员添加	merchant.store.behalfcustomerorder.User/create	high		app/controller/merchant/store/behalfcustomerorder/User.php	create	nickname,phone
商户后台	GET	mer/store/behalf/userInfo	会员详情	merchant.store.behalfcustomerorder.User/info	high		app/controller/merchant/store/behalfcustomerorder/User.php	info	uid
商户后台	GET	mer/store/behalf/userQuery	会员查询	merchant.store.behalfcustomerorder.User/query	high		app/controller/merchant/store/behalfcustomerorder/User.php	query	page,limit,search
商户后台	GET	mer/store/category/brandlist	品牌列表	admin.store.StoreCategory/BrandList	high		app/controller/admin/store/StoreCategory.php	BrandList	
商户后台	POST	mer/store/category/create	添加	admin.store.StoreCategory/create	high		app/controller/admin/store/StoreCategory.php	create	pid,cate_name,is_show,pic,sort,data
商户后台	GET	mer/store/category/create/form	添加表单	admin.store.StoreCategory/createForm	high		app/controller/admin/store/StoreCategory.php	createForm	
商户后台	DELETE	mer/store/category/delete/:id	删除	admin.store.StoreCategory/delete	high		app/controller/admin/store/StoreCategory.php	delete	id
商户后台	GET	mer/store/category/detail/:id	详情	admin.store.StoreCategory/detail	high		app/controller/admin/store/StoreCategory.php	detail	id
商户后台	GET	mer/store/category/list	筛选	admin.store.StoreCategory/getList	high		app/controller/admin/store/StoreCategory.php	getList	type,lv
商户后台	GET	mer/store/category/lst	列表	admin.store.StoreCategory/lst	high		app/controller/admin/store/StoreCategory.php	lst	
商户后台	GET	mer/store/category/select	树形	admin.store.StoreCategory/getTreeList	high		app/controller/admin/store/StoreCategory.php	getTreeList	
商户后台	POST	mer/store/category/status/:id	修改状态	admin.store.StoreCategory/switchStatus	high		app/controller/admin/store/StoreCategory.php	switchStatus	id,status
商户后台	POST	mer/store/category/update/:id	编辑	admin.store.StoreCategory/update	high		app/controller/admin/store/StoreCategory.php	update	id
商户后台	GET	mer/store/category/update/form/:id	编辑表单	admin.store.StoreCategory/updateForm	high		app/controller/admin/store/StoreCategory.php	updateForm	id
商户后台	GET	mer/store/coupon/clone/form/:id	复制表单	merchant.store.coupon.Coupon/cloneForm	high		app/controller/merchant/store/coupon/Coupon.php	cloneForm	id
商户后台	POST	mer/store/coupon/create	添加	merchant.store.coupon.Coupon/create	high		app/controller/merchant/store/coupon/Coupon.php	create	use_type,title,coupon_price,use_min_price,coupon_type,coupon_time,use_start_time,sort,status,type,product_id,range_date,send_type,full_reduction,is_limited,is_timeout,total_count
商户后台	GET	mer/store/coupon/create/form	添加表单	merchant.store.coupon.Coupon/createForm	high		app/controller/merchant/store/coupon/Coupon.php	createForm	
商户后台	DELETE	mer/store/coupon/delete/:id	删除	merchant.store.coupon.Coupon/delete	high		app/controller/merchant/store/coupon/Coupon.php	delete	id
商户后台	GET	mer/store/coupon/detail/:id	详情	merchant.store.coupon.Coupon/detail	high		app/controller/merchant/store/coupon/Coupon.php	detail	id
商户后台	GET	mer/store/coupon/issue	使用记录	merchant.store.coupon.Coupon/issue	high		app/controller/merchant/store/coupon/Coupon.php	issue	page,limit,username,coupon,status,coupon_id,type,send_id
商户后台	GET	mer/store/coupon/lst	列表	merchant.store.coupon.Coupon/lst	high		app/controller/merchant/store/coupon/Coupon.php	lst	page,limit,is_full_give,status,is_give_subscribe,coupon_name,send_type,type
商户后台	GET	mer/store/coupon/product/:id	优惠券可用商品	admin.store.Coupon/product	high		app/controller/admin/store/Coupon.php	product	id,page,limit
商户后台	GET	mer/store/coupon/select	筛选	merchant.store.coupon.Coupon/select	high		app/controller/merchant/store/coupon/Coupon.php	select	page,limit,coupon_name
商户后台	POST	mer/store/coupon/send	发送优惠券	merchant.store.coupon.Coupon/send	high		app/controller/merchant/store/coupon/Coupon.php	send	coupon_id,mark,is_all,search,uid
商户后台	POST	mer/store/coupon/status/:id	修改状态	merchant.store.coupon.Coupon/changeStatus	high		app/controller/merchant/store/coupon/Coupon.php	changeStatus	id,status
商户后台	POST	mer/store/coupon/update/:id	编辑	merchant.store.coupon.Coupon/update	high		app/controller/merchant/store/coupon/Coupon.php	update	id,title
商户后台	GET	mer/store/coupon/update/:id/form	编辑表单	merchant.store.coupon.Coupon/updateForm	high		app/controller/merchant/store/coupon/Coupon.php	updateForm	id
商户后台	GET	mer/store/coupon_send/lst	发送优惠券记录	merchant.store.coupon.CouponSend/lst	high		app/controller/merchant/store/coupon/CouponSend.php	lst	page,limit,date,coupon_type,coupon_name,status
商户后台	POST	mer/store/form/create	添加	admin.system.form.Form/create	high		app/controller/admin/system/form/Form.php	create	name,value,status
商户后台	DELETE	mer/store/form/delete/:id	删除	admin.system.form.Form/delete	high		app/controller/admin/system/form/Form.php	delete	id
商户后台	GET	mer/store/form/detail/:id	详情	admin.system.form.Form/detail	high		app/controller/admin/system/form/Form.php	detail	id
商户后台	GET	mer/store/form/info/:id	info	admin.system.form.Form/info	high		app/controller/admin/system/form/Form.php	info	id,mer_id
商户后台	GET	mer/store/form/lst	列表	admin.system.form.Form/lst	high		app/controller/admin/system/form/Form.php	lst	page,limit,keyword,date
商户后台	GET	mer/store/form/select	select	admin.system.form.Form/select	high		app/controller/admin/system/form/Form.php	select	
商户后台	POST	mer/store/form/update/:id	编辑	admin.system.form.Form/update	high		app/controller/admin/system/form/Form.php	update	id
商户后台	POST	mer/store/import/:type	导入	merchant.store.StoreImport/Import	high		app/controller/merchant/store/StoreImport.php	Import	type,library_id
商户后台	GET	mer/store/import/detail/:id	详情	merchant.store.StoreImport/detail	high		app/controller/merchant/store/StoreImport.php	detail	id,page,limit
商户后台	GET	mer/store/import/excel/:id	导出发货记录	merchant.store.StoreImport/export	high		app/controller/merchant/store/StoreImport.php	export	id,page,limit
商户后台	GET	mer/store/import/lst	导入记录	merchant.store.StoreImport/lst	high		app/controller/merchant/store/StoreImport.php	lst	page,limit,status,date,import_type,type
商户后台	GET	mer/store/order/chart	统计	merchant.store.order.Order/chart	high		app/controller/merchant/store/order/Order.php	chart	date,order_sn,username,order_type,keywords,order_id,activity_type,group_order_sn,store_name,filter_delivery,filter_product,delivery_id,group_order_id,uid,nickname,real_name,phone,is_behalf,is_virtual,pay_type
商户后台	GET	mer/store/order/children/:id	关联订单	merchant.store.order.Order/childrenList	high		app/controller/merchant/store/order/Order.php	childrenList	id
商户后台	POST	mer/store/order/collectCargo/:id	修改收货信息	merchant.store.order.Order/collectCargo	high		app/controller/merchant/store/order/Order.php	collectCargo	id,real_name,user_phone,user_address
商户后台	GET	mer/store/order/collectCargo/:id/form	修改收货信息表单	merchant.store.order.Order/collectCargoForm	high		app/controller/merchant/store/order/Order.php	collectCargoForm	id
商户后台	POST	mer/store/order/delete/:id	删除	merchant.store.order.Order/delete	high		app/controller/merchant/store/order/Order.php	delete	id
商户后台	POST	mer/store/order/delivery/:id	发货	merchant.store.order.Order/delivery	high		app/controller/merchant/store/order/Order.php	delivery	id,is_split,split,delivery_type,delivery_name,delivery_id,remark,from_name,from_tel,from_addr,temp_id,is_cargo,station_id,mark,cargo_weight,day_type,service_type,pickup_start_time,pickup_end_time,weight
商户后台	POST	mer/store/order/delivery/confirm/:id	同城配送核销	merchant.store.order.Order/deliveryConfirm	high		app/controller/merchant/store/order/Order.php	deliveryConfirm	id
商户后台	POST	mer/store/order/delivery/dispatch/:id	同城配送派单	merchant.store.order.Order/deliveryDispatch	high		app/controller/merchant/store/order/Order.php	deliveryDispatch	id
商户后台	POST	mer/store/order/delivery/updateDispatch/:id	同城配送改派	merchant.store.order.Order/deliveryUpdateDispatch	high		app/controller/merchant/store/order/Order.php	deliveryUpdateDispatch	id
商户后台	POST	mer/store/order/deliveryOrderSync	同城配送再次同步	merchant.store.order.Order/deliveryOrderSync	high		app/controller/merchant/store/order/Order.php	deliveryOrderSync	order_ids
商户后台	POST	mer/store/order/delivery_batch	批量发货	merchant.store.order.Order/batchDelivery	high		app/controller/merchant/store/order/Order.php	batchDelivery	order_id,delivery_id,delivery_type,delivery_name,remark,select_type,from_name,from_tel,from_addr,temp_id,is_cargo
商户后台	GET	mer/store/order/delivery_export	导出发货单	merchant.store.order.Order/deliveryExport	high		app/controller/merchant/store/order/Order.php	deliveryExport	page,limit,username,date,activity_type,order_type,keywords,id,ids
商户后台	GET	mer/store/order/detail/:id	详情	merchant.store.order.Order/detail	high		app/controller/merchant/store/order/Order.php	detail	id
商户后台	GET	mer/store/order/excel	导出	merchant.store.order.Order/excel	high		app/controller/merchant/store/order/Order.php	excel	page,limit,status,date,order_sn,order_type,username,keywords,take_order,order_id,activity_type,group_order_sn,store_name,filter_delivery,filter_product,pay_type,uid,nickname,real_name,phone,ids
商户后台	GET	mer/store/order/express/:id	快递查询	merchant.store.order.Order/express	high		app/controller/merchant/store/order/Order.php	express	id
商户后台	GET	mer/store/order/filtter	类型	merchant.store.order.Order/orderType	high		app/controller/merchant/store/order/Order.php	orderType	date,order_sn,username,order_type,keywords,order_id,activity_type,group_order_sn,store_name,filter_delivery,filter_product,delivery_id,group_order_id,uid,nickname,real_name,phone,is_behalf,is_virtual,pay_type
商户后台	GET	mer/store/order/kuaidi_coms	getKuaidiComs	merchant.store.order.Order/getKuaidiComs	high		app/controller/merchant/store/order/Order.php	getKuaidiComs	
商户后台	GET	mer/store/order/log/:id	操作记录	merchant.store.order.Order/status	high		app/controller/merchant/store/order/Order.php	status	id,page,limit,date,user_type
商户后台	GET	mer/store/order/lst	列表	merchant.store.order.Order/lst	high		app/controller/merchant/store/order/Order.php	lst	page,limit,status,date,order_sn,username,order_type,keywords,order_id,activity_type,group_order_sn,store_name,filter_delivery,filter_product,delivery_id,group_order_id,uid,nickname,real_name,phone,is_behalf,is_virtual,merchant_take_id,pay_type
商户后台	GET	mer/store/order/note	配货单	merchant.store.order.Order/note	high		app/controller/merchant/store/order/Order.php	note	status,date,order_sn,order_type,username,keywords,take_order,order_id,activity_type,group_order_sn,store_name,filter_delivery,filter_product,pay_type,uid,nickname,real_name,phone,ids,limit
商户后台	POST	mer/store/order/offline/:id	线下支付	merchant.store.order.Order/offline	high		app/controller/merchant/store/order/Order.php	offline	id
商户后台	GET	mer/store/order/printer/:id	打印小票	merchant.store.order.Order/printer	high		app/controller/merchant/store/order/Order.php	printer	id
商户后台	POST	mer/store/order/remark/:id	备注	merchant.store.order.Order/remark	high		app/controller/merchant/store/order/Order.php	remark	id,remark
商户后台	GET	mer/store/order/remark/:id/form	备注表单	merchant.store.order.Order/remarkForm	high		app/controller/merchant/store/order/Order.php	remarkForm	id
商户后台	POST	mer/store/order/repeat_dump/:id	电子面单复打	merchant.store.order.Order/repeatDump	high		app/controller/merchant/store/order/Order.php	repeatDump	id
商户后台	POST	mer/store/order/reservation/dispatch/:id	预约订单派单	merchant.store.order.Order/reservationDispatch	high		app/controller/merchant/store/order/Order.php	reservationDispatch	id
商户后台	POST	mer/store/order/reservation/reschedule/:id	预约订单改约	merchant.store.order.Order/reservationReschedule	high		app/controller/merchant/store/order/Order.php	reservationReschedule	id
商户后台	POST	mer/store/order/reservation/reservationTime/:id	单独修改预约时间	merchant.store.order.Order/reservationTime	high		app/controller/merchant/store/order/Order.php	reservationTime	id
商户后台	POST	mer/store/order/reservation/updateDispatch/:id	预约订单改派	merchant.store.order.Order/reservationUpdateDispatch	high		app/controller/merchant/store/order/Order.php	reservationUpdateDispatch	id
商户后台	POST	mer/store/order/reservation/verify/:id	预约订单核销	merchant.store.order.Order/reservationVerify	high		app/controller/merchant/store/order/Order.php	reservationVerify	id
商户后台	POST	mer/store/order/shipment/cancel/:id	取消商家寄件	merchant.store.order.Order/cancelShipment	high		app/controller/merchant/store/order/Order.php	cancelShipment	id,msg
商户后台	GET	mer/store/order/shipment/getPrice/:id	获取商家寄件价格	merchant.store.order.Order/getPrice	high		app/controller/merchant/store/order/Order.php	getPrice	id,kuaidicom,service_type,send_address
商户后台	GET	mer/store/order/shipment/list	获取商家寄件价格	merchant.store.order.Order/shipmentList	high		app/controller/merchant/store/order/Order.php	shipmentList	page,limit
商户后台	GET	mer/store/order/take_title	统计	merchant.store.order.Order/takeTitle	high		app/controller/merchant/store/order/Order.php	takeTitle	date,order_sn,username,keywords,pay_type
商户后台	GET	mer/store/order/takechart	统计	merchant.store.order.Order/takeChart	high		app/controller/merchant/store/order/Order.php	takeChart	date,order_sn,username,keywords,pay_type
商户后台	GET	mer/store/order/takelst	列表	merchant.store.order.Order/takeLst	high		app/controller/merchant/store/order/Order.php	takeLst	page,limit,date,order_sn,username,keywords,pay_type
商户后台	GET	mer/store/order/title	头部统计	merchant.store.order.Order/title	high		app/controller/merchant/store/order/Order.php	title	status,date,order_sn,username,order_type,keywords,order_id,activity_type,filter_delivery,filter_product,delivery_id,uid,nickname,real_name,phone,pay_type
商户后台	POST	mer/store/order/update/:id	编辑	merchant.store.order.Order/update	high		app/controller/merchant/store/order/Order.php	update	id,total_price,pay_postage
商户后台	GET	mer/store/order/update/:id/form	编辑表单	merchant.store.order.Order/updateForm	high		app/controller/merchant/store/order/Order.php	updateForm	id
商户后台	GET	mer/store/order/verify/:code	核销详情	merchant.store.order.Order/verifyDetail	high		app/controller/merchant/store/order/Order.php	verifyDetail	code
商户后台	POST	mer/store/order/verify/:id	核销	merchant.store.order.Order/verify	high		app/controller/merchant/store/order/Order.php	verify	id,verify_code
商户后台	POST	mer/store/params/temp/create	添加	admin.parameter.ParameterTemplate/create	high		app/controller/admin/parameter/ParameterTemplate.php	create	template_name,cate_ids,sort,params,delete_params
商户后台	DELETE	mer/store/params/temp/delete/:id	删除	admin.parameter.ParameterTemplate/delete	high		app/controller/admin/parameter/ParameterTemplate.php	delete	id
商户后台	DELETE	mer/store/params/temp/delete/value/:id	删除属性	admin.parameter.ParameterTemplate/deleteValue	high		app/controller/admin/parameter/ParameterTemplate.php	deleteValue	id
商户后台	GET	mer/store/params/temp/detail/:id	详情	admin.parameter.ParameterTemplate/detail	high		app/controller/admin/parameter/ParameterTemplate.php	detail	id
商户后台	GET	mer/store/params/temp/lst	列表	admin.parameter.ParameterTemplate/lst	high		app/controller/admin/parameter/ParameterTemplate.php	lst	page,limit,template_name,cate_ids,mer_name,mer_id,is_mer
商户后台	GET	mer/store/params/temp/select	筛选列表	admin.parameter.ParameterTemplate/select	high		app/controller/admin/parameter/ParameterTemplate.php	select	cate_id
商户后台	GET	mer/store/params/temp/show	参数	admin.parameter.ParameterTemplate/show	high		app/controller/admin/parameter/ParameterTemplate.php	show	template_ids
商户后台	POST	mer/store/params/temp/update/:id	编辑	admin.parameter.ParameterTemplate/update	high		app/controller/admin/parameter/ParameterTemplate.php	update	id
商户后台	POST	mer/store/printer/create	添加	merchant.store.StorePrinter/create	high		app/controller/merchant/store/StorePrinter.php	create	type,printer_name,printer_appkey,printer_appid,printer_secret,printer_terminal,status,times,print_type
商户后台	GET	mer/store/printer/create/form	添加表单	merchant.store.StorePrinter/createForm	high		app/controller/merchant/store/StorePrinter.php	createForm	
商户后台	DELETE	mer/store/printer/delete/:id	删除	merchant.store.StorePrinter/delete	high		app/controller/merchant/store/StorePrinter.php	delete	id
商户后台	GET	mer/store/printer/get_content/:id	获取配置内容	merchant.store.StorePrinter/getContent	high		app/controller/merchant/store/StorePrinter.php	getContent	id
商户后台	GET	mer/store/printer/lst	列表	merchant.store.StorePrinter/lst	high		app/controller/merchant/store/StorePrinter.php	lst	page,limit,status,keyword,type
商户后台	POST	mer/store/printer/set_content/:id	保存打印机内容	merchant.store.StorePrinter/setContent	high		app/controller/merchant/store/StorePrinter.php	setContent	id,print_content
商户后台	POST	mer/store/printer/status/:id	取消	merchant.store.StorePrinter/switchWithStatus	high		app/controller/merchant/store/StorePrinter.php	switchWithStatus	id,status
商户后台	POST	mer/store/printer/update/:id	编辑	merchant.store.StorePrinter/update	high		app/controller/merchant/store/StorePrinter.php	update	id,type,printer_name,printer_appkey,printer_appid,printer_secret,printer_terminal,status,times,print_type
商户后台	GET	mer/store/printer/update/:id/form	编辑表单	merchant.store.StorePrinter/updateForm	high		app/controller/merchant/store/StorePrinter.php	updateForm	id
商户后台	POST	mer/store/product/assist/create	添加	merchant.store.product.ProductAssist/create	high		app/controller/merchant/store/product/ProductAssist.php	create	
商户后台	DELETE	mer/store/product/assist/delete/:id	删除	merchant.store.product.ProductAssist/delete	high		app/controller/merchant/store/product/ProductAssist.php	delete	id
商户后台	GET	mer/store/product/assist/detail/:id	详情	merchant.store.product.ProductAssist/detail	high		app/controller/merchant/store/product/ProductAssist.php	detail	id
商户后台	POST	mer/store/product/assist/labels/:id	设置标签	merchant.store.product.ProductAssist/setLabels	high		app/controller/merchant/store/product/ProductAssist.php	setLabels	id,mer_labels
商户后台	GET	mer/store/product/assist/lst	列表 	merchant.store.product.ProductAssist/lst	high		app/controller/merchant/store/product/ProductAssist.php	lst	page,limit,product_status,keyword,is_show,type,presell_type,us_status,product_assist_id,mer_labels
商户后台	POST	mer/store/product/assist/preview	预览	merchant.store.product.ProductAssist/preview	high		app/controller/merchant/store/product/ProductAssist.php	preview	
商户后台	POST	mer/store/product/assist/sort/:id	排序	merchant.store.product.ProductAssist/updateSort	high		app/controller/merchant/store/product/ProductAssist.php	updateSort	id,sort
商户后台	POST	mer/store/product/assist/status/:id	修改状态	merchant.store.product.ProductAssist/switchStatus	high		app/controller/merchant/store/product/ProductAssist.php	switchStatus	id,status
商户后台	POST	mer/store/product/assist/update/:id	编辑	merchant.store.product.ProductAssist/update	high		app/controller/merchant/store/product/ProductAssist.php	update	id
商户后台	GET	mer/store/product/assist_set/detail/:id	活动详情	merchant.store.product.ProductAssistSet/detail	high		app/controller/merchant/store/product/ProductAssistSet.php	detail	id,page,limit
商户后台	GET	mer/store/product/assist_set/lst	活动列表	merchant.store.product.ProductAssistSet/lst	high		app/controller/merchant/store/product/ProductAssistSet.php	lst	page,limit,keyword,status,type,date,user_name
商户后台	GET	mer/store/product/attr_value/:id	获取规格	merchant.store.product.Product/getAttrValue	high		app/controller/merchant/store/product/Product.php	getAttrValue	id
商户后台	DELETE	mer/store/product/batch_delete	批量加入回收站	merchant.store.product.Product/batchDelete	high		app/controller/merchant/store/product/Product.php	batchDelete	ids
商户后台	POST	mer/store/product/batch_ext	批量设置推荐	merchant.store.product.Product/batchExtension	high		app/controller/merchant/store/product/Product.php	batchExtension	extension_one,extension_two,ids
商户后台	POST	mer/store/product/batch_guarantee	批量设置服务保障	merchant.store.product.Product/batchGuarantee	high		app/controller/merchant/store/product/Product.php	batchGuarantee	guarantee_template_id,ids
商户后台	POST	mer/store/product/batch_hot	批量设置推荐	merchant.store.product.Product/batchHot	high		app/controller/merchant/store/product/Product.php	batchHot	ids
商户后台	POST	mer/store/product/batch_labels	批量设置标签	merchant.store.product.Product/batchLabels	high		app/controller/merchant/store/product/Product.php	batchLabels	mer_labels,ids
商户后台	POST	mer/store/product/batch_process	批量修改商品属性	merchant.store.product.Product/batchProcess	high		app/controller/merchant/store/product/Product.php	batchProcess	ids,batch_type,batch_select_type
商户后台	POST	mer/store/product/batch_restore	批量恢复	merchant.store.product.Product/batchRestore	high		app/controller/merchant/store/product/Product.php	batchRestore	ids
商户后台	POST	mer/store/product/batch_status	批量上下架	merchant.store.product.Product/batchShow	high		app/controller/merchant/store/product/Product.php	batchShow	ids,status
商户后台	POST	mer/store/product/batch_svip	批量设置会员价	merchant.store.product.Product/batchSvipType	high		app/controller/merchant/store/product/Product.php	batchSvipType	svip_price_type,ids
商户后台	POST	mer/store/product/batch_temp	批量设置运费模板	merchant.store.product.Product/batchTemplate	high		app/controller/merchant/store/product/Product.php	batchTemplate	temp_id,ids
商户后台	GET	mer/store/product/config	配置	merchant.store.product.Product/config	high		app/controller/merchant/store/product/Product.php	config	
商户后台	POST	mer/store/product/create	添加	merchant.store.product.Product/create	high		app/controller/merchant/store/product/Product.php	create	_see_CREATE_PARAMS
商户后台	DELETE	mer/store/product/delete/:id	加入回收站	merchant.store.product.Product/delete	high		app/controller/merchant/store/product/Product.php	delete	id
商户后台	DELETE	mer/store/product/destory/:id	彻底删除	merchant.store.product.Product/destory	high		app/controller/merchant/store/product/Product.php	destory	id
商户后台	GET	mer/store/product/detail/:id	详情	merchant.store.product.Product/detail	high		app/controller/merchant/store/product/Product.php	detail	id,is_copy
商户后台	POST	mer/store/product/free_trial/:id	免审编辑	merchant.store.product.Product/freeTrial	high		app/controller/merchant/store/product/Product.php	freeTrial	id
商户后台	POST	mer/store/product/get_attr_value/:id	获取规格	merchant.store.product.Product/isFormatAttr	high		app/controller/merchant/store/product/Product.php	isFormatAttr	id,attrs,items,product_type,is_copy
商户后台	GET	mer/store/product/get_batch_list	获取批量修改列表	merchant.store.product.Product/getBatchList	high		app/controller/merchant/store/product/Product.php	getBatchList	
商户后台	GET	mer/store/product/get_edit/:id	编辑商品获取信息	merchant.store.product.Product/getEdit	high		app/controller/merchant/store/product/Product.php	getEdit	id,is_copy
商户后台	GET	mer/store/product/get_operate_list/:product_id	操作记录	merchant.store.product.Product/getOperateList	high		app/controller/merchant/store/product/Product.php	getOperateList	product_id,page,limit,type,date
商户后台	GET	mer/store/product/group/buying/detail/:id	活动详情	merchant.store.product.ProductGroupBuying/detail	high		app/controller/merchant/store/product/ProductGroupBuying.php	detail	id,page,limit
商户后台	GET	mer/store/product/group/buying/lst	活动列表 	merchant.store.product.ProductGroupBuying/lst	high		app/controller/merchant/store/product/ProductGroupBuying.php	lst	page,limit,keyword,status,date,user_name
商户后台	POST	mer/store/product/group/create	添加	merchant.store.product.ProductGroup/create	high		app/controller/merchant/store/product/ProductGroup.php	create	
商户后台	DELETE	mer/store/product/group/delete/:id	删除	merchant.store.product.ProductGroup/delete	high		app/controller/merchant/store/product/ProductGroup.php	delete	id
商户后台	GET	mer/store/product/group/detail/:id	详情	merchant.store.product.ProductGroup/detail	high		app/controller/merchant/store/product/ProductGroup.php	detail	id
商户后台	POST	mer/store/product/group/labels/:id	设置标签	merchant.store.product.ProductGroup/setLabels	high		app/controller/merchant/store/product/ProductGroup.php	setLabels	id,mer_labels
商户后台	GET	mer/store/product/group/lst	列表	merchant.store.product.ProductGroup/lst	high		app/controller/merchant/store/product/ProductGroup.php	lst	page,limit,product_status,keyword,active_type,status,us_status,product_group_id,mer_labels
商户后台	POST	mer/store/product/group/preview	预览	merchant.store.product.ProductGroup/preview	high		app/controller/merchant/store/product/ProductGroup.php	preview	
商户后台	POST	mer/store/product/group/sort/:id	排序	merchant.store.product.ProductGroup/updateSort	high		app/controller/merchant/store/product/ProductGroup.php	updateSort	id,sort
商户后台	POST	mer/store/product/group/status/:id	修改状态	merchant.store.product.ProductGroup/switchStatus	high		app/controller/merchant/store/product/ProductGroup.php	switchStatus	id,status
商户后台	POST	mer/store/product/group/update/:id	编辑	merchant.store.product.ProductGroup/update	high		app/controller/merchant/store/product/ProductGroup.php	update	id
商户后台	POST	mer/store/product/labels/:id	标签	merchant.store.product.Product/setLabels	high		app/controller/merchant/store/product/Product.php	setLabels	id,mer_labels
商户后台	GET	mer/store/product/list	列表	merchant.store.product.Product/lst	high		app/controller/merchant/store/product/Product.php	lst	page,limit,temp_id,cate_id,keyword,mer_cate_id,is_gift_bag,status,us_status,product_id,mer_labels,order,is_ficti,svip_price_type,filters_type,is_action,is_good,not_product_id,form_id,mer_form_id,cate_hot,brand_id,activity_label_ids,type
商户后台	GET	mer/store/product/lst	列表	merchant.store.product.Product/lst	high		app/controller/merchant/store/product/Product.php	lst	page,limit,temp_id,cate_id,keyword,mer_cate_id,is_gift_bag,status,us_status,product_id,mer_labels,order,is_ficti,svip_price_type,filters_type,is_action,is_good,not_product_id,form_id,mer_form_id,cate_hot,brand_id,activity_label_ids,type
商户后台	GET	mer/store/product/lst_filter	头部统计	merchant.store.product.Product/getStatusFilter	high		app/controller/merchant/store/product/Product.php	getStatusFilter	temp_id,cate_id,keyword,mer_cate_id,is_gift_bag,status,us_status,product_id,mer_labels,order,is_ficti,svip_price_type,filters_type,is_action,is_good,not_product_id,form_id,mer_form_id,cate_hot,brand_id,activity_label_ids
商户后台	POST	mer/store/product/presell/create	添加	merchant.store.product.ProductPresell/create	high		app/controller/merchant/store/product/ProductPresell.php	create	
商户后台	DELETE	mer/store/product/presell/delete/:id	删除	merchant.store.product.ProductPresell/delete	high		app/controller/merchant/store/product/ProductPresell.php	delete	id
商户后台	GET	mer/store/product/presell/detail/:id	详情	merchant.store.product.ProductPresell/detail	high		app/controller/merchant/store/product/ProductPresell.php	detail	id
商户后台	POST	mer/store/product/presell/labels/:id	设置标签	merchant.store.product.ProductPresell/setLabels	high		app/controller/merchant/store/product/ProductPresell.php	setLabels	id,mer_labels
商户后台	GET	mer/store/product/presell/lst	列表	merchant.store.product.ProductPresell/lst	high		app/controller/merchant/store/product/ProductPresell.php	lst	page,limit,product_status,keyword,type,presell_type,is_show,us_status,product_presell_id,mer_labels
商户后台	GET	mer/store/product/presell/number	统计	merchant.store.product.ProductPresell/number	high		app/controller/merchant/store/product/ProductPresell.php	number	
商户后台	POST	mer/store/product/presell/preview	预览	merchant.store.product.ProductPresell/preview	high		app/controller/merchant/store/product/ProductPresell.php	preview	
商户后台	POST	mer/store/product/presell/sort/:id	排序	merchant.store.product.ProductPresell/updateSort	high		app/controller/merchant/store/product/ProductPresell.php	updateSort	id,sort
商户后台	POST	mer/store/product/presell/status/:id	修改状态	merchant.store.product.ProductPresell/switchStatus	high		app/controller/merchant/store/product/ProductPresell.php	switchStatus	id,status
商户后台	POST	mer/store/product/presell/update/:id	编辑	merchant.store.product.ProductPresell/update	high		app/controller/merchant/store/product/ProductPresell.php	update	id
商户后台	POST	mer/store/product/preview	预览	merchant.store.product.Product/preview	high		app/controller/merchant/store/product/Product.php	preview	
商户后台	POST	mer/store/product/restore/:id	恢复	merchant.store.product.Product/restore	high		app/controller/merchant/store/product/Product.php	restore	id
商户后台	POST	mer/store/product/sort/:id	排序	merchant.store.product.Product/updateSort	high		app/controller/merchant/store/product/Product.php	updateSort	id,sort
商户后台	POST	mer/store/product/status/:id	上下架	merchant.store.product.Product/switchStatus	high		app/controller/merchant/store/product/Product.php	switchStatus	id,status
商户后台	GET	mer/store/product/temp_key	上传视频配置	merchant.store.product.Product/temp_key	high		app/controller/merchant/store/product/Product.php	temp_key	
商户后台	POST	mer/store/product/unbind	操作记录	merchant.store.product.Product/unbind	high		app/controller/merchant/store/product/Product.php	unbind	value_id,library_id
商户后台	POST	mer/store/product/update/:id	编辑	merchant.store.product.Product/update	high		app/controller/merchant/store/product/Product.php	update	id,_see_CREATE_PARAMS
商户后台	GET	mer/store/productcopy/count	统计	merchant.store.product.ProductCopy/count	high		app/controller/merchant/store/product/ProductCopy.php	count	
商户后台	GET	mer/store/productcopy/get	获取信息	merchant.store.product.ProductCopy/get	high		app/controller/merchant/store/product/ProductCopy.php	get	url
商户后台	GET	mer/store/productcopy/lst	列表	merchant.store.product.ProductCopy/lst	high		app/controller/merchant/store/product/ProductCopy.php	lst	page,limit,mer_id,type
商户后台	POST	mer/store/productcopy/save	保存	merchant.store.product.ProductCopy/save	stale		app/controller/merchant/store/product/ProductCopy.php	save	
商户后台	GET	mer/store/receipt/detail/:id	详情	merchant.store.order.OrderReceipt/detail	high		app/controller/merchant/store/order/OrderReceipt.php	detail	id
商户后台	GET	mer/store/receipt/lst	列表	merchant.store.order.OrderReceipt/Lst	high		app/controller/merchant/store/order/OrderReceipt.php	Lst	page,limit,status,date,receipt_sn,username,order_type,keyword,uid
商户后台	POST	mer/store/receipt/mark/:id	备注	merchant.store.order.OrderReceipt/mark	high		app/controller/merchant/store/order/OrderReceipt.php	mark	id,mer_mark
商户后台	GET	mer/store/receipt/mark/:id/form	备注表单	merchant.store.order.OrderReceipt/markForm	high		app/controller/merchant/store/order/OrderReceipt.php	markForm	id
商户后台	POST	mer/store/receipt/save_recipt	保存发票	merchant.store.order.OrderReceipt/saveRecipt	high		app/controller/merchant/store/order/OrderReceipt.php	saveRecipt	
商户后台	GET	mer/store/receipt/set_recipt	开发票	merchant.store.order.OrderReceipt/setRecipt	high		app/controller/merchant/store/order/OrderReceipt.php	setRecipt	ids
商户后台	POST	mer/store/receipt/update/:id	编辑	merchant.store.order.OrderReceipt/update	high		app/controller/merchant/store/order/OrderReceipt.php	update	id,receipt_no,mer_mark
商户后台	GET	mer/store/refundorder/check/:id	check	merchant.store.order.RefundOrder/check	high		app/controller/merchant/store/order/RefundOrder.php	check	id
商户后台	POST	mer/store/refundorder/compute	compute	merchant.store.order.RefundOrder/compute	high		app/controller/merchant/store/order/RefundOrder.php	compute	refund,order_id
商户后台	POST	mer/store/refundorder/create	创建	merchant.store.order.RefundOrder/create	high		app/controller/merchant/store/order/RefundOrder.php	create	refund_message,refund_price,mer_mark,refund,order_id
商户后台	DELETE	mer/store/refundorder/delete/:id	删除	merchant.store.order.RefundOrder/delete	high		app/controller/merchant/store/order/RefundOrder.php	delete	id
商户后台	GET	mer/store/refundorder/detail/:id	详情	merchant.store.order.RefundOrder/detail	high		app/controller/merchant/store/order/RefundOrder.php	detail	id
商户后台	GET	mer/store/refundorder/excel	导出	merchant.store.order.RefundOrder/createExcel	high		app/controller/merchant/store/order/RefundOrder.php	createExcel	page,limit,refund_order_sn,status,refund_type,date,order_sn,id
商户后台	GET	mer/store/refundorder/express/:id	快递查询	merchant.store.order.RefundOrder/express	high		app/controller/merchant/store/order/RefundOrder.php	express	id
商户后台	GET	mer/store/refundorder/log/:id	操作记录	merchant.store.order.RefundOrder/log	high		app/controller/merchant/store/order/RefundOrder.php	log	id,page,limit,date,user_type
商户后台	GET	mer/store/refundorder/lst	列表	merchant.store.order.RefundOrder/lst	high		app/controller/merchant/store/order/RefundOrder.php	lst	page,limit,refund_order_sn,status,refund_type,date,order_sn,id,delivery_id,user_type,username,uid,nickname,real_name,phone
商户后台	POST	mer/store/refundorder/mark/:id	备注	merchant.store.order.RefundOrder/mark	high		app/controller/merchant/store/order/RefundOrder.php	mark	id,mer_mark
商户后台	GET	mer/store/refundorder/mark/:id/form	备注表单	merchant.store.order.RefundOrder/markForm	high		app/controller/merchant/store/order/RefundOrder.php	markForm	id
商户后台	POST	mer/store/refundorder/refund/:id	收到退回商品后确认退款	merchant.store.order.RefundOrder/refundPrice	high		app/controller/merchant/store/order/RefundOrder.php	refundPrice	id,status,fail_message
商户后台	GET	mer/store/refundorder/refund_message	refundMessage	api.Common/refundMessage	high		app/controller/api/Common.php	refundMessage	
商户后台	POST	mer/store/refundorder/status/:id	审核	merchant.store.order.RefundOrder/switchStatus	high		app/controller/merchant/store/order/RefundOrder.php	switchStatus	id,mer_delivery_user,mer_delivery_address,phone,status,fail_message
商户后台	GET	mer/store/refundorder/status/:id/form	审核表单	merchant.store.order.RefundOrder/switchStatusForm	high		app/controller/merchant/store/order/RefundOrder.php	switchStatusForm	id
商户后台	GET	mer/store/reply/form/:id	回复表单	admin.store.StoreProductReply/replyForm	high		app/controller/admin/store/StoreProductReply.php	replyForm	id
商户后台	GET	mer/store/reply/lst	列表	admin.store.StoreProductReply/lst	high		app/controller/admin/store/StoreProductReply.php	lst	page,limit,keyword,nickname,is_reply,date,product_id
商户后台	POST	mer/store/reply/reply/:id	回复	admin.store.StoreProductReply/reply	high		app/controller/admin/store/StoreProductReply.php	reply	id,content
商户后台	POST	mer/store/reply/sort/:id	排序	merchant.store.StoreProductReply/changeSort	high		app/controller/merchant/store/StoreProductReply.php	changeSort	id,sort
商户后台	POST	mer/store/reservation/product/create	添加预约商品	merchant.store.product.ReservationProduct/create	high		app/controller/merchant/store/product/ReservationProduct.php	create	_see_CREATE_PARAMS
商户后台	GET	mer/store/reservation/product/detail/:id	预约商品详情	merchant.store.product.ReservationProduct/detail	high		app/controller/merchant/store/product/ReservationProduct.php	detail	id
商户后台	GET	mer/store/reservation/product/edit/:id	获取预约商品	merchant.store.product.ReservationProduct/editInfo	high		app/controller/merchant/store/product/ReservationProduct.php	editInfo	id
商户后台	POST	mer/store/reservation/product/edit/:id	编辑预约商品	merchant.store.product.ReservationProduct/edit	high		app/controller/merchant/store/product/ReservationProduct.php	edit	id,_see_CREATE_PARAMS
商户后台	POST	mer/store/reservation/product/setStock/:id	批量修改预约商品库存	merchant.store.product.ReservationProduct/batchSetReservationProductStock	high		app/controller/merchant/store/product/ReservationProduct.php	batchSetReservationProductStock	id,stockValue
商户后台	GET	mer/store/reservation/product/showDay/:id	商品日历day	merchant.store.product.ReservationProduct/showDay	high		app/controller/merchant/store/product/ReservationProduct.php	showDay	id,date,sku_id
商户后台	GET	mer/store/reservation/product/showMonth/:id	商品日历month	merchant.store.product.ReservationProduct/showMonth	high		app/controller/merchant/store/product/ReservationProduct.php	showMonth	id,sku_id,date
商户后台	GET	mer/store/seckill/active/chart_order/:id	活动订单统计列表	merchant.store.seckill.SeckillActive/chart_order	high		app/controller/merchant/store/seckill/SeckillActive.php	chart_order	id,page,limit,keyword,status,mer_id,date
商户后台	GET	mer/store/seckill/active/chart_panel/:id	活动统计数据面板	merchant.store.seckill.SeckillActive/chart_panel	high		app/controller/merchant/store/seckill/SeckillActive.php	chart_panel	id
商户后台	GET	mer/store/seckill/active/chart_people/:id	活动参与人统计列表	merchant.store.seckill.SeckillActive/chart_people	high		app/controller/merchant/store/seckill/SeckillActive.php	chart_people	id,page,limit,keyword,date
商户后台	GET	mer/store/seckill/active/chart_product/:id	活动商品统计列表	merchant.store.seckill.SeckillActive/chart_product	high		app/controller/merchant/store/seckill/SeckillActive.php	chart_product	id,page,limit,keyword
商户后台	GET	mer/store/seckill/active/detail/:id	详情	merchant.store.seckill.SeckillActive/detail	high		app/controller/merchant/store/seckill/SeckillActive.php	detail	id
商户后台	GET	mer/store/seckill/active/lst	列表	merchant.store.seckill.SeckillActive/list	high		app/controller/merchant/store/seckill/SeckillActive.php	list	page,limit,name,seckill_active_status,date,active_status
商户后台	GET	mer/store/seckill/active/select	列表	merchant.store.seckill.SeckillActive/select	high		app/controller/merchant/store/seckill/SeckillActive.php	select	
商户后台	GET	mer/store/seckill/time/lst	lst	merchant.store.seckill.SeckillTime/lst	high		app/controller/merchant/store/seckill/SeckillTime.php	lst	active_id
商户后台	POST	mer/store/seckill_product/create	添加 	merchant.store.seckill.SeckillProduct/create	high		app/controller/merchant/store/seckill/SeckillProduct.php	create	
商户后台	DELETE	mer/store/seckill_product/delete/:id	加入回收站	merchant.store.seckill.SeckillProduct/delete	high		app/controller/merchant/store/seckill/SeckillProduct.php	delete	id
商户后台	DELETE	mer/store/seckill_product/destory/:id	删除	merchant.store.seckill.SeckillProduct/destory	high		app/controller/merchant/store/seckill/SeckillProduct.php	destory	id
商户后台	GET	mer/store/seckill_product/detail/:id	详情	merchant.store.seckill.SeckillProduct/detail	high		app/controller/merchant/store/seckill/SeckillProduct.php	detail	id
商户后台	POST	mer/store/seckill_product/labels/:id	设置标签	merchant.store.seckill.SeckillProduct/setLabels	high		app/controller/merchant/store/seckill/SeckillProduct.php	setLabels	id,mer_labels
商户后台	GET	mer/store/seckill_product/list	列表	merchant.store.seckill.SeckillProduct/get_list	high		app/controller/merchant/store/seckill/SeckillProduct.php	get_list	keyword,status,seckill_active_id,us_status,active_status,active_name,sys_labels,mer_cate_id,is_trader,sort,mer_labels,type
商户后台	GET	mer/store/seckill_product/lst	分页列表	merchant.store.seckill.SeckillProduct/get_page_list	high		app/controller/merchant/store/seckill/SeckillProduct.php	get_page_list	page,limit,keyword,status,seckill_active_id,us_status,active_status,active_name,sys_labels,mer_cate_id,is_trader,sort,mer_labels,type
商户后台	GET	mer/store/seckill_product/lst_filter	统计	merchant.store.seckill.SeckillProduct/getStatusFilter	high		app/controller/merchant/store/seckill/SeckillProduct.php	getStatusFilter	keyword,status,seckill_active_id,us_status,active_status,active_name,sys_labels,mer_cate_id,is_trader,sort,mer_labels
商户后台	POST	mer/store/seckill_product/preview	预览	merchant.store.seckill.SeckillProduct/preview	high		app/controller/merchant/store/seckill/SeckillProduct.php	preview	
商户后台	GET	mer/store/seckill_product/product_list	商品列表	merchant.store.seckill.SeckillProduct/get_product_list	high		app/controller/merchant/store/seckill/SeckillProduct.php	get_product_list	page,limit,keyword,sys_labels,category_id,us_status,cate_ids,in_type,status,type_id,active_id
商户后台	POST	mer/store/seckill_product/restore/:id	恢复	merchant.store.seckill.SeckillProduct/restore	high		app/controller/merchant/store/seckill/SeckillProduct.php	restore	id
商户后台	POST	mer/store/seckill_product/sort/:id	排序	merchant.store.seckill.SeckillProduct/updateSort	high		app/controller/merchant/store/seckill/SeckillProduct.php	updateSort	id,sort
商户后台	POST	mer/store/seckill_product/status/:id	修改状态	merchant.store.seckill.SeckillProduct/switchStatus	high		app/controller/merchant/store/seckill/SeckillProduct.php	switchStatus	id,status
商户后台	POST	mer/store/seckill_product/update/:id	修改商品	merchant.store.seckill.SeckillProduct/update	high		app/controller/merchant/store/seckill/SeckillProduct.php	update	id,attr_value,sort
商户后台	POST	mer/store/shipping/create	添加 	merchant.store.shipping.ShippingTemplate/create	high		app/controller/merchant/store/shipping/ShippingTemplate.php	create	name,type,appoint,undelivery,region,free,undelives,sort,info
商户后台	DELETE	mer/store/shipping/delete/:id	删除	merchant.store.shipping.ShippingTemplate/delete	high		app/controller/merchant/store/shipping/ShippingTemplate.php	delete	id
商户后台	GET	mer/store/shipping/detail/:id	详情	merchant.store.shipping.ShippingTemplate/detail	high		app/controller/merchant/store/shipping/ShippingTemplate.php	detail	id
商户后台	GET	mer/store/shipping/list	列表 	merchant.store.shipping.ShippingTemplate/getList	high		app/controller/merchant/store/shipping/ShippingTemplate.php	getList	
商户后台	GET	mer/store/shipping/lst	列表	merchant.store.shipping.ShippingTemplate/lst	high		app/controller/merchant/store/shipping/ShippingTemplate.php	lst	page,limit,type,name
商户后台	GET	mer/store/shipping/setDefault/:id	设置默认模板	merchant.store.shipping.ShippingTemplate/setDefault	high		app/controller/merchant/store/shipping/ShippingTemplate.php	setDefault	id
商户后台	POST	mer/store/shipping/update/:id	编辑	merchant.store.shipping.ShippingTemplate/update	high		app/controller/merchant/store/shipping/ShippingTemplate.php	update	id
商户后台	POST	mer/system/admin/create	添加	merchant.system.admin.MerchantAdmin/create	high		app/controller/merchant/system/admin/MerchantAdmin.php	create	account,phone,pwd,againPassword,real_name,roles,status
商户后台	GET	mer/system/admin/create/form	添加表单	merchant.system.admin.MerchantAdmin/createForm	high		app/controller/merchant/system/admin/MerchantAdmin.php	createForm	
商户后台	DELETE	mer/system/admin/delete/:id	删除	merchant.system.admin.MerchantAdmin/delete	high		app/controller/merchant/system/admin/MerchantAdmin.php	delete	id
商户后台	POST	mer/system/admin/edit	修改信息	merchant.system.admin.MerchantAdmin/edit	high		app/controller/merchant/system/admin/MerchantAdmin.php	edit	real_name,phone
商户后台	GET	mer/system/admin/edit/form	修改信息表单	merchant.system.admin.MerchantAdmin/editForm	high		app/controller/merchant/system/admin/MerchantAdmin.php	editForm	
商户后台	POST	mer/system/admin/edit/password	修改密码	merchant.system.admin.MerchantAdmin/editPassword	high		app/controller/merchant/system/admin/MerchantAdmin.php	editPassword	pwd,againPassword
商户后台	GET	mer/system/admin/edit/password/form	修改密码表单	merchant.system.admin.MerchantAdmin/editPasswordForm	high		app/controller/merchant/system/admin/MerchantAdmin.php	editPasswordForm	
商户后台	GET	mer/system/admin/log	操作日志	admin.system.admin.AdminLog/lst	high		app/controller/admin/system/admin/AdminLog.php	lst	page,limit,section_startTime,section_endTime,admin_id,method,date,keyword
商户后台	GET	mer/system/admin/lst	列表	merchant.system.admin.MerchantAdmin/getList	high		app/controller/merchant/system/admin/MerchantAdmin.php	getList	page,limit,keyword,date,status
商户后台	POST	mer/system/admin/password/:id	修改密码	merchant.system.admin.MerchantAdmin/password	high		app/controller/merchant/system/admin/MerchantAdmin.php	password	id,pwd,againPassword
商户后台	GET	mer/system/admin/password/form/:id	修改密码表单	merchant.system.admin.MerchantAdmin/passwordForm	high		app/controller/merchant/system/admin/MerchantAdmin.php	passwordForm	id
商户后台	POST	mer/system/admin/status/:id	修改状态	merchant.system.admin.MerchantAdmin/switchStatus	high		app/controller/merchant/system/admin/MerchantAdmin.php	switchStatus	id,status
商户后台	POST	mer/system/admin/update/:id	编辑	merchant.system.admin.MerchantAdmin/update	high		app/controller/merchant/system/admin/MerchantAdmin.php	update	id,account,phone,real_name,roles,status
商户后台	GET	mer/system/admin/update/form/:id	编辑表单	merchant.system.admin.MerchantAdmin/updateForm	high		app/controller/merchant/system/admin/MerchantAdmin.php	updateForm	id
商户后台	POST	mer/system/attachment/category	批量修改	admin.system.attachment.Attachment/batchChangeCategory	high		app/controller/admin/system/attachment/Attachment.php	batchChangeCategory	ids,attachment_category_id
商户后台	POST	mer/system/attachment/category/create	添加	admin.system.attachment.AttachmentCategory/create	high		app/controller/admin/system/attachment/AttachmentCategory.php	create	
商户后台	GET	mer/system/attachment/category/create/form	添加表单	admin.system.attachment.AttachmentCategory/createForm	high		app/controller/admin/system/attachment/AttachmentCategory.php	createForm	
商户后台	DELETE	mer/system/attachment/category/delete/:id	删除	admin.system.attachment.AttachmentCategory/delete	high		app/controller/admin/system/attachment/AttachmentCategory.php	delete	id
商户后台	GET	mer/system/attachment/category/formatLst	列表	admin.system.attachment.AttachmentCategory/getFormatList	high		app/controller/admin/system/attachment/AttachmentCategory.php	getFormatList	
商户后台	POST	mer/system/attachment/category/update/:id	编辑	admin.system.attachment.AttachmentCategory/update	high		app/controller/admin/system/attachment/AttachmentCategory.php	update	id
商户后台	GET	mer/system/attachment/category/update/form/:id	编辑表单	admin.system.attachment.AttachmentCategory/updateForm	high		app/controller/admin/system/attachment/AttachmentCategory.php	updateForm	id
商户后台	POST	mer/system/attachment/chunk/video	chunkVideo	admin.system.attachment.Attachment/chunkVideo	high		app/controller/admin/system/attachment/Attachment.php	chunkVideo	chunkNumber,currentChunkSize,chunkSize,totalChunks,file,md5,filename
商户后台	DELETE	mer/system/attachment/delete	删除	admin.system.attachment.Attachment/delete	high		app/controller/admin/system/attachment/Attachment.php	delete	ids
商户后台	GET	mer/system/attachment/lst	列表	admin.system.attachment.Attachment/getList	high		app/controller/admin/system/attachment/Attachment.php	getList	page,limit,attachment_category_id,order,attachment_name,attachment_type
商户后台	POST	mer/system/attachment/online_upload	在线图片	admin.system.attachment.Attachment/onlineUpload	high		app/controller/admin/system/attachment/Attachment.php	onlineUpload	id,images
商户后台	GET	mer/system/attachment/scan_upload/image/:token	扫码上传图片	admin.system.attachment.Attachment/scanUploadImage	high		app/controller/admin/system/attachment/Attachment.php	scanUploadImage	token
商户后台	POST	mer/system/attachment/scan_upload/image/:token	扫码上传保存	admin.system.attachment.Attachment/scanUploadSave	high		app/controller/admin/system/attachment/Attachment.php	scanUploadSave	token,pid,ids
商户后台	GET	mer/system/attachment/scan_upload/qrcode/:pid	上传二维码	admin.system.attachment.Attachment/scanUploadQrcode	high		app/controller/admin/system/attachment/Attachment.php	scanUploadQrcode	pid
商户后台	POST	mer/system/attachment/update/:id	编辑	admin.system.attachment.Attachment/update	high		app/controller/admin/system/attachment/Attachment.php	update	id,attachment_name
商户后台	GET	mer/system/attachment/update/:id/form	编辑表单的	admin.system.attachment.Attachment/updateForm	high		app/controller/admin/system/attachment/Attachment.php	updateForm	id
商户后台	GET	mer/system/city/lst	列表	merchant.store.shipping.City/lst	high		app/controller/merchant/store/shipping/City.php	lst	
商户后台	POST	mer/system/role/create	添加	merchant.system.auth.Role/create	high		app/controller/merchant/system/auth/Role.php	create	
商户后台	GET	mer/system/role/create/form	添加表单	merchant.system.auth.Role/createForm	high		app/controller/merchant/system/auth/Role.php	createForm	
商户后台	DELETE	mer/system/role/delete/:id	删除	merchant.system.auth.Role/delete	high		app/controller/merchant/system/auth/Role.php	delete	id
商户后台	GET	mer/system/role/lst	列表	merchant.system.auth.Role/getList	high		app/controller/merchant/system/auth/Role.php	getList	page,limit
商户后台	POST	mer/system/role/status/:id	修改状态	merchant.system.auth.Role/switchStatus	high		app/controller/merchant/system/auth/Role.php	switchStatus	id,status
商户后台	POST	mer/system/role/update/:id	编辑	merchant.system.auth.Role/update	high		app/controller/merchant/system/auth/Role.php	update	id
商户后台	GET	mer/system/role/update/form/:id	编辑表单	merchant.system.auth.Role/updateForm	high		app/controller/merchant/system/auth/Role.php	updateForm	id
商户后台	GET	mer/take/info	到店自提信息	merchant.system.Merchant/takeInfo	high		app/controller/merchant/system/Merchant.php	takeInfo	
商户后台	POST	mer/take/update	保存到店自提信息	merchant.system.Merchant/take	high		app/controller/merchant/system/Merchant.php	take	mer_take_status,mer_take_name,mer_take_phone,mer_take_address,mer_take_location,mer_take_day,mer_take_time
商户后台	GET	mer/test	test	merchant.system.admin.Login/test	stale		app/controller/merchant/system/admin/Login.php	test	
商户后台	GET	mer/update/form	编辑	merchant.system.Merchant/updateForm	high		app/controller/merchant/system/Merchant.php	updateForm	
商户后台	POST	mer/upload/certificate	uploadCertificate	merchant.Common/uploadCertificate	high		app/controller/merchant/Common.php	uploadCertificate	
商户后台	POST	mer/upload/files/:field	upload	admin.system.attachment.Attachment/upload	high		app/controller/admin/system/attachment/Attachment.php	upload	field
商户后台	POST	mer/upload/image/:id/:field	上传图片	admin.system.attachment.Attachment/image	high		app/controller/admin/system/attachment/Attachment.php	image	id,field,ueditor
商户后台	POST	mer/upload/video	uploadVideo	admin.system.attachment.Attachment/uploadVideo	high		app/controller/admin/system/attachment/Attachment.php	uploadVideo	
商户后台	POST	mer/user/change_label/:id	修改标签	merchant.user.UserMerchant/changeLabel	high		app/controller/merchant/user/UserMerchant.php	changeLabel	id,label_id
商户后台	GET	mer/user/change_label/form/:id	修改标签表单	merchant.user.UserMerchant/changeLabelForm	high		app/controller/merchant/user/UserMerchant.php	changeLabelForm	id
商户后台	GET	mer/user/clear_search_log	清除用户搜索记录	admin.user.User/clearSearchLog	high		app/controller/admin/user/User.php	clearSearchLog	
商户后台	GET	mer/user/coupon/:uid	优惠券	merchant.user.UserMerchant/coupon	high		app/controller/merchant/user/UserMerchant.php	coupon	uid,page,limit
商户后台	DELETE	mer/user/label/:id	删除	admin.user.UserLabel/delete	high		app/controller/admin/user/UserLabel.php	delete	id
商户后台	POST	mer/user/label/:id	编辑	admin.user.UserLabel/update	high		app/controller/admin/user/UserLabel.php	update	id
商户后台	GET	mer/user/label/form	添加表单	admin.user.UserLabel/createForm	high		app/controller/admin/user/UserLabel.php	createForm	
商户后台	GET	mer/user/label/form/:id	编辑表单	admin.user.UserLabel/updateForm	high		app/controller/admin/user/UserLabel.php	updateForm	id
商户后台	GET	mer/user/label/lst	列表	admin.user.UserLabel/lst	high		app/controller/admin/user/UserLabel.php	lst	page,limit,type,all
商户后台	POST	mer/user/label/user/label	添加	admin.user.UserLabel/create	high		app/controller/admin/user/UserLabel.php	create	label_name
商户后台	GET	mer/user/lst	列表	merchant.user.UserMerchant/getList	high		app/controller/merchant/user/UserMerchant.php	getList	page,limit,nickname,sex,is_promoter,user_time_type,user_time,pay_count,label_id,user_type,uid,phone,keyword
商户后台	GET	mer/user/order/:uid	订单列表	merchant.user.UserMerchant/order	high		app/controller/merchant/user/UserMerchant.php	order	uid,page,limit
商户后台	GET	mer/user/search_log	搜索记录	admin.user.User/searchLog	high		app/controller/admin/user/User.php	searchLog	page,limit,date,keyword,nickname,user_type,uid,phone,real_name
商户后台	GET	mer/user/search_log/export	用户搜索记录导出	admin.user.User/exportSearchLog	high		app/controller/admin/user/User.php	exportSearchLog	page,limit,date,keyword,nickname,user_type
商户后台	GET	mer/v2/system/city/lst/:pid	列表	merchant.store.shipping.City/lstV2	high		app/controller/merchant/store/shipping/City.php	lstV2	pid
商户后台	GET	mer/version	version	admin.Common/version	high		app/controller/admin/Common.php	version	
商户开放接口	POST	openapi/auth	获取开放接口 Token	openapi.Auth/auth	high		app/controller/openapi/Auth.php	auth	unique,expiration,access_key,signature
商户开放接口	GET	openapi/order/detail/:id	订单详情	openapi.store.StoreOrder/detail	high		app/controller/openapi/store/StoreOrder.php	detail	unique,expiration,access_key,signature,id
商户开放接口	GET	openapi/order/list	订单列表	openapi.store.StoreOrder/lst	high		app/controller/openapi/store/StoreOrder.php	lst	unique,expiration,access_key,signature,page,limit,status,date,order_sn,username,order_type,keywords,order_id,activity_type,group_order_sn,store_name,filter_delivery,filter_product,pay_type
商户开放接口	POST	openapi/product/create	创建商品	openapi.store.StoreProduct/create	high		app/controller/openapi/store/StoreProduct.php	create	unique,expiration,access_key,signature,is_copy,image,slider_image,store_name,store_info,keyword,bar_code,guarantee_template_id,cate_id,unit_name,sort,is_show,is_good,is_gift_bag,integral_rate,video_link,temp_id,content,spec_type,extension_type,attr,mer_labels,delivery_way,delivery_free,param_temp_id,custom_temp_id,extend,mer_form_id,auto_on_time,auto_off_time,mer_cate_id,refund_switch,brand_id,once_max_count,once_min_count,pay_limit,attrValue,give_coupon_ids,type,svip_price,svip_price_type,params,product_type,good_ids,reservation_time_type,reservation_start_time,reservation_end_time,reservation_time_interval,time_period,reservation_type,show_num_type,sale_time_type,sale_time_start_day,sale_time_end_day,sale_time_week,show_reservation_days,is_advance,advance_time,is_cancel_reservation,cancel_reservation_time,reservation_form_type,labels,activity_label_ids
商户开放接口	GET	openapi/product/detail/:id	商品详情	openapi.store.StoreProduct/detail	high		app/controller/openapi/store/StoreProduct.php	detail	unique,expiration,access_key,signature,id
商户开放接口	GET	openapi/product/list	商品列表	openapi.store.StoreProduct/lst	high		app/controller/openapi/store/StoreProduct.php	lst	unique,expiration,access_key,signature,page,limit,temp_id,cate_id,keyword,mer_cate_id,is_gift_bag,status,us_status,product_id,mer_labels,order,is_ficti,svip_price_type,filters_type,is_action,type
客服端	GET	ser/captcha	getCaptcha	service.Login/getCaptcha	high		app/controller/service/Login.php	getCaptcha	
客服端	GET	ser/config	config	service.Common/config	high		app/controller/service/Common.php	config	
客服端	GET	ser/history/:uid	history	service.Service/history	high		app/controller/service/Service.php	history	uid,page,limit,last_id
客服端	GET	ser/info	info	service.Common/info	high		app/controller/service/Common.php	info	
客服端	POST	ser/login	login	service.Login/login	high		app/controller/service/Login.php	login	account,password,key,code
客服端	POST	ser/login/scan	scanLogin	service.Login/scanLogin	high		app/controller/service/Login.php	scanLogin	
客服端	POST	ser/login/scan/check	checkScanLogin	service.Login/checkScanLogin	high		app/controller/service/Login.php	checkScanLogin	key
客服端	POST	ser/logout	logout	service.Login/logout	high		app/controller/service/Login.php	logout	
客服端	GET	ser/order/:id	getOrderInfo	service.Service/getOrderInfo	high		app/controller/service/Service.php	getOrderInfo	id
客服端	GET	ser/order_express/:id	orderExpress	service.Service/orderExpress	high		app/controller/service/Service.php	orderExpress	id
客服端	GET	ser/order_status/:id	orderStatus	service.Service/orderStatus	high		app/controller/service/Service.php	orderStatus	id,page,limit,date,user_type
客服端	GET	ser/product/:id	product	service.Service/product	high		app/controller/service/Service.php	product	id
客服端	GET	ser/refund/:id	getRefundOder	service.Service/getRefundOder	high		app/controller/service/Service.php	getRefundOder	id
客服端	GET	ser/refund_express/:id	refundOrderExpress	service.Service/refundOrderExpress	high		app/controller/service/Service.php	refundOrderExpress	id
客服端	POST	ser/upload/:field	upload	service.Service/upload	high		app/controller/service/Service.php	upload	field
客服端	GET	ser/user	user	service.Common/user	high		app/controller/service/Common.php	user	
客服端	GET	ser/user/lst	serviceUserList	service.Service/serviceUserList	high		app/controller/service/Service.php	serviceUserList	page,limit,keyword
客服端	POST	ser/user/mark/:uid	mark	service.Service/mark	high		app/controller/service/Service.php	mark	uid,mark
平台后台	POST	sys/activity/atmosphere/create	添加	admin.store.marketing.StoreAtmosphere/create	high		app/controller/admin/store/marketing/StoreAtmosphere.php	create	scope_type
平台后台	DELETE	sys/activity/atmosphere/delete/:id	删除	admin.store.marketing.StoreAtmosphere/delete	high		app/controller/admin/store/marketing/StoreAtmosphere.php	delete	id
平台后台	GET	sys/activity/atmosphere/detail/:id	详情	admin.store.marketing.StoreAtmosphere/detail	high		app/controller/admin/store/marketing/StoreAtmosphere.php	detail	id
平台后台	GET	sys/activity/atmosphere/lst	列表	admin.store.marketing.StoreAtmosphere/lst	high		app/controller/admin/store/marketing/StoreAtmosphere.php	lst	page,limit,keyword,status,date
平台后台	POST	sys/activity/atmosphere/status/:id	修改状态	admin.store.marketing.StoreAtmosphere/statusSwitch	high		app/controller/admin/store/marketing/StoreAtmosphere.php	statusSwitch	id,status
平台后台	POST	sys/activity/atmosphere/update/:id	编辑	admin.store.marketing.StoreAtmosphere/update	high		app/controller/admin/store/marketing/StoreAtmosphere.php	update	id
平台后台	POST	sys/activity/border/create	添加	admin.store.marketing.StoreBorder/create	high		app/controller/admin/store/marketing/StoreBorder.php	create	scope_type
平台后台	DELETE	sys/activity/border/delete/:id	删除	admin.store.marketing.StoreBorder/delete	high		app/controller/admin/store/marketing/StoreBorder.php	delete	id
平台后台	GET	sys/activity/border/detail/:id	详情	admin.store.marketing.StoreBorder/detail	high		app/controller/admin/store/marketing/StoreBorder.php	detail	id
平台后台	GET	sys/activity/border/lst	列表	admin.store.marketing.StoreBorder/lst	high		app/controller/admin/store/marketing/StoreBorder.php	lst	page,limit,keyword,status,date
平台后台	POST	sys/activity/border/status/:id	修改状态	admin.store.marketing.StoreBorder/statusSwitch	high		app/controller/admin/store/marketing/StoreBorder.php	statusSwitch	id,status
平台后台	POST	sys/activity/border/update/:id	编辑	admin.store.marketing.StoreBorder/update	high		app/controller/admin/store/marketing/StoreBorder.php	update	id
平台后台	POST	sys/activity/cate/create	添加	admin.store.StoreActivityCate/create	high		app/controller/admin/store/StoreActivityCate.php	create	name,pic,status,sort
平台后台	DELETE	sys/activity/cate/delete/:id	删除	admin.store.StoreActivityCate/delete	high		app/controller/admin/store/StoreActivityCate.php	delete	id
平台后台	GET	sys/activity/cate/form/create	添加表单	admin.store.StoreActivityCate/createForm	high		app/controller/admin/store/StoreActivityCate.php	createForm	
平台后台	GET	sys/activity/cate/lst	列表	admin.store.StoreActivityCate/lst	high		app/controller/admin/store/StoreActivityCate.php	lst	page,limit
平台后台	GET	sys/activity/cate/select	systemActivityCateSelect	admin.store.StoreActivityCate/select	high		app/controller/admin/store/StoreActivityCate.php	select	
平台后台	POST	sys/activity/cate/update/:id	编辑	admin.store.StoreActivityCate/update	high		app/controller/admin/store/StoreActivityCate.php	update	id
平台后台	GET	sys/activity/cate/update/:id/form	编辑表单	admin.store.StoreActivityCate/updateForm	high		app/controller/admin/store/StoreActivityCate.php	updateForm	id
平台后台	POST	sys/activity/form/create	添加	admin.store.marketing.StoreForm/create	high		app/controller/admin/store/marketing/StoreForm.php	create	form_id
平台后台	DELETE	sys/activity/form/delete/:id	删除	admin.store.marketing.StoreForm/delete	high		app/controller/admin/store/marketing/StoreForm.php	delete	id
平台后台	GET	sys/activity/form/detail/:id	详情	admin.store.marketing.StoreForm/detail	high		app/controller/admin/store/marketing/StoreForm.php	detail	id
平台后台	GET	sys/activity/form/excel/:id	活动记录导出	admin.store.marketing.StoreForm/activUserExcel	high		app/controller/admin/store/marketing/StoreForm.php	activUserExcel	id,page,limit,keyword
平台后台	GET	sys/activity/form/lst	列表	admin.store.marketing.StoreForm/lst	high		app/controller/admin/store/marketing/StoreForm.php	lst	page,limit,keyword,status,date,form_id
平台后台	POST	sys/activity/form/status/:id	修改状态	admin.store.marketing.StoreForm/statusSwitch	high		app/controller/admin/store/marketing/StoreForm.php	statusSwitch	id,status
平台后台	POST	sys/activity/form/update/:id	编辑	admin.store.marketing.StoreForm/update	high		app/controller/admin/store/marketing/StoreForm.php	update	id
平台后台	GET	sys/activity/form/user/lst/:id	活动记录	admin.store.marketing.StoreForm/activUserLst	high		app/controller/admin/store/marketing/StoreForm.php	activUserLst	id,page,limit,keyword
平台后台	POST	sys/activity/label/create	添加	admin.store.StoreActivityLabel/create	high		app/controller/admin/store/StoreActivityLabel.php	create	type,label_cate,label_name,style_type,color,bg_color,border_color,icon,is_show,status,sort
平台后台	DELETE	sys/activity/label/delete/:id	删除	admin.store.StoreActivityLabel/delete	high		app/controller/admin/store/StoreActivityLabel.php	delete	id
平台后台	GET	sys/activity/label/detail/:id	详情	admin.store.StoreActivityLabel/detail	high		app/controller/admin/store/StoreActivityLabel.php	detail	id
平台后台	GET	sys/activity/label/lst	列表	admin.store.StoreActivityLabel/lst	high		app/controller/admin/store/StoreActivityLabel.php	lst	page,limit,label_cate
平台后台	GET	sys/activity/label/options	下拉列表	admin.store.StoreActivityLabel/options	high		app/controller/admin/store/StoreActivityLabel.php	options	
平台后台	POST	sys/activity/label/status/:id	编辑	admin.store.StoreActivityLabel/status	high		app/controller/admin/store/StoreActivityLabel.php	status	id,status,type
平台后台	POST	sys/activity/label/update/:id	编辑	admin.store.StoreActivityLabel/update	high		app/controller/admin/store/StoreActivityLabel.php	update	id
平台后台	GET	sys/agreement/:key	协议	admin.system.Cache/getAgree	high		app/controller/admin/system/Cache.php	getAgree	key
平台后台	POST	sys/agreement/:key	协议保存	admin.system.Cache/saveAgree	high		app/controller/admin/system/Cache.php	saveAgree	key,agree
平台后台	GET	sys/agreement/keylst	协议列表	admin.system.Cache/getKeyLst	high		app/controller/admin/system/Cache.php	getKeyLst	type
平台后台	GET	sys/ajcaptcha	ajcaptcha	api.Auth/ajcaptcha	high		app/controller/api/Auth.php	ajcaptcha	captchaType
平台后台	POST	sys/ajcheck	ajcheck	api.Auth/ajcheck	high		app/controller/api/Auth.php	ajcheck	token,pointJson,captchaType
平台后台	POST	sys/ajstatus	ajCaptchaStatus	admin.system.admin.Login/ajCaptchaStatus	high		app/controller/admin/system/admin/Login.php	ajCaptchaStatus	account
平台后台	GET	sys/analytics/order/line_chart	折线图统计	admin.analytics.StoreOrder/lineChart	high		app/controller/admin/analytics/StoreOrder.php	lineChart	date
平台后台	GET	sys/analytics/order/pie_chart/:type	折线图统计	admin.analytics.StoreOrder/typePieCahrt	high		app/controller/admin/analytics/StoreOrder.php	typePieCahrt	type,date
平台后台	GET	sys/analytics/order/top	顶部统计	admin.analytics.StoreOrder/top	high		app/controller/admin/analytics/StoreOrder.php	top	date
平台后台	GET	sys/analytics/product/line_chart	折线图统计	admin.analytics.StoreProduct/lineChart	high		app/controller/admin/analytics/StoreProduct.php	lineChart	date
平台后台	GET	sys/analytics/product/pie_chart/:type	折线图统计	admin.analytics.StoreProduct/typePieCahrt	high		app/controller/admin/analytics/StoreProduct.php	typePieCahrt	type
平台后台	GET	sys/analytics/product/top	顶部统计	admin.analytics.StoreProduct/top	high		app/controller/admin/analytics/StoreProduct.php	top	date
平台后台	GET	sys/analytics/user/line_chart	折线图统计	admin.analytics.User/lineChart	high		app/controller/admin/analytics/User.php	lineChart	type,date
平台后台	GET	sys/analytics/user/pie_chart	折线图统计	admin.analytics.User/typePieCahrt	high		app/controller/admin/analytics/User.php	typePieCahrt	date
平台后台	GET	sys/analytics/user/top	顶部统计	admin.analytics.User/top	high		app/controller/admin/analytics/User.php	top	date
平台后台	GET	sys/auth	auth	admin.Common/auth	stale		app/controller/admin/Common.php	auth	
平台后台	POST	sys/auth_apply	auth_apply	admin.Common/auth_apply	high		app/controller/admin/Common.php	auth_apply	company_name,domain_name,order_id,phone,label,captcha
平台后台	GET	sys/bill/brokerage	brokerage_list	admin.user.UserBill/brokerage_list	high		app/controller/admin/user/UserBill.php	brokerage_list	page,limit,keyword,date,type,uid,phone,real_name,nickname
平台后台	GET	sys/bill/export	导出	admin.user.UserBill/export	high		app/controller/admin/user/UserBill.php	export	page,limit,keyword,date,type
平台后台	GET	sys/bill/list	列表	admin.user.UserBill/getList	high		app/controller/admin/user/UserBill.php	getList	page,limit,keyword,date,type,uid,phone,real_name,nickname
平台后台	GET	sys/bill/type	类型	admin.user.UserBill/type	high		app/controller/admin/user/UserBill.php	type	category
平台后台	POST	sys/broadcast/goods/apply/:id	审核	admin.store.BroadcastGoods/apply	high		app/controller/admin/store/BroadcastGoods.php	apply	id,status,msg
平台后台	GET	sys/broadcast/goods/apply/form/:id	审核表单	admin.store.BroadcastGoods/applyForm	high		app/controller/admin/store/BroadcastGoods.php	applyForm	id
平台后台	DELETE	sys/broadcast/goods/delete/:id	删除	admin.store.BroadcastGoods/delete	high		app/controller/admin/store/BroadcastGoods.php	delete	id
平台后台	GET	sys/broadcast/goods/detail/:id	详情	admin.store.BroadcastGoods/detail	high		app/controller/admin/store/BroadcastGoods.php	detail	id
平台后台	GET	sys/broadcast/goods/lst	列表	admin.store.BroadcastGoods/lst	high		app/controller/admin/store/BroadcastGoods.php	lst	page,limit,keyword,status_tag,is_trader,mer_valid,broadcast_goods_id
平台后台	POST	sys/broadcast/goods/sort/:id	排序	admin.store.BroadcastGoods/sort	high		app/controller/admin/store/BroadcastGoods.php	sort	id,sort
平台后台	POST	sys/broadcast/goods/status/:id	修改状态	admin.store.BroadcastGoods/changeStatus	high		app/controller/admin/store/BroadcastGoods.php	changeStatus	id,is_show
平台后台	POST	sys/broadcast/room/apply/:id	申请	admin.store.BroadcastRoom/apply	high		app/controller/admin/store/BroadcastRoom.php	apply	id,status,msg
平台后台	GET	sys/broadcast/room/apply/form/:id	申请审核表单	admin.store.BroadcastRoom/applyForm	high		app/controller/admin/store/BroadcastRoom.php	applyForm	id
平台后台	POST	sys/broadcast/room/closeKf/:id	客服开关	admin.store.BroadcastRoom/closeKf	high		app/controller/admin/store/BroadcastRoom.php	closeKf	id,status
平台后台	POST	sys/broadcast/room/comment/:id	禁言开关	admin.store.BroadcastRoom/banComment	high		app/controller/admin/store/BroadcastRoom.php	banComment	id,status
平台后台	DELETE	sys/broadcast/room/delete/:id	删除	admin.store.BroadcastRoom/delete	high		app/controller/admin/store/BroadcastRoom.php	delete	id
平台后台	GET	sys/broadcast/room/detail/:id	详情	admin.store.BroadcastRoom/detail	high		app/controller/admin/store/BroadcastRoom.php	detail	id
平台后台	POST	sys/broadcast/room/feedsPublic/:id	收录开关	admin.store.BroadcastRoom/isFeedsPublic	high		app/controller/admin/store/BroadcastRoom.php	isFeedsPublic	id,status
平台后台	GET	sys/broadcast/room/goods/:id	商品列表	admin.store.BroadcastRoom/goodsList	high		app/controller/admin/store/BroadcastRoom.php	goodsList	id,page,limit
平台后台	POST	sys/broadcast/room/live_status/:id	修改状态	admin.store.BroadcastRoom/changeLiveStatus	high		app/controller/admin/store/BroadcastRoom.php	changeLiveStatus	id,replay_status
平台后台	GET	sys/broadcast/room/lst	列表	admin.store.BroadcastRoom/lst	high		app/controller/admin/store/BroadcastRoom.php	lst	page,limit,keyword,status_tag,is_trader,show_type,mer_id,live_status,star,broadcast_room_id
平台后台	POST	sys/broadcast/room/sort/:id	排序	admin.store.BroadcastRoom/sort	high		app/controller/admin/store/BroadcastRoom.php	sort	id,sort,star
平台后台	POST	sys/broadcast/room/status/:id	修改状态	admin.store.BroadcastRoom/changeStatus	high		app/controller/admin/store/BroadcastRoom.php	changeStatus	id,is_show
平台后台	GET	sys/captcha	getCaptcha	admin.system.admin.Login/getCaptcha	high		app/controller/admin/system/admin/Login.php	getCaptcha	
平台后台	GET	sys/change/color	一键换色	admin.Common/getChangeColor	high		app/controller/admin/Common.php	getChangeColor	
平台后台	POST	sys/change/color	一键换色保存	admin.Common/setChangeColor	high		app/controller/admin/Common.php	setChangeColor	global_theme
平台后台	GET	sys/check/queue	queue	admin.Common/queue	high		app/controller/admin/Common.php	queue	
平台后台	GET	sys/check_auth	check_auth	admin.Common/check_auth	stale		app/controller/admin/Common.php	check_auth	
平台后台	POST	sys/circle/agent/audit/:id	商圈代理审核	admin.circle.CircleAgent/audit	high		app/controller/admin/circle/CircleAgent.php	audit	id,status,audit_reason
平台后台	POST	sys/circle/agent/create	商圈代理添加	admin.circle.CircleAgent/create	high		app/controller/admin/circle/CircleAgent.php	create	type,name,phone,qualification,remark,uid,business_name,account,password,extend
平台后台	DELETE	sys/circle/agent/delete/:id	商圈代理删除	admin.circle.CircleAgent/delete	high		app/controller/admin/circle/CircleAgent.php	delete	id
平台后台	GET	sys/circle/agent/detail/:id	商圈代理详情	admin.circle.CircleAgent/detail	high		app/controller/admin/circle/CircleAgent.php	detail	id
平台后台	GET	sys/circle/agent/list	商圈代理列表	admin.circle.CircleAgent/list	high		app/controller/admin/circle/CircleAgent.php	list	page,limit,type,name,phone,uid,user_phone,business_name,nickname,is_apply,status,create_time
平台后台	GET	sys/circle/agent/merchantList/:id	关联商户列表	admin.circle.CircleAgent/associatedMerchantList	high		app/controller/admin/circle/CircleAgent.php	associatedMerchantList	id,page,limit,keyword,circle_id
平台后台	GET	sys/circle/agent/options	代理选项	admin.circle.CircleAgent/options	high		app/controller/admin/circle/CircleAgent.php	options	type
平台后台	POST	sys/circle/agent/resetPwd/:id	重置密码	admin.circle.CircleAgent/resetPassword	high		app/controller/admin/circle/CircleAgent.php	resetPassword	id
平台后台	GET	sys/circle/agent/settlementMethod/:id	结算方式get	admin.circle.CircleAgent/getSettlementMethod	high		app/controller/admin/circle/CircleAgent.php	getSettlementMethod	id
平台后台	POST	sys/circle/agent/settlementMethod/:id	结算方式post	admin.circle.CircleAgent/setSettlementMethod	high		app/controller/admin/circle/CircleAgent.php	setSettlementMethod	id,payment_method,payment_name,payment_account,payment_bank,payment_qr_img
平台后台	POST	sys/circle/agent/update/:id	商圈代理编辑	admin.circle.CircleAgent/update	high		app/controller/admin/circle/CircleAgent.php	update	id,type,name,phone,qualification,remark,uid,business_name,extend
平台后台	POST	sys/circle/checkout/audit/:id	平台结算审核	admin.circle.CircleBrokerageCheckout/audit	high		app/controller/admin/circle/CircleBrokerageCheckout.php	audit	id,audit_status,audit_reason
平台后台	GET	sys/circle/checkout/create	商圈申请结算获取余额	admin.circle.CircleBrokerageCheckout/create	high		app/controller/admin/circle/CircleBrokerageCheckout.php	create	agent_id
平台后台	POST	sys/circle/checkout/create	商圈申请结算提交	admin.circle.CircleBrokerageCheckout/save	high		app/controller/admin/circle/CircleBrokerageCheckout.php	save	agent_id,withdrawal_amount,withdrawal_type
平台后台	GET	sys/circle/checkout/detail/:id	结算记录详情	admin.circle.CircleBrokerageCheckout/detail	high		app/controller/admin/circle/CircleBrokerageCheckout.php	detail	id
平台后台	GET	sys/circle/checkout/list	结算记录列表	admin.circle.CircleBrokerageCheckout/list	high		app/controller/admin/circle/CircleBrokerageCheckout.php	list	page,limit,agent_id,agent_phone,create_time,audit_status,status,withdrawal_type,withdrawal_sn
平台后台	POST	sys/circle/checkout/platformRemark/:id	平台备注	admin.circle.CircleBrokerageCheckout/platformRemark	high		app/controller/admin/circle/CircleBrokerageCheckout.php	platformRemark	id,platform_remark
平台后台	POST	sys/circle/checkout/remark/:id	商圈备注	admin.circle.CircleBrokerageCheckout/remark	high		app/controller/admin/circle/CircleBrokerageCheckout.php	remark	id,remark
平台后台	POST	sys/circle/checkout/revoke/:id	商圈撤销结算	admin.circle.CircleBrokerageCheckout/revoke	high		app/controller/admin/circle/CircleBrokerageCheckout.php	revoke	id
平台后台	POST	sys/circle/checkout/transfer/:id	平台转账	admin.circle.CircleBrokerageCheckout/transfer	high		app/controller/admin/circle/CircleBrokerageCheckout.php	transfer	id,transfer_voucher,transfer_remark
平台后台	POST	sys/circle/create	商圈添加	admin.circle.Circle/create	high		app/controller/admin/circle/Circle.php	create	pid,name,circle_agent_id,commission_type,commission_rate,sort,status,merchant_ids,type,role_id,business_store_category,business_store_type
平台后台	DELETE	sys/circle/delete/:id	商圈删除	admin.circle.Circle/delete	high		app/controller/admin/circle/Circle.php	delete	id
平台后台	GET	sys/circle/detail/:id	商圈详情	admin.circle.Circle/detail	high		app/controller/admin/circle/Circle.php	detail	id
平台后台	GET	sys/circle/financialRecord/list	商圈提成流水列表	admin.circle.CircleFinancialRecord/list	high		app/controller/admin/circle/CircleFinancialRecord.php	list	page,limit,circle_id,mer_name,agent_id,order_time,order_sn,order_id,order_status
平台后台	GET	sys/circle/list	商圈列表	admin.circle.Circle/list	high		app/controller/admin/circle/Circle.php	list	page,limit,circle_agent_id,name,status,type
平台后台	GET	sys/circle/merchantList/:id	关联商户列表	admin.circle.Circle/associatedMerchantList	high		app/controller/admin/circle/Circle.php	associatedMerchantList	id,page,limit,keyword
平台后台	GET	sys/circle/options	options	admin.circle.Circle/options	high		app/controller/admin/circle/Circle.php	options	type,status,circle_agent_id
平台后台	POST	sys/circle/switch/:id	商圈状态切换	admin.circle.Circle/switch	high		app/controller/admin/circle/Circle.php	switch	id,status
平台后台	POST	sys/circle/update/:id	商圈编辑	admin.circle.Circle/update	high		app/controller/admin/circle/Circle.php	update	id,pid,name,circle_agent_id,commission_type,commission_rate,sort,status,merchant_ids,type,role_id,business_store_category,business_store_type
平台后台	POST	sys/clear/cache	清除缓存	admin.system.Cache/clearCache	high		app/controller/admin/system/Cache.php	clearCache	type
平台后台	POST	sys/community/category/create	社区分类添加	admin.community.CommunityCategory/create	high		app/controller/admin/community/CommunityCategory.php	create	pid,cate_name,is_show,sort
平台后台	GET	sys/community/category/create/form	社区分类添加表单	admin.community.CommunityCategory/createForm	high		app/controller/admin/community/CommunityCategory.php	createForm	
平台后台	DELETE	sys/community/category/delete/:id	社区分类删除	admin.community.CommunityCategory/delete	high		app/controller/admin/community/CommunityCategory.php	delete	id
平台后台	GET	sys/community/category/detail/:id	社区分类详情	admin.community.CommunityCategory/detail	stale		app/controller/admin/community/CommunityCategory.php	detail	
平台后台	GET	sys/community/category/lst	社区分类状态	admin.community.CommunityCategory/lst	high		app/controller/admin/community/CommunityCategory.php	lst	page,limit,cate_name
平台后台	GET	sys/community/category/option	社区分类	admin.community.CommunityCategory/getOptions	high		app/controller/admin/community/CommunityCategory.php	getOptions	
平台后台	POST	sys/community/category/status/:id	社区分类修改状态	admin.community.CommunityCategory/switchStatus	high		app/controller/admin/community/CommunityCategory.php	switchStatus	id,status
平台后台	POST	sys/community/category/update/:id	社区分类编辑	admin.community.CommunityCategory/update	high		app/controller/admin/community/CommunityCategory.php	update	id
平台后台	GET	sys/community/category/update/:id/form	社区分类编辑表单	admin.community.CommunityCategory/updateForm	high		app/controller/admin/community/CommunityCategory.php	updateForm	id
平台后台	DELETE	sys/community/delete/:id	文章删除	admin.community.Community/delete	high		app/controller/admin/community/Community.php	delete	id
平台后台	GET	sys/community/detail/:id	文章详情	admin.community.Community/detail	high		app/controller/admin/community/Community.php	detail	id
平台后台	GET	sys/community/lst	文章列表	admin.community.Community/lst	high		app/controller/admin/community/Community.php	lst	page,limit,keyword,status,username,category_id,topic_id,is_show,is_type,uid,phone,real_name,nickname
平台后台	GET	sys/community/reply/:id	内容评论列表	admin.community.CommunityReply/reply	high		app/controller/admin/community/CommunityReply.php	reply	id,page,limit
平台后台	DELETE	sys/community/reply/delete/:id	社区评论删除	admin.community.CommunityReply/delete	high		app/controller/admin/community/CommunityReply.php	delete	id
平台后台	GET	sys/community/reply/lst	社区评论列表	admin.community.CommunityReply/lst	high		app/controller/admin/community/CommunityReply.php	lst	page,limit,keyword,date,username,community_id,pid
平台后台	POST	sys/community/reply/status/:id	社区评论审核	admin.community.CommunityReply/switchStatus	high		app/controller/admin/community/CommunityReply.php	switchStatus	id,status,refusal
平台后台	GET	sys/community/reply/status/:id/form	社区评论审核表单	admin.community.CommunityReply/statusForm	high		app/controller/admin/community/CommunityReply.php	statusForm	id
平台后台	POST	sys/community/show/:id	文章详情	admin.community.Community/switchShow	high		app/controller/admin/community/Community.php	switchShow	id,status
平台后台	POST	sys/community/status/:id	修改状态	admin.community.Community/switchStatus	high		app/controller/admin/community/Community.php	switchStatus	id,status,refusal
平台后台	GET	sys/community/status/:id/form	修改状态表单	admin.community.Community/showForm	high		app/controller/admin/community/Community.php	showForm	id
平台后台	GET	sys/community/title	统计	admin.community.Community/title	high		app/controller/admin/community/Community.php	title	keyword,status,username,category_id,topic_id,is_show,is_type,uid,phone,real_name,nickname
平台后台	POST	sys/community/topic/create	社区话题添加	admin.community.CommunityTopic/create	high		app/controller/admin/community/CommunityTopic.php	create	category_id,topic_name,is_hot,status,sort,pic
平台后台	GET	sys/community/topic/create/form	社区话题添加表单	admin.community.CommunityTopic/createForm	high		app/controller/admin/community/CommunityTopic.php	createForm	
平台后台	DELETE	sys/community/topic/delete/:id	社区话题删除	admin.community.CommunityTopic/delete	high		app/controller/admin/community/CommunityTopic.php	delete	id
平台后台	GET	sys/community/topic/detail/:id	社区话题详情 	admin.community.CommunityTopic/detail	stale		app/controller/admin/community/CommunityTopic.php	detail	
平台后台	POST	sys/community/topic/hot/:id	社区话题推荐	admin.community.CommunityTopic/switchHot	high		app/controller/admin/community/CommunityTopic.php	switchHot	id,status
平台后台	GET	sys/community/topic/lst	社区话题	admin.community.CommunityTopic/lst	high		app/controller/admin/community/CommunityTopic.php	lst	page,limit,topic_name,category_id,status,is_hot,is_del
平台后台	GET	sys/community/topic/option	社区话题	admin.community.CommunityTopic/getOptions	high		app/controller/admin/community/CommunityTopic.php	getOptions	
平台后台	POST	sys/community/topic/status/:id	社区话题修改状态	admin.community.CommunityTopic/switchStatus	high		app/controller/admin/community/CommunityTopic.php	switchStatus	id,status
平台后台	POST	sys/community/topic/update/:id	社区话题编辑	admin.community.CommunityTopic/update	high		app/controller/admin/community/CommunityTopic.php	update	id
平台后台	GET	sys/community/topic/update/:id/form	社区话题编辑表单	admin.community.CommunityTopic/updateForm	high		app/controller/admin/community/CommunityTopic.php	updateForm	id
平台后台	POST	sys/community/update/:id	文章编辑	admin.community.Community/update	high		app/controller/admin/community/Community.php	update	id,start
平台后台	GET	sys/community/update/:id/form	文章编辑表单	admin.community.Community/updateForm	high		app/controller/admin/community/Community.php	updateForm	id
平台后台	GET	sys/config	config	admin.Common/config	high		app/controller/admin/Common.php	config	
平台后台	GET	sys/config/:key	获取配置信息	admin.system.config.Config/form	high		app/controller/admin/system/config/Config.php	form	key,tab_id
平台后台	POST	sys/config/classify/create	配置分类添加	admin.system.config.ConfigClassify/create	high		app/controller/admin/system/config/ConfigClassify.php	create	pid,classify_name,classify_key,info,status,icon,sort
平台后台	GET	sys/config/classify/create/table	配置分类添加表单	admin.system.config.ConfigClassify/createTable	high		app/controller/admin/system/config/ConfigClassify.php	createTable	
平台后台	DELETE	sys/config/classify/delete/:id	配置分类删除	admin.system.config.ConfigClassify/delete	high		app/controller/admin/system/config/ConfigClassify.php	delete	id
平台后台	GET	sys/config/classify/lst	配置分类列表	admin.system.config.ConfigClassify/lst	high		app/controller/admin/system/config/ConfigClassify.php	lst	status,classify_name
平台后台	GET	sys/config/classify/options	配置分类筛选	admin.system.config.ConfigClassify/getOptions	high		app/controller/admin/system/config/ConfigClassify.php	getOptions	
平台后台	POST	sys/config/classify/status/:id	配置分类修改状态	admin.system.config.ConfigClassify/switchStatus	high		app/controller/admin/system/config/ConfigClassify.php	switchStatus	id,status
平台后台	POST	sys/config/classify/update/:id	配置分类编辑	admin.system.config.ConfigClassify/update	high		app/controller/admin/system/config/ConfigClassify.php	update	id,pid,classify_name,classify_key,info,status,icon,sort
平台后台	GET	sys/config/classify/update/table/:id	配置分类编辑表单	admin.system.config.ConfigClassify/updateTable	high		app/controller/admin/system/config/ConfigClassify.php	updateTable	id
平台后台	GET	sys/config/others/group_buying	配置信息	admin.system.config.ConfigOthers/getGroupBuying	high		app/controller/admin/system/config/ConfigOthers.php	getGroupBuying	
平台后台	POST	sys/config/others/group_buying	配置保存	admin.system.config.ConfigOthers/setGroupBuying	high		app/controller/admin/system/config/ConfigOthers.php	setGroupBuying	ficti_status,group_buying_rate
平台后台	POST	sys/config/others/update	配置保存	admin.system.config.ConfigOthers/update	high		app/controller/admin/system/config/ConfigOthers.php	update	extension_status,extension_two_rate,extension_one_rate,extension_self,extension_limit,extension_limit_day,sys_extension_type,lock_brokerage_timer,max_bag_number,promoter_explain,user_extract_min,withdraw_type,promoter_type,promoter_low_money,extract_switch,extension_pop,transfer_scene_id
平台后台	POST	sys/config/save/:key	编辑配置信息	admin.system.config.ConfigValue/save	high		app/controller/admin/system/config/ConfigValue.php	save	key
平台后台	POST	sys/config/setting/create	配置添加	admin.system.config.Config/create	high		app/controller/admin/system/config/Config.php	create	
平台后台	GET	sys/config/setting/create/table	配置添加表单	admin.system.config.Config/createTable	high		app/controller/admin/system/config/Config.php	createTable	config_classify_id
平台后台	DELETE	sys/config/setting/delete/:id	配置删除	admin.system.config.Config/delete	high		app/controller/admin/system/config/Config.php	delete	id
平台后台	GET	sys/config/setting/lst	配置列表	admin.system.config.Config/lst	high		app/controller/admin/system/config/Config.php	lst	page,limit,keyword,config_classify_id,user_type
平台后台	GET	sys/config/setting/routine/config	小程序配置	admin.system.config.Config/getRoutineConfig	high		app/controller/admin/system/config/Config.php	getRoutineConfig	
平台后台	GET	sys/config/setting/routine/downloadTemp	小程序下载	admin.system.config.Config/downloadTemp	high		app/controller/admin/system/config/Config.php	downloadTemp	is_live,is_menu
平台后台	POST	sys/config/setting/status/:id	配置修改状态	admin.system.config.Config/switchStatus	high		app/controller/admin/system/config/Config.php	switchStatus	id,status
平台后台	POST	sys/config/setting/update/:id	配置编辑	admin.system.config.Config/update	high		app/controller/admin/system/config/Config.php	update	id
平台后台	GET	sys/config/setting/update/table/:id	配置编辑表单	admin.system.config.Config/updateTable	high		app/controller/admin/system/config/Config.php	updateTable	id
平台后台	POST	sys/config/setting/update_name/:field	上传原名文件	admin.system.config.Config/uploadAsName	high		app/controller/admin/system/config/Config.php	uploadAsName	field
平台后台	POST	sys/config/setting/upload_file/:field	上传文件	admin.system.config.Config/upload	high		app/controller/admin/system/config/Config.php	upload	field
平台后台	GET	sys/config/setting/wechat/file/form	微信校验文件上传表单	admin.system.config.Config/uploadWechatForm	high		app/controller/admin/system/config/Config.php	uploadWechatForm	
平台后台	POST	sys/config/setting/wechat_set	微信校验文件上传	admin.system.config.Config/uploadWechatSet	high		app/controller/admin/system/config/Config.php	uploadWechatSet	wechat_chekc_file
平台后台	GET	sys/config_classify/:key	获取配置	admin.system.config.Config/getConfig	high		app/controller/admin/system/config/Config.php	getConfig	key
平台后台	GET	sys/copyright/auth	获取授权信息	admin.Common/authCopyright	stale		app/controller/admin/Common.php	authCopyright	
平台后台	GET	sys/copyright/get	获取去版权信息	admin.Common/svaeCopyright	high		app/controller/admin/Common.php	svaeCopyright	copyright_context,copyright_image
平台后台	POST	sys/copyright/save	保存去版权信息	admin.Common/svaeCopyright	high		app/controller/admin/Common.php	svaeCopyright	copyright_context,copyright_image
平台后台	GET	sys/data_screen/:key	数据大屏	admin.Common/data_screen	high		app/controller/admin/Common.php	data_screen	key,pid
平台后台	GET	sys/delivery/belence	余额	admin.delivery.DeliveryStation/getBalance	high		app/controller/admin/delivery/DeliveryStation.php	getBalance	
平台后台	GET	sys/delivery/config/form	配置表单	admin.delivery.DeliveryStation/deliveryForm	high		app/controller/admin/delivery/DeliveryStation.php	deliveryForm	
平台后台	POST	sys/delivery/config/save	编辑配置	admin.delivery.DeliveryStation/saveDeliveryConfig	high		app/controller/admin/delivery/DeliveryStation.php	saveDeliveryConfig	delivery_type,dada_app_key,dada_app_sercret,dada_source_id,uupt_appkey,uupt_app_id,uupt_open_id,delivery_status
平台后台	GET	sys/delivery/order/detail/:id	配送详情	admin.delivery.DeliveryOrder/detail	high		app/controller/admin/delivery/DeliveryOrder.php	detail	id
平台后台	GET	sys/delivery/order/lst	配送记录	admin.delivery.DeliveryOrder/lst	high		app/controller/admin/delivery/DeliveryOrder.php	lst	page,limit,keyword,station_name,status,mer_id,date,order_sn,station_type
平台后台	GET	sys/delivery/recharge	充值	admin.delivery.DeliveryStation/getRecharge	high		app/controller/admin/delivery/DeliveryStation.php	getRecharge	
平台后台	GET	sys/delivery/station/detail/:id	门店详情	admin.delivery.DeliveryStation/detail	high		app/controller/admin/delivery/DeliveryStation.php	detail	id
平台后台	GET	sys/delivery/station/lst	门店列表	admin.delivery.DeliveryStation/lst	high		app/controller/admin/delivery/DeliveryStation.php	lst	page,limit,keyword,station_name,status,mer_id
平台后台	GET	sys/delivery/station/options	门店筛选	admin.delivery.DeliveryStation/options	high		app/controller/admin/delivery/DeliveryStation.php	options	
平台后台	GET	sys/delivery/station/payLst	充值记录	admin.delivery.DeliveryStation/payLst	high		app/controller/admin/delivery/DeliveryStation.php	payLst	page,limit,mer_id,date
平台后台	GET	sys/delivery/title	统计	admin.delivery.DeliveryOrder/title	high		app/controller/admin/delivery/DeliveryOrder.php	title	
平台后台	GET	sys/discounts/detail/:id	优惠套餐详情	admin.store.Discounts/detail	high		app/controller/admin/store/Discounts.php	detail	id
平台后台	GET	sys/discounts/lst	优惠套餐列表	admin.store.Discounts/lst	high		app/controller/admin/store/Discounts.php	lst	page,limit,keyword,store_name,mer_id,title,status,type
平台后台	POST	sys/discounts/status/:id	优惠套餐修改状态	admin.store.Discounts/switchStatus	high		app/controller/admin/store/Discounts.php	switchStatus	id,status
平台后台	GET	sys/diy/categroy/:id/form	编辑表单	admin.system.diy.PageCategroy/updateForm	high		app/controller/admin/system/diy/PageCategroy.php	updateForm	id
平台后台	POST	sys/diy/categroy/create	添加	admin.system.diy.PageCategroy/create	high		app/controller/admin/system/diy/PageCategroy.php	create	pid,type,name,status,sort,is_mer,level
平台后台	DELETE	sys/diy/categroy/delete/:id	删除	admin.system.diy.PageCategroy/delete	high		app/controller/admin/system/diy/PageCategroy.php	delete	id
平台后台	GET	sys/diy/categroy/form	添加表单	admin.system.diy.PageCategroy/createForm	high		app/controller/admin/system/diy/PageCategroy.php	createForm	type
平台后台	GET	sys/diy/categroy/lst	列表 	admin.system.diy.PageCategroy/lst	high		app/controller/admin/system/diy/PageCategroy.php	lst	type
平台后台	GET	sys/diy/categroy/options	列表 	admin.system.diy.PageCategroy/options	high		app/controller/admin/system/diy/PageCategroy.php	options	type
平台后台	POST	sys/diy/categroy/status/:id	编辑状态	admin.system.diy.PageCategroy/switchStatus	high		app/controller/admin/system/diy/PageCategroy.php	switchStatus	id,status
平台后台	POST	sys/diy/categroy/update/:id	编辑	admin.system.diy.PageCategroy/update	high		app/controller/admin/system/diy/PageCategroy.php	update	id,pid,type,name,status,sort,is_mer
平台后台	GET	sys/diy/copy/:id	复制	admin.system.diy.Diy/copy	high		app/controller/admin/system/diy/Diy.php	copy	id
平台后台	POST	sys/diy/create/:id	添加/编辑	admin.system.diy.Diy/saveData	high		app/controller/admin/system/diy/Diy.php	saveData	id,name,title,type,cover_image,is_show,is_bg_color,is_bg_pic,bg_tab_val,color_picker,bg_pic,is_diy,is_default
平台后台	DELETE	sys/diy/delete/:id	删除	admin.system.diy.Diy/del	high		app/controller/admin/system/diy/Diy.php	del	id
平台后台	GET	sys/diy/detail/:id	详情 	admin.system.diy.Diy/getInfo	high		app/controller/admin/system/diy/Diy.php	getInfo	id
平台后台	POST	sys/diy/fab/create/:id	保存悬浮按钮	admin.system.diy.Diy/saveData	high		app/controller/admin/system/diy/Diy.php	saveData	id,name,title,type,cover_image,is_show,is_bg_color,is_bg_pic,bg_tab_val,color_picker,bg_pic,is_diy,is_default
平台后台	GET	sys/diy/fab/info	悬浮按钮信息	admin.system.diy.Diy/fabInfo	high		app/controller/admin/system/diy/Diy.php	fabInfo	
平台后台	GET	sys/diy/get_product_detail	商品详情 	admin.system.diy.Diy/get_product_detail	high		app/controller/admin/system/diy/Diy.php	get_product_detail	
平台后台	GET	sys/diy/get_theme/:key	可视化详情	admin.system.diy.VisualConfig/getTheme	high		app/controller/admin/system/diy/VisualConfig.php	getTheme	key,page,limit
平台后台	GET	sys/diy/get_theme_key	可视化列表	admin.system.diy.VisualConfig/getThemeKey	high		app/controller/admin/system/diy/VisualConfig.php	getThemeKey	
平台后台	GET	sys/diy/link/:id/form	编辑表单	admin.system.diy.PageLink/updateForm	high		app/controller/admin/system/diy/PageLink.php	updateForm	id,type
平台后台	POST	sys/diy/link/create	添加	admin.system.diy.PageLink/create	high		app/controller/admin/system/diy/PageLink.php	create	cate_id,name,url,example,status,sort,type
平台后台	DELETE	sys/diy/link/delete/:id	删除	admin.system.diy.PageLink/delete	high		app/controller/admin/system/diy/PageLink.php	delete	id
平台后台	GET	sys/diy/link/form	添加表单	admin.system.diy.PageLink/createForm	high		app/controller/admin/system/diy/PageLink.php	createForm	type
平台后台	GET	sys/diy/link/getLinks/:id	列表	admin.system.diy.PageLink/getLinks	high		app/controller/admin/system/diy/PageLink.php	getLinks	id,page,limit,type
平台后台	GET	sys/diy/link/list	lst	admin.system.diy.PageLink/lst	high		app/controller/admin/system/diy/PageLink.php	lst	page,limit,status,type
平台后台	GET	sys/diy/link/lst	列表	admin.system.diy.PageLink/lst	high		app/controller/admin/system/diy/PageLink.php	lst	page,limit,status,type
平台后台	POST	sys/diy/link/status/:id	修改状态	admin.system.diy.PageLink/switchStatus	high		app/controller/admin/system/diy/PageLink.php	switchStatus	id,status
平台后台	POST	sys/diy/link/update/:id	编辑	admin.system.diy.PageLink/update	high		app/controller/admin/system/diy/PageLink.php	update	id,cate_id,name,url,example,status,sort
平台后台	GET	sys/diy/lst	列表 	admin.system.diy.Diy/lst	high		app/controller/admin/system/diy/Diy.php	lst	page,limit,type,is_diy,name
平台后台	GET	sys/diy/mer_categroy/:id/form	编辑表单	admin.system.diy.PageCategroy/updateForm	high		app/controller/admin/system/diy/PageCategroy.php	updateForm	id
平台后台	POST	sys/diy/mer_categroy/create	添加	admin.system.diy.PageCategroy/create	high		app/controller/admin/system/diy/PageCategroy.php	create	pid,type,name,status,sort,is_mer,level
平台后台	DELETE	sys/diy/mer_categroy/delete/:id	删除	admin.system.diy.PageCategroy/delete	high		app/controller/admin/system/diy/PageCategroy.php	delete	id
平台后台	GET	sys/diy/mer_categroy/form	添加表单	admin.system.diy.PageCategroy/createForm	high		app/controller/admin/system/diy/PageCategroy.php	createForm	type
平台后台	GET	sys/diy/mer_categroy/lst	列表 	admin.system.diy.PageCategroy/lst	high		app/controller/admin/system/diy/PageCategroy.php	lst	type
平台后台	POST	sys/diy/mer_categroy/status/:id	编辑状态	admin.system.diy.PageCategroy/switchStatus	high		app/controller/admin/system/diy/PageCategroy.php	switchStatus	id,status
平台后台	POST	sys/diy/mer_categroy/update/:id	编辑	admin.system.diy.PageCategroy/update	high		app/controller/admin/system/diy/PageCategroy.php	update	id,pid,type,name,status,sort,is_mer
平台后台	GET	sys/diy/mer_link/:id/form	编辑表单	admin.system.diy.PageLink/updateForm	high		app/controller/admin/system/diy/PageLink.php	updateForm	id,type
平台后台	POST	sys/diy/mer_link/create	添加	admin.system.diy.PageLink/create	high		app/controller/admin/system/diy/PageLink.php	create	cate_id,name,url,example,status,sort,type
平台后台	DELETE	sys/diy/mer_link/delete/:id	删除	admin.system.diy.PageLink/delete	high		app/controller/admin/system/diy/PageLink.php	delete	id
平台后台	GET	sys/diy/mer_link/form	添加表单	admin.system.diy.PageLink/createForm	high		app/controller/admin/system/diy/PageLink.php	createForm	type
平台后台	GET	sys/diy/mer_link/lst	列表	admin.system.diy.PageLink/lst	high		app/controller/admin/system/diy/PageLink.php	lst	page,limit,status,type
平台后台	POST	sys/diy/mer_link/status/:id	修改状态	admin.system.diy.PageLink/switchStatus	high		app/controller/admin/system/diy/PageLink.php	switchStatus	id,status
平台后台	POST	sys/diy/mer_link/update/:id	编辑	admin.system.diy.PageLink/update	high		app/controller/admin/system/diy/PageLink.php	update	id,cate_id,name,url,example,status,sort
平台后台	GET	sys/diy/product/lst	商品列表	admin.system.diy.Diy/productLst	high		app/controller/admin/system/diy/Diy.php	productLst	page,limit,store_name,order,cate_pid,star,cate_id,product_type,mer_cate_id,product_ids,store_type_id,store_label_id,delivery_type
平台后台	POST	sys/diy/productCategory/create/:id	保存商品分类	admin.system.diy.Diy/saveData	high		app/controller/admin/system/diy/Diy.php	saveData	id,name,title,type,cover_image,is_show,is_bg_color,is_bg_pic,bg_tab_val,color_picker,bg_pic,is_diy,is_default
平台后台	GET	sys/diy/productCategory/info	商品分类信息	admin.system.diy.Diy/productCategoryInfo	high		app/controller/admin/system/diy/Diy.php	productCategoryInfo	
平台后台	GET	sys/diy/recovery/:id	重置	admin.system.diy.Diy/Recovery	high		app/controller/admin/system/diy/Diy.php	Recovery	id
平台后台	POST	sys/diy/save_product_detail	商品详情保存 	admin.system.diy.Diy/save_product_detail	high		app/controller/admin/system/diy/Diy.php	save_product_detail	name,title,product_detail_diy,type,cover_image,is_show,is_bg_color,is_bg_pic,bg_tab_val,color_picker,bg_pic,is_diy,is_default
平台后台	GET	sys/diy/select	select	admin.system.diy.Diy/select	high		app/controller/admin/system/diy/Diy.php	select	
平台后台	POST	sys/diy/set_default_data/:id	设置默认	admin.system.diy.Diy/setDefaultData	high		app/controller/admin/system/diy/Diy.php	setDefaultData	id
平台后台	POST	sys/diy/set_theme/:key	可视化保存	admin.system.diy.VisualConfig/setTheme	high		app/controller/admin/system/diy/VisualConfig.php	setTheme	key,config
平台后台	POST	sys/diy/status/:id	使用模板	admin.system.diy.Diy/setStatus	high		app/controller/admin/system/diy/Diy.php	setStatus	id
平台后台	GET	sys/diy/store_street	店铺街装修	admin.system.diy.VisualConfig/storeStreet	high		app/controller/admin/system/diy/VisualConfig.php	storeStreet	
平台后台	POST	sys/diy/store_street	店铺街装修	admin.system.diy.VisualConfig/setStoreStreet	high		app/controller/admin/system/diy/VisualConfig.php	setStoreStreet	mer_location,store_street_theme
平台后台	GET	sys/diy/user_index	个人中心装修	admin.system.diy.VisualConfig/userIndex	high		app/controller/admin/system/diy/VisualConfig.php	userIndex	
平台后台	POST	sys/diy/user_index	个人中心装修	admin.system.diy.VisualConfig/setUserIndex	high		app/controller/admin/system/diy/VisualConfig.php	setUserIndex	my_banner,my_menus
平台后台	GET	sys/excel/download/:id	下载	merchant.store.Excel/downloadExpress	high		app/controller/merchant/store/Excel.php	downloadExpress	id
平台后台	GET	sys/excel/lst	列表	merchant.store.Excel/lst	high		app/controller/merchant/store/Excel.php	lst	page,limit,type
平台后台	GET	sys/excel/type	类型	merchant.store.Excel/type	high		app/controller/merchant/store/Excel.php	type	
平台后台	GET	sys/financial/detail/:id	详情	admin.system.financial.Financial/detail	high		app/controller/admin/system/financial/Financial.php	detail	id
平台后台	GET	sys/financial/export	导出	admin.system.financial.Financial/export	high		app/controller/admin/system/financial/Financial.php	export	page,limit,date,status,financial_type,financial_status,keyword,is_trader,mer_id
平台后台	GET	sys/financial/lst	列表	admin.system.financial.Financial/lst	high		app/controller/admin/system/financial/Financial.php	lst	page,limit,date,status,financial_type,financial_status,keyword,is_trader,mer_id
平台后台	POST	sys/financial/mark/:id	备注	admin.system.financial.Financial/mark	high		app/controller/admin/system/financial/Financial.php	mark	id,admin_mark
平台后台	GET	sys/financial/mark/:id/form	备注表单	admin.system.financial.Financial/markForm	high		app/controller/admin/system/financial/Financial.php	markForm	id
平台后台	POST	sys/financial/status/:id	修改状态	admin.system.financial.Financial/switchStatus	high		app/controller/admin/system/financial/Financial.php	switchStatus	id,status,refusal,type
平台后台	GET	sys/financial/title	统计	admin.system.financial.Financial/title	high		app/controller/admin/system/financial/Financial.php	title	
平台后台	POST	sys/financial/update/:id	编辑	admin.system.financial.Financial/update	high		app/controller/admin/system/financial/Financial.php	update	id,image
平台后台	GET	sys/financial_record/count	统计	admin.system.merchant.FinancialRecord/title	high		app/controller/admin/system/merchant/FinancialRecord.php	title	date
平台后台	GET	sys/financial_record/detail/:type	详情	admin.system.merchant.FinancialRecord/detail	high		app/controller/admin/system/merchant/FinancialRecord.php	detail	type,date
平台后台	GET	sys/financial_record/detail_export/:type	导出	admin.system.merchant.FinancialRecord/exportDetail	high		app/controller/admin/system/merchant/FinancialRecord.php	exportDetail	type,page,limit,date
平台后台	GET	sys/financial_record/export	导出	admin.system.merchant.FinancialRecord/export	high		app/controller/admin/system/merchant/FinancialRecord.php	export	page,limit,keyword,date,mer_id
平台后台	GET	sys/financial_record/list	列表	admin.system.merchant.FinancialRecord/lst	high		app/controller/admin/system/merchant/FinancialRecord.php	lst	page,limit,keyword,date,mer_id,uid,real_name,nickname,order_sn,pay_type
平台后台	GET	sys/financial_record/lst	列表	admin.system.merchant.FinancialRecord/getList	high		app/controller/admin/system/merchant/FinancialRecord.php	getList	page,limit,type,date
平台后台	GET	sys/financial_record/mer_detail/:type	商户财务详情	admin.system.merchant.FinancialRecord/merDetail	high		app/controller/admin/system/merchant/FinancialRecord.php	merDetail	type,date,mer_id
平台后台	GET	sys/financial_record/mer_excel/:type	商户财务导出	admin.system.merchant.FinancialRecord/merExportDetail	high		app/controller/admin/system/merchant/FinancialRecord.php	merExportDetail	type,page,limit,date,mer_id
平台后台	GET	sys/financial_record/mer_list/:id	商户统计	admin.system.merchant.FinancialRecord/merAcountsList	high		app/controller/admin/system/merchant/FinancialRecord.php	merAcountsList	id,page,limit,type,date
平台后台	GET	sys/financial_record/mer_lst	商户列表	admin.system.merchant.FinancialRecord/merchantFinancial	high		app/controller/admin/system/merchant/FinancialRecord.php	merchantFinancial	page,limit,mer_id
平台后台	GET	sys/financial_record/mer_title/:id	商户财务头部统计	admin.system.merchant.FinancialRecord/merAcountsTitle	high		app/controller/admin/system/merchant/FinancialRecord.php	merAcountsTitle	id,date
平台后台	GET	sys/financial_record/title	统计	admin.system.merchant.FinancialRecord/getTitle	high		app/controller/admin/system/merchant/FinancialRecord.php	getTitle	date
平台后台	POST	sys/group/create	组合数据配置添加	admin.system.groupData.Group/create	high		app/controller/admin/system/groupData/Group.php	create	group_name,group_info,user_type,group_key,fields,sort
平台后台	GET	sys/group/create/table	组合数据配置添加表单	admin.system.groupData.Group/createTable	high		app/controller/admin/system/groupData/Group.php	createTable	
平台后台	POST	sys/group/data/create/:groupId	添加	admin.system.groupData.GroupData/create	high		app/controller/admin/system/groupData/GroupData.php	create	groupId,sort,status
平台后台	GET	sys/group/data/create/table/:groupId	添加表单	admin.system.groupData.GroupData/createTable	high		app/controller/admin/system/groupData/GroupData.php	createTable	groupId
平台后台	DELETE	sys/group/data/delete/:id	删除	admin.system.groupData.GroupData/delete	high		app/controller/admin/system/groupData/GroupData.php	delete	id
平台后台	GET	sys/group/data/detail/:id	baseDetail	admin.system.groupData.GroupData/baseDetail	high		app/controller/admin/system/groupData/GroupData.php	baseDetail	id
平台后台	GET	sys/group/data/lst/:groupId	列表	admin.system.groupData.GroupData/lst	high		app/controller/admin/system/groupData/GroupData.php	lst	groupId,page,limit
平台后台	POST	sys/group/data/status/:id	修改状态	admin.system.groupData.GroupData/changeStatus	high		app/controller/admin/system/groupData/GroupData.php	changeStatus	id,status
平台后台	POST	sys/group/data/update/:groupId/:id	编辑	admin.system.groupData.GroupData/update	high		app/controller/admin/system/groupData/GroupData.php	update	groupId,id,sort,status
平台后台	GET	sys/group/data/update/table/:groupId/:id	编辑表单	admin.system.groupData.GroupData/updateTable	high		app/controller/admin/system/groupData/GroupData.php	updateTable	groupId,id
平台后台	GET	sys/group/detail/:id	详情	admin.system.groupData.Group/get	high		app/controller/admin/system/groupData/Group.php	get	id
平台后台	GET	sys/group/lst	组合数据配置列表	admin.system.groupData.Group/lst	high		app/controller/admin/system/groupData/Group.php	lst	page,limit
平台后台	POST	sys/group/update/:id	组合数据配置编辑	admin.system.groupData.Group/update	high		app/controller/admin/system/groupData/Group.php	update	id,group_name,group_info,user_type,group_key,fields,sort
平台后台	GET	sys/group/update/table/:id	组合数据配置编辑表单	admin.system.groupData.Group/updateTable	high		app/controller/admin/system/groupData/Group.php	updateTable	id
平台后台	POST	sys/guarantee/create	添加	admin.store.Guarantee/create	high		app/controller/admin/store/Guarantee.php	create	
平台后台	GET	sys/guarantee/create/form	添加表单	admin.store.Guarantee/createForm	high		app/controller/admin/store/Guarantee.php	createForm	
平台后台	DELETE	sys/guarantee/delete/:id	删除	admin.store.Guarantee/delete	high		app/controller/admin/store/Guarantee.php	delete	id
平台后台	GET	sys/guarantee/detail/:id	详情	admin.store.Guarantee/detail	high		app/controller/admin/store/Guarantee.php	detail	id
平台后台	GET	sys/guarantee/lst	列表	admin.store.Guarantee/lst	high		app/controller/admin/store/Guarantee.php	lst	page,limit,date,keyword
平台后台	POST	sys/guarantee/sort/:id	排序	admin.store.Guarantee/sort	high		app/controller/admin/store/Guarantee.php	sort	id,sort
平台后台	POST	sys/guarantee/status/:id	修改状态	admin.store.Guarantee/switchStatus	high		app/controller/admin/store/Guarantee.php	switchStatus	id,status
平台后台	POST	sys/guarantee/update/:id	编辑	admin.store.Guarantee/update	high		app/controller/admin/store/Guarantee.php	update	id
平台后台	GET	sys/guarantee/update/:id/form	编辑表单	admin.store.Guarantee/updateForm	high		app/controller/admin/store/Guarantee.php	updateForm	id
平台后台	GET	sys/info	getSystemInfo	admin.Common/getSystemInfo	high		app/controller/admin/Common.php	getSystemInfo	
平台后台	POST	sys/login	login	admin.system.admin.Login/login	high		app/controller/admin/system/admin/Login.php	login	account,password,code,key,captchaType,captchaVerification,token
平台后台	GET	sys/login_config	loginConfig	admin.Common/loginConfig	high		app/controller/admin/Common.php	loginConfig	
平台后台	GET	sys/logout	logout	admin.system.admin.Login/logout	high		app/controller/admin/system/admin/Login.php	logout	
平台后台	GET	sys/margin/list/:id	扣费记录	admin.system.merchant.MerchantMargin/getMarginLst	high		app/controller/admin/system/merchant/MerchantMargin.php	getMarginLst	id,page,limit
平台后台	POST	sys/margin/local/:id	扣除保证金表单	admin.system.merchant.MerchantMargin/localMarginSet	high		app/controller/admin/system/merchant/MerchantMargin.php	localMarginSet	id,number,mark,status
平台后台	GET	sys/margin/local/:id/form	扣除保证金表单	admin.system.merchant.MerchantMargin/localMarginForm	high		app/controller/admin/system/merchant/MerchantMargin.php	localMarginForm	id
平台后台	GET	sys/margin/lst	缴纳记录	admin.system.merchant.MerchantMargin/lst	high		app/controller/admin/system/merchant/MerchantMargin.php	lst	page,limit,date,keyword,is_trader,category_id,type_id
平台后台	GET	sys/margin/make_up	待缴列表	admin.system.merchant.Merchant/makeUpMarginLst	high		app/controller/admin/system/merchant/Merchant.php	makeUpMarginLst	page,limit,keyword,date,status,statusTag,is_trader,category_id,type_id,order,is_best,offline_switch,region_id,business_id,mer_state
平台后台	GET	sys/margin/refund/lst	退款申请列表	admin.system.financial.Financial/getMarginLst	high		app/controller/admin/system/financial/Financial.php	getMarginLst	page,limit,date,status,keyword,is_trader,mer_id,type_id,category_id
平台后台	POST	sys/margin/refund/mark/:id	备注	admin.system.financial.Financial/mark	high		app/controller/admin/system/financial/Financial.php	mark	id,admin_mark
平台后台	GET	sys/margin/refund/mark/:id/form	备注表单	admin.system.financial.Financial/markMarginForm	high		app/controller/admin/system/financial/Financial.php	markMarginForm	id
平台后台	GET	sys/margin/refund/show/:id	退款申请详情	admin.system.financial.Financial/refundShow	high		app/controller/admin/system/financial/Financial.php	refundShow	id
平台后台	POST	sys/margin/refund/status/:id	审核	admin.system.financial.Financial/switchStatus	high		app/controller/admin/system/financial/Financial.php	switchStatus	id,status,refusal,type
平台后台	GET	sys/margin/refund/status/:id/form	审核表单	admin.system.financial.Financial/statusForm	high		app/controller/admin/system/financial/Financial.php	statusForm	id
平台后台	POST	sys/margin/set	扣除保证金	admin.system.merchant.MerchantMargin/setMargin	high		app/controller/admin/system/merchant/MerchantMargin.php	setMargin	mer_id,number,type,mark
平台后台	GET	sys/margin/set/:id/form	扣除保证金表单	admin.system.merchant.MerchantMargin/setMarginForm	high		app/controller/admin/system/merchant/MerchantMargin.php	setMarginForm	id
平台后台	GET	sys/marketing/spu/lst	markLst	admin.store.marketing.StoreAtmosphere/markLst	high		app/controller/admin/store/marketing/StoreAtmosphere.php	markLst	page,limit,keyword,cate_id,cate_pid,brand_id,product_type,spu_ids,mer_id,not_type
平台后台	POST	sys/member/interests/create	会员权益添加	admin.user..MemberInterests/create	high		app/controller/admin/user/MemberInterests.php	create	brokerage_level,name,info,pic,type,has_type,link,value,on_pic
平台后台	GET	sys/member/interests/create/form	会员权益添加表单	admin.user..MemberInterests/createForm	high		app/controller/admin/user/MemberInterests.php	createForm	
平台后台	DELETE	sys/member/interests/delete/:id	会员权益删除	admin.user..MemberInterests/delete	high		app/controller/admin/user/MemberInterests.php	delete	id
平台后台	GET	sys/member/interests/detail/:id	会员权益详情	admin.user..MemberInterests/detail	high		app/controller/admin/user/MemberInterests.php	detail	id
平台后台	GET	sys/member/interests/lst	会员权益	admin.user..MemberInterests/getLst	high		app/controller/admin/user/MemberInterests.php	getLst	page,limit,name,type
平台后台	GET	sys/member/interests/options	会员权益筛选	admin.user..MemberInterests/options	stale		app/controller/admin/user/MemberInterests.php	options	
平台后台	POST	sys/member/interests/update/:id	会员权益编辑	admin.user..MemberInterests/update	high		app/controller/admin/user/MemberInterests.php	update	id
平台后台	GET	sys/member/interests/update/:id/form	会员权益编辑表单	admin.user..MemberInterests/updateForm	high		app/controller/admin/user/MemberInterests.php	updateForm	id
平台后台	GET	sys/menus	menus	admin.system.auth.Menu/menus	high		app/controller/admin/system/auth/Menu.php	menus	circle_id
平台后台	GET	sys/mer_diy/copy/:id	复制	admin.system.diy.Diy/copy	high		app/controller/admin/system/diy/Diy.php	copy	id
平台后台	POST	sys/mer_diy/create/:id	添加/编辑	admin.system.diy.Diy/saveData	high		app/controller/admin/system/diy/Diy.php	saveData	id,name,title,type,cover_image,is_show,is_bg_color,is_bg_pic,bg_tab_val,color_picker,bg_pic,is_diy,is_default
平台后台	DELETE	sys/mer_diy/delete/:id	删除	admin.system.diy.Diy/del	high		app/controller/admin/system/diy/Diy.php	del	id
平台后台	GET	sys/mer_diy/detail/:id	详情 	admin.system.diy.Diy/getInfo	high		app/controller/admin/system/diy/Diy.php	getInfo	id
平台后台	GET	sys/mer_diy/lst	列表 	admin.system.diy.Diy/lst	high		app/controller/admin/system/diy/Diy.php	lst	page,limit,type,is_diy,name
平台后台	GET	sys/mer_diy/recovery/:id	重置	admin.system.diy.Diy/Recovery	high		app/controller/admin/system/diy/Diy.php	Recovery	id
平台后台	GET	sys/mer_diy/scope/:id	保存适用范围	admin.system.diy.Diy/getScope	high		app/controller/admin/system/diy/Diy.php	getScope	id
平台后台	POST	sys/mer_diy/scope/:id	保存适用范围	admin.system.diy.Diy/setScope	high		app/controller/admin/system/diy/Diy.php	setScope	id,scope_type,scope_value
平台后台	POST	sys/mer_diy/set_default_data/:id	设置默认	admin.system.diy.Diy/setDefaultData	high		app/controller/admin/system/diy/Diy.php	setDefaultData	id
平台后台	DELETE	sys/merchant/intention/delete/:id	删除	admin.system.merchant.MerchantIntention/delete	high		app/controller/admin/system/merchant/MerchantIntention.php	delete	id
平台后台	GET	sys/merchant/intention/excel	excel	admin.system.merchant.MerchantIntention/excel	high		app/controller/admin/system/merchant/MerchantIntention.php	excel	page,limit,mer_name,status,date,keyword,mer_intention_id,category_id,type_id
平台后台	GET	sys/merchant/intention/lst	列表	admin.system.merchant.MerchantIntention/lst	high		app/controller/admin/system/merchant/MerchantIntention.php	lst	page,limit,mer_name,status,date,keyword,mer_intention_id,category_id,type_id
平台后台	POST	sys/merchant/intention/mark/:id	备注	admin.system.merchant.MerchantIntention/mark	high		app/controller/admin/system/merchant/MerchantIntention.php	mark	id,mark
平台后台	GET	sys/merchant/intention/mark/:id/form	备注	admin.system.merchant.MerchantIntention/form	high		app/controller/admin/system/merchant/MerchantIntention.php	form	id
平台后台	POST	sys/merchant/intention/status/:id	审核	admin.system.merchant.MerchantIntention/switchStatus	high		app/controller/admin/system/merchant/MerchantIntention.php	switchStatus	id,status,fail_msg,create_mer
平台后台	GET	sys/merchant/intention/status/:id/form	申请店铺	admin.system.merchant.MerchantIntention/statusForm	high		app/controller/admin/system/merchant/MerchantIntention.php	statusForm	id
平台后台	POST	sys/merchant/menu/create	商户菜单/权限添加	admin.system.auth.Menu/create	high		app/controller/admin/system/auth/Menu.php	create	
平台后台	GET	sys/merchant/menu/create/form	商户菜单/权限添加表单	admin.system.auth.Menu/createForm	high		app/controller/admin/system/auth/Menu.php	createForm	is_agent
平台后台	DELETE	sys/merchant/menu/delete/:id	商户菜单/权限删除	admin.system.auth.Menu/delete	high		app/controller/admin/system/auth/Menu.php	delete	id
平台后台	GET	sys/merchant/menu/lst	商户菜单/权限列表	admin.system.auth.Menu/getList	high		app/controller/admin/system/auth/Menu.php	getList	is_agent
平台后台	POST	sys/merchant/menu/update/:id	商户菜单/权限编辑	admin.system.auth.Menu/update	high		app/controller/admin/system/auth/Menu.php	update	id
平台后台	GET	sys/merchant/menu/update/form/:id	商户菜单/权限编辑表单	admin.system.auth.Menu/updateForm	high		app/controller/admin/system/auth/Menu.php	updateForm	id,is_agent
平台后台	GET	sys/merchant/mer_auth	mer_auth	admin.system.merchant.MerchantType/mer_auth	high		app/controller/admin/system/merchant/MerchantType.php	mer_auth	
平台后台	POST	sys/merchant/type/create	添加	admin.system.merchant.MerchantType/create	high		app/controller/admin/system/merchant/MerchantType.php	create	
平台后台	DELETE	sys/merchant/type/delete/:id	删除	admin.system.merchant.MerchantType/delete	high		app/controller/admin/system/merchant/MerchantType.php	delete	id
平台后台	GET	sys/merchant/type/detail/:id	备注	admin.system.merchant.MerchantType/detail	high		app/controller/admin/system/merchant/MerchantType.php	detail	id
平台后台	GET	sys/merchant/type/lst	列表	admin.system.merchant.MerchantType/lst	high		app/controller/admin/system/merchant/MerchantType.php	lst	page,limit
平台后台	GET	sys/merchant/type/mark/:id	备注	admin.system.merchant.MerchantType/markForm	high		app/controller/admin/system/merchant/MerchantType.php	markForm	id
平台后台	POST	sys/merchant/type/mark/:id	备注	admin.system.merchant.MerchantType/mark	high		app/controller/admin/system/merchant/MerchantType.php	mark	id,mark
平台后台	GET	sys/merchant/type/mer_auth	权限	admin.system.merchant.MerchantType/mer_auth	high		app/controller/admin/system/merchant/MerchantType.php	mer_auth	
平台后台	GET	sys/merchant/type/options	筛选	admin.system.merchant.MerchantType/options	high		app/controller/admin/system/merchant/MerchantType.php	options	
平台后台	POST	sys/merchant/type/update/:id	编辑	admin.system.merchant.MerchantType/update	high		app/controller/admin/system/merchant/MerchantType.php	update	id
平台后台	POST	sys/micro/create/:id	添加/编辑	admin.system.diy.Diy/saveData	high		app/controller/admin/system/diy/Diy.php	saveData	id,name,title,type,cover_image,is_show,is_bg_color,is_bg_pic,bg_tab_val,color_picker,bg_pic,is_diy,is_default
平台后台	DELETE	sys/micro/delete/:id	删除	admin.system.diy.Diy/del	high		app/controller/admin/system/diy/Diy.php	del	id
平台后台	GET	sys/micro/detail/:id	详情 	admin.system.diy.Diy/getInfo	high		app/controller/admin/system/diy/Diy.php	getInfo	id
平台后台	GET	sys/micro/lst	列表 	admin.system.diy.Diy/lst	high		app/controller/admin/system/diy/Diy.php	lst	page,limit,type,is_diy,name
平台后台	GET	sys/micro/recovery/:id	重置	Diy/recovery/	unresolved				id
平台后台	GET	sys/notice/config/change/:id/form	消息配置修改模板ID	admin.system.notice.SystemNoticeConfig/getTemplateId	high		app/controller/admin/system/notice/SystemNoticeConfig.php	getTemplateId	id
平台后台	POST	sys/notice/config/change/:id/save	消息配置修改模板ID	admin.system.notice.SystemNoticeConfig/setTemplateId	high		app/controller/admin/system/notice/SystemNoticeConfig.php	setTemplateId	id,sms_tempid,sms_ali_tempid,routine_tempid,wechat_tempid,notice_routine,notice_wechat,notice_sms
平台后台	POST	sys/notice/config/create	消息配置添加	admin.system.notice.SystemNoticeConfig/create	high		app/controller/admin/system/notice/SystemNoticeConfig.php	create	notice_title,notice_key,notice_info,notice_sys,notice_wechat,notice_routine,notice_sms,type
平台后台	GET	sys/notice/config/create/form	消息配置添加表单	admin.system.notice.SystemNoticeConfig/createForm	high		app/controller/admin/system/notice/SystemNoticeConfig.php	createForm	
平台后台	DELETE	sys/notice/config/delete/:id	消息配置删除	admin.system.notice.SystemNoticeConfig/delete	high		app/controller/admin/system/notice/SystemNoticeConfig.php	delete	id
平台后台	GET	sys/notice/config/detail/:id	消息配置详情	admin.system.notice.SystemNoticeConfig/detail	stale		app/controller/admin/system/notice/SystemNoticeConfig.php	detail	
平台后台	GET	sys/notice/config/lst	消息配置列表	admin.system.notice.SystemNoticeConfig/lst	high		app/controller/admin/system/notice/SystemNoticeConfig.php	lst	page,limit,keyword,type
平台后台	GET	sys/notice/config/option	消息配置筛选	admin.system.notice.SystemNoticeConfig/getOptions	high		app/controller/admin/system/notice/SystemNoticeConfig.php	getOptions	
平台后台	POST	sys/notice/config/status/:id	消息配置修改状态	admin.system.notice.SystemNoticeConfig/switchStatus	high		app/controller/admin/system/notice/SystemNoticeConfig.php	switchStatus	id,status,key
平台后台	POST	sys/notice/config/update/:id	消息配置编辑	admin.system.notice.SystemNoticeConfig/update	high		app/controller/admin/system/notice/SystemNoticeConfig.php	update	id
平台后台	GET	sys/notice/config/update/:id/form	消息配置编辑表单	admin.system.notice.SystemNoticeConfig/updateForm	high		app/controller/admin/system/notice/SystemNoticeConfig.php	updateForm	id
平台后台	POST	sys/notice/create	系统公告发布	admin.system.notice.SystemNotice/create	high		app/controller/admin/system/notice/SystemNotice.php	create	type,mer_id,is_trader,category_id,notice_title,notice_content
平台后台	DELETE	sys/notice/delete/:id	系统公告删除	admin.system.notice.SystemNotice/delete	high		app/controller/admin/system/notice/SystemNotice.php	delete	id
平台后台	GET	sys/notice/detail/:id	系统公告详情	admin.system.notice.SystemNotice/detail	high		app/controller/admin/system/notice/SystemNotice.php	detail	id
平台后台	GET	sys/notice/lst	系统公告列表	admin.system.notice.SystemNotice/lst	high		app/controller/admin/system/notice/SystemNotice.php	lst	page,limit,keyword,date
平台后台	POST	sys/notice/switchStatus/:id	系统公告修改状态	admin.system.notice.SystemNotice/switchStatus	high		app/controller/admin/system/notice/SystemNotice.php	switchStatus	id,status
平台后台	POST	sys/notice/update/:id	系统公告编辑	admin.system.notice.SystemNotice/update	high		app/controller/admin/system/notice/SystemNotice.php	update	id,type,mer_id,is_trader,category_id,notice_title,notice_content
平台后台	GET	sys/order/chart	头部统计	admin.order.Order/chart	high		app/controller/admin/order/Order.php	chart	type,date,mer_id,keywords,username,order_sn,is_trader,activity_type,group_order_sn,store_name,spread_name,top_spread_name,filter_delivery,filter_product,nickname,uid,phone,real_name,delivery_name,delivery_phone,pay_type
平台后台	GET	sys/order/children/:id	关联订单	admin.order.Order/childrenList	high		app/controller/admin/order/Order.php	childrenList	id
平台后台	GET	sys/order/detail/:id	详情	admin.order.Order/detail	high		app/controller/admin/order/Order.php	detail	id
平台后台	GET	sys/order/excel	导出	admin.order.Order/excel	high		app/controller/admin/order/Order.php	excel	page,limit,type,date,mer_id,keywords,status,username,order_sn,take_order,is_trader,activity_type,group_order_sn,store_name,filter_delivery,filter_product,pay_type,uid,phone,real_name,delivery_name,delivery_phone
平台后台	GET	sys/order/express/:id	快递查询	admin.order.Order/express	high		app/controller/admin/order/Order.php	express	id
平台后台	GET	sys/order/lst	列表	admin.order.Order/getAllList	high		app/controller/admin/order/Order.php	getAllList	page,limit,type,date,mer_id,keywords,status,username,order_sn,is_trader,activity_type,group_order_sn,store_name,spread_name,top_spread_name,filter_delivery,filter_product,nickname,uid,phone,real_name,delivery_name,delivery_phone,pay_type,is_spread
平台后台	POST	sys/order/refund/approve/:id	审核	admin.order.RefundOrder/approve	high		app/controller/admin/order/RefundOrder.php	approve	id,status,platform_mark
平台后台	GET	sys/order/refund/detail/:id	详情	admin.order.RefundOrder/detail	high		app/controller/admin/order/RefundOrder.php	detail	id
平台后台	GET	sys/order/refund/excel	导出	admin.order.RefundOrder/excel	high		app/controller/admin/order/RefundOrder.php	excel	page,limit,refund_order_sn,status,refund_type,date,order_sn,id,mer_id
平台后台	GET	sys/order/refund/log/:id	日志	admin.order.RefundOrder/log	high		app/controller/admin/order/RefundOrder.php	log	id,page,limit,date,user_type
平台后台	GET	sys/order/refund/lst	列表	admin.order.RefundOrder/getAllList	high		app/controller/admin/order/RefundOrder.php	getAllList	page,limit,refund_order_sn,status,refund_type,date,mer_id,order_sn,is_trader,uid,phone,real_name,nickname
平台后台	GET	sys/order/status/:id	记录	admin.order.Order/status	high		app/controller/admin/order/Order.php	status	id,page,limit,date,user_type
平台后台	GET	sys/order/take_title	核销	admin.order.Order/takeTitle	high		app/controller/admin/order/Order.php	takeTitle	date,order_sn,keywords,username,is_trader,pay_type
平台后台	GET	sys/order/takechart	头部统计	admin.order.Order/takeChart	high		app/controller/admin/order/Order.php	takeChart	date,order_sn,keywords,username,is_trader,pay_type
平台后台	GET	sys/order/takelst	核销订单	admin.order.Order/getTakeList	high		app/controller/admin/order/Order.php	getTakeList	page,limit,date,order_sn,keywords,username,is_trader,pay_type
平台后台	GET	sys/order/title	金额统计	admin.order.Order/title	high		app/controller/admin/order/Order.php	title	type,date,mer_id,keywords,status,username,order_sn,is_trader,activity_type,filter_delivery,filter_product,nickname,uid,phone,real_name,is_spread
平台后台	GET	sys/pay/auth	payAuth	admin.Common/payAuth	high		app/controller/admin/Common.php	payAuth	
平台后台	POST	sys/points/cate/create	添加	admin.points.Category/create	high		app/controller/admin/points/Category.php	create	cate_name,is_show,pic,sort,type,pid
平台后台	GET	sys/points/cate/create/form	添加表单	admin.points.Category/createForm	high		app/controller/admin/points/Category.php	createForm	
平台后台	DELETE	sys/points/cate/delete/:id	修改状态	admin.points.Category/delete	high		app/controller/admin/points/Category.php	delete	id
平台后台	GET	sys/points/cate/detail/:id	详情	admin.points.Category/detail	stale		app/controller/admin/points/Category.php	detail	
平台后台	GET	sys/points/cate/lst	列表	admin.points.Category/lst	high		app/controller/admin/points/Category.php	lst	
平台后台	GET	sys/points/cate/select	筛选	admin.points.Category/select	high		app/controller/admin/points/Category.php	select	
平台后台	POST	sys/points/cate/status/:id	修改状态	admin.points.Category/switchStatus	high		app/controller/admin/points/Category.php	switchStatus	id,status
平台后台	POST	sys/points/cate/update/:id	编辑	admin.points.Category/update	high		app/controller/admin/points/Category.php	update	id
平台后台	GET	sys/points/cate/update/form/:id	编辑表单	admin.points.Category/updateForm	high		app/controller/admin/points/Category.php	updateForm	id
平台后台	DELETE	sys/points/order/delete/:id	删除	admin.points.Order/delete	high		app/controller/admin/points/Order.php	delete	id
平台后台	POST	sys/points/order/delivery/:id	发货	admin.points.Order/delivery	high		app/controller/admin/points/Order.php	delivery	id,is_split,split,delivery_type,delivery_name,delivery_id,remark
平台后台	POST	sys/points/order/delivery_batch	批量发货	admin.points.Order/batchDelivery	high		app/controller/admin/points/Order.php	batchDelivery	order_id,delivery_id,delivery_type,delivery_name,remark
平台后台	GET	sys/points/order/detail/:id	编辑	admin.points.Order/detail	high		app/controller/admin/points/Order.php	detail	id
平台后台	GET	sys/points/order/excel	导出	admin.points.Order/excel	high		app/controller/admin/points/Order.php	excel	page,limit,keyword,date,status,order_sn,product_id
平台后台	GET	sys/points/order/express/:id	快递查询	admin.points.Order/express	high		app/controller/admin/points/Order.php	express	id
平台后台	GET	sys/points/order/lst	列表	admin.points.Order/lst	high		app/controller/admin/points/Order.php	lst	page,limit,keywords,date,status,order_sn,product_id,nickname,phone,uid,store_name
平台后台	POST	sys/points/order/mark/:id	备注	admin.points.Order/remark	high		app/controller/admin/points/Order.php	remark	id,remark
平台后台	GET	sys/points/order/mark/:id/form	备注表单	admin.points.Order/remarkForm	high		app/controller/admin/points/Order.php	remarkForm	id
平台后台	GET	sys/points/order/status/:id	记录	admin.points.Order/getStatus	high		app/controller/admin/points/Order.php	getStatus	id,page,limit,user_type,date
平台后台	POST	sys/points/product/create	添加	admin.points.Product/create	high		app/controller/admin/points/Product.php	create	is_used,is_hot,spec_type
平台后台	DELETE	sys/points/product/delete/:id	修改状态	admin.points.Product/delete	high		app/controller/admin/points/Product.php	delete	id
平台后台	GET	sys/points/product/detail/:id	编辑	admin.points.Product/detail	high		app/controller/admin/points/Product.php	detail	id
平台后台	POST	sys/points/product/get_attr_value/:id	获取规格	admin.points.Product/isFormatAttr	high		app/controller/admin/points/Product.php	isFormatAttr	id,attrs,items,product_type
平台后台	GET	sys/points/product/lst	列表	admin.points.Product/lst	high		app/controller/admin/points/Product.php	lst	page,limit,cate_id,keyword,is_used,date,store_name
平台后台	POST	sys/points/product/preview	预览	admin.points.Product/preview	high		app/controller/admin/points/Product.php	preview	
平台后台	POST	sys/points/product/status/:id	修改状态	admin.points.Product/switchStatus	high		app/controller/admin/points/Product.php	switchStatus	id,status
平台后台	POST	sys/points/product/update/:id	编辑	admin.points.Product/update	high		app/controller/admin/points/Product.php	update	id
平台后台	POST	sys/price_rule/create	添加价格说明	admin.store.PriceRule/create	high		app/controller/admin/store/PriceRule.php	create	
平台后台	DELETE	sys/price_rule/del/:id	删除价格说明	admin.store.PriceRule/delete	high		app/controller/admin/store/PriceRule.php	delete	id
平台后台	GET	sys/price_rule/lst	价格说明列表	admin.store.PriceRule/lst	high		app/controller/admin/store/PriceRule.php	lst	page,limit,cate_id,keyword,is_show
平台后台	POST	sys/price_rule/status/:id	价格说明修改状态	admin.store.PriceRule/switchStatus	high		app/controller/admin/store/PriceRule.php	switchStatus	id,is_show
平台后台	POST	sys/price_rule/update/:id	修改价格说明	admin.store.PriceRule/update	high		app/controller/admin/store/PriceRule.php	update	id
平台后台	POST	sys/product/label/create	添加	admin.store.ProductLabel/create	high		app/controller/admin/store/ProductLabel.php	create	label_name,status,sort,info
平台后台	GET	sys/product/label/create/form	添加表单	admin.store.ProductLabel/createForm	high		app/controller/admin/store/ProductLabel.php	createForm	
平台后台	DELETE	sys/product/label/delete/:id	删除	admin.store.ProductLabel/delete	high		app/controller/admin/store/ProductLabel.php	delete	id
平台后台	GET	sys/product/label/detail/:id	详情	admin.store.ProductLabel/detail	high		app/controller/admin/store/ProductLabel.php	detail	id
平台后台	GET	sys/product/label/lst	列表	admin.store.ProductLabel/lst	high		app/controller/admin/store/ProductLabel.php	lst	page,limit,name,type,mer_id,status
平台后台	GET	sys/product/label/option	筛选	admin.store.ProductLabel/getOptions	high		app/controller/admin/store/ProductLabel.php	getOptions	
平台后台	POST	sys/product/label/status/:id	修改状态	admin.store.ProductLabel/switchWithStatus	high		app/controller/admin/store/ProductLabel.php	switchWithStatus	id,status
平台后台	POST	sys/product/label/update/:id	编辑	admin.store.ProductLabel/update	high		app/controller/admin/store/ProductLabel.php	update	id,label_name,status,sort,info
平台后台	GET	sys/product/label/update/:id/form	编辑表单	admin.store.ProductLabel/updateForm	high		app/controller/admin/store/ProductLabel.php	updateForm	id
平台后台	POST	sys/profitsharing/again/:id	重新分账	admin.order.OrderProfitsharing/again	high		app/controller/admin/order/OrderProfitsharing.php	again	id
平台后台	GET	sys/profitsharing/config	配置信息	admin.system.config.ConfigOthers/getProfitsharing	high		app/controller/admin/system/config/ConfigOthers.php	getProfitsharing	
平台后台	POST	sys/profitsharing/config	配置保存	admin.system.config.ConfigOthers/setProfitsharing	high		app/controller/admin/system/config/ConfigOthers.php	setProfitsharing	extract_maxmum_num,extract_minimum_line,extract_minimum_num,open_wx_combine,open_wx_sub_mch,mer_lock_time
平台后台	GET	sys/profitsharing/export	导出	admin.order.OrderProfitsharing/export	high		app/controller/admin/order/OrderProfitsharing.php	export	page,limit,type,status,mer_id,keyword,profit_date,date
平台后台	GET	sys/profitsharing/lst	列表	admin.order.OrderProfitsharing/getList	high		app/controller/admin/order/OrderProfitsharing.php	getList	page,limit,type,status,mer_id,keyword,profit_date,date
平台后台	GET	sys/receipt/detail/:id	详情	merchant.store.order.OrderReceipt/detail	high		app/controller/merchant/store/order/OrderReceipt.php	detail	id
平台后台	GET	sys/receipt/lst	列表	merchant.store.order.OrderReceipt/getList	high		app/controller/merchant/store/order/OrderReceipt.php	getList	page,limit,status,date,receipt_sn,nickname,order_type,keyword,mer_id,uid,phone
平台后台	POST	sys/replace/image_host	替换素材域名	admin.system.attachment.Attachment/replaceHost	high		app/controller/admin/system/attachment/Attachment.php	replaceHost	origin,replace
平台后台	POST	sys/safety/database/backups	备份	admin.system.safety.Database/backups	high		app/controller/admin/system/safety/Database.php	backups	
平台后台	DELETE	sys/safety/database/delete	数据库备份删除	admin.system.safety.Database/deleteFile	high		app/controller/admin/system/safety/Database.php	deleteFile	feilname
平台后台	GET	sys/safety/database/detail/:name	数据库备份详情	admin.system.safety.Database/detail	high		app/controller/admin/system/safety/Database.php	detail	name
平台后台	GET	sys/safety/database/download/:feilname	数据库备份下载	admin.system.safety.Database/downloadFile	high		app/controller/admin/system/safety/Database.php	downloadFile	feilname
平台后台	GET	sys/safety/database/fileList	数据库备份列表	admin.system.safety.Database/fileList	high		app/controller/admin/system/safety/Database.php	fileList	
平台后台	GET	sys/safety/database/lst	数据库列表	admin.system.safety.Database/lst	high		app/controller/admin/system/safety/Database.php	lst	
平台后台	POST	sys/safety/database/optimize	数据库优化	admin.system.safety.Database/optimize	high		app/controller/admin/system/safety/Database.php	optimize	
平台后台	POST	sys/safety/database/repair	数据库维护	admin.system.safety.Database/repair	high		app/controller/admin/system/safety/Database.php	repair	
平台后台	GET	sys/seckill/active/chart_order/:id	活动订单统计列表	admin.store.StoreSeckillActive/chart_order	high		app/controller/admin/store/StoreSeckillActive.php	chart_order	id,page,limit,keyword,status,date,mer_id
平台后台	GET	sys/seckill/active/chart_panel/:id	活动统计数据面板	admin.store.StoreSeckillActive/chart_panel	high		app/controller/admin/store/StoreSeckillActive.php	chart_panel	id
平台后台	GET	sys/seckill/active/chart_people/:id	活动参与人统计列表	admin.store.StoreSeckillActive/chart_people	high		app/controller/admin/store/StoreSeckillActive.php	chart_people	id,page,limit,keyword,date,mer_id
平台后台	GET	sys/seckill/active/chart_product/:id	活动商品统计列表	admin.store.StoreSeckillActive/chart_product	high		app/controller/admin/store/StoreSeckillActive.php	chart_product	id,page,limit,keyword,mer_id
平台后台	POST	sys/seckill/active/create	创建	admin.store.StoreSeckillActive/create	high		app/controller/admin/store/StoreSeckillActive.php	create	
平台后台	DELETE	sys/seckill/active/delete/:id	删除	admin.store.StoreSeckillActive/delete	high		app/controller/admin/store/StoreSeckillActive.php	delete	id
平台后台	GET	sys/seckill/active/detail/:id	详情	admin.store.StoreSeckillActive/detail	high		app/controller/admin/store/StoreSeckillActive.php	detail	id
平台后台	GET	sys/seckill/active/lst	列表	admin.store.StoreSeckillActive/list	high		app/controller/admin/store/StoreSeckillActive.php	list	page,limit,name,date,active_status,seckill_active_status
平台后台	GET	sys/seckill/active/select	列表	admin.store.StoreSeckillActive/select	high		app/controller/admin/store/StoreSeckillActive.php	select	
平台后台	POST	sys/seckill/active/update/:id	编辑	admin.store.StoreSeckillActive/update	high		app/controller/admin/store/StoreSeckillActive.php	update	id
平台后台	POST	sys/seckill/active/update_status/:id	编辑状态	admin.store.StoreSeckillActive/update_status	high		app/controller/admin/store/StoreSeckillActive.php	update_status	id,status
平台后台	POST	sys/seckill/config/create	添加	admin.store.StoreSeckill/create	high		app/controller/admin/store/StoreSeckill.php	create	start_time,end_time,status,title,pic
平台后台	GET	sys/seckill/config/create/form	添加表单	admin.store.StoreSeckill/createForm	high		app/controller/admin/store/StoreSeckill.php	createForm	
平台后台	DELETE	sys/seckill/config/delete/:id	删除	admin.store.StoreSeckill/delete	high		app/controller/admin/store/StoreSeckill.php	delete	id
平台后台	GET	sys/seckill/config/lst	列表	admin.store.StoreSeckill/lst	high		app/controller/admin/store/StoreSeckill.php	lst	page,limit,title,status
平台后台	GET	sys/seckill/config/select	筛选	admin.store.StoreSeckill/select	high		app/controller/admin/store/StoreSeckill.php	select	active_id
平台后台	POST	sys/seckill/config/status/:id	排序	admin.store.StoreSeckill/switchStatus	high		app/controller/admin/store/StoreSeckill.php	switchStatus	id,status
平台后台	POST	sys/seckill/config/update/:id	编辑	admin.store.StoreSeckill/update	high		app/controller/admin/store/StoreSeckill.php	update	id
平台后台	GET	sys/seckill/config/update/:id/form	编辑表单	admin.store.StoreSeckill/updateForm	high		app/controller/admin/store/StoreSeckill.php	updateForm	id
平台后台	POST	sys/seckill/product/change/:id	显示/隐藏	admin.store.StoreProductSeckill/changeUsed	high		app/controller/admin/store/StoreProductSeckill.php	changeUsed	id,status
平台后台	POST	sys/seckill/product/delete/:id	加入回收站	admin.store.StoreProductSeckill/delete	stale		app/controller/admin/store/StoreProductSeckill.php	delete	
平台后台	POST	sys/seckill/product/destory/:id	删除	admin.store.StoreProductSeckill/destory	stale		app/controller/admin/store/StoreProductSeckill.php	destory	
平台后台	GET	sys/seckill/product/detail/:id	详情	admin.store.StoreProductSeckill/detail	high		app/controller/admin/store/StoreProductSeckill.php	detail	id
平台后台	POST	sys/seckill/product/labels/:id	设置标签	admin.store.StoreProductSeckill/setLabels	high		app/controller/admin/store/StoreProductSeckill.php	setLabels	id,sys_labels
平台后台	GET	sys/seckill/product/list	列表	admin.store.StoreProductSeckill/get_list	high		app/controller/admin/store/StoreProductSeckill.php	get_list	seckill_active_id,active_name,us_status,active_status,sys_labels,mer_cate_id,keyword,is_trader,star,status,mer_id,type
平台后台	GET	sys/seckill/product/lst	列表	admin.store.StoreProductSeckill/get_page_list	high		app/controller/admin/store/StoreProductSeckill.php	get_page_list	page,limit,seckill_active_id,active_name,us_status,active_status,sys_labels,mer_cate_id,keyword,is_trader,star,status,mer_id,type
平台后台	GET	sys/seckill/product/lst_filter	统计	admin.store.StoreProductSeckill/getStatusFilter	high		app/controller/admin/store/StoreProductSeckill.php	getStatusFilter	seckill_active_id,active_name,us_status,active_status,sys_labels,mer_cate_id,keyword,is_trader,star,status,mer_id
平台后台	GET	sys/seckill/product/mer_select	列表 	admin.store.StoreProductSeckill/lists	high		app/controller/admin/store/StoreProductSeckill.php	lists	
平台后台	POST	sys/seckill/product/status	审核	admin.store.StoreProductSeckill/switchStatus	high		app/controller/admin/store/StoreProductSeckill.php	switchStatus	status,refusal,id
平台后台	GET	sys/seckill/product/status/:id/form	强制下架表单	admin.store.StoreProductSeckill/down_product_status_form	high		app/controller/admin/store/StoreProductSeckill.php	down_product_status_form	id
平台后台	GET	sys/seckill/product/switchStatus/:id/form	审核表单	admin.store.StoreProductSeckill/get_switch_status_form	high		app/controller/admin/store/StoreProductSeckill.php	get_switch_status_form	id
平台后台	POST	sys/seckill/product/update/:id	编辑	admin.store.StoreProductSeckill/update	high		app/controller/admin/store/StoreProductSeckill.php	update	id
平台后台	POST	sys/serve/captcha	验证码校验	admin.system.serve.Login/checkCode	high		app/controller/admin/system/serve/Login.php	checkCode	phone,verify_code
平台后台	GET	sys/serve/captcha/:phone	获取验证码	admin.system.serve.Login/captcha	high		app/controller/admin/system/serve/Login.php	captcha	phone
平台后台	POST	sys/serve/change_password	修改密码	admin.system.serve.Serve/changePassword	high		app/controller/admin/system/serve/Serve.php	changePassword	phone,account,password,verify_code
平台后台	POST	sys/serve/change_phone	修改手机号	admin.system.serve.Serve/updatePhone	high		app/controller/admin/system/serve/Serve.php	updatePhone	phone,account,verify_code
平台后台	POST	sys/serve/change_sign	修改签名	admin.system.serve.Sms/changeSign	high		app/controller/admin/system/serve/Sms.php	changeSign	phone,sign,verify_code
平台后台	GET	sys/serve/expr/dump_lst	使用记录	admin.system.serve.Export/dumpLst	high		app/controller/admin/system/serve/Export.php	dumpLst	page,limit,date,mer_id
平台后台	GET	sys/serve/expr/lst	列表	admin.system.serve.Export/getExportAll	high		app/controller/admin/system/serve/Export.php	getExportAll	page,limit
平台后台	GET	sys/serve/expr/temps	模板	admin.system.serve.Export/getExportTemp	high		app/controller/admin/system/serve/Export.php	getExportTemp	com
平台后台	POST	sys/serve/login	登录	admin.system.serve.Login/login	high		app/controller/admin/system/serve/Login.php	login	account,password
平台后台	POST	sys/serve/meal/create	添加	admin.system.serve.Config/create	high		app/controller/admin/system/serve/Config.php	create	name,price,num,type,status,sort
平台后台	GET	sys/serve/meal/create/form	添加表单	admin.system.serve.Config/createForm	high		app/controller/admin/system/serve/Config.php	createForm	
平台后台	GET	sys/serve/meal/detail/:id	详情	admin.system.serve.Config/detail	high		app/controller/admin/system/serve/Config.php	detail	id
平台后台	DELETE	sys/serve/meal/detele/:id	删除	admin.system.serve.Config/detele	high		app/controller/admin/system/serve/Config.php	detele	id
平台后台	GET	sys/serve/meal/lst	列表	admin.system.serve.Config/lst	high		app/controller/admin/system/serve/Config.php	lst	page,limit,status,type
平台后台	POST	sys/serve/meal/status/:id	修改状态	admin.system.serve.Config/switchStatus	high		app/controller/admin/system/serve/Config.php	switchStatus	id,status
平台后台	POST	sys/serve/meal/update/:id	编辑	admin.system.serve.Config/update	high		app/controller/admin/system/serve/Config.php	update	id,name,price,num,type,status,sort
平台后台	GET	sys/serve/meal/update/:id/form	编辑表单	admin.system.serve.Config/updateForm	high		app/controller/admin/system/serve/Config.php	updateForm	id
平台后台	GET	sys/serve/mealList/:type	套餐列表	admin.system.serve.Serve/mealList	high		app/controller/admin/system/serve/Serve.php	mealList	type
平台后台	GET	sys/serve/mer/lst	商户结余	admin.system.serve.Serve/merLst	high		app/controller/admin/system/serve/Serve.php	merLst	page,limit,mer_id,date
平台后台	GET	sys/serve/mer/paylst	商户购买记录	admin.system.serve.Serve/merPaylst	high		app/controller/admin/system/serve/Serve.php	merPaylst	page,limit,type,mer_id,date
平台后台	POST	sys/serve/open	开通服务	admin.system.serve.Serve/openServe	high		app/controller/admin/system/serve/Serve.php	openServe	type,sign
平台后台	GET	sys/serve/paylst	购买记录	admin.system.serve.Serve/paylst	high		app/controller/admin/system/serve/Serve.php	paylst	page,limit
平台后台	GET	sys/serve/paymeal	购买套餐	admin.system.serve.Serve/payMeal	high		app/controller/admin/system/serve/Serve.php	payMeal	meal_id,price,num,type,pay_type
平台后台	GET	sys/serve/record	使用记录	admin.system.serve.Serve/getRecord	high		app/controller/admin/system/serve/Serve.php	getRecord	page,limit,type
平台后台	POST	sys/serve/register	注册	admin.system.serve.Login/register	high		app/controller/admin/system/serve/Login.php	register	phone,account,password,verify_code
平台后台	POST	sys/serve/sms/apply	申请模板	admin.system.serve.Sms/apply	high		app/controller/admin/system/serve/Sms.php	apply	title,type,content
平台后台	GET	sys/serve/sms/apply_record	申请记录	admin.system.serve.Sms/applyRecord	high		app/controller/admin/system/serve/Sms.php	applyRecord	page,limit,temp_type
平台后台	GET	sys/serve/sms/temps	短信模板	admin.system.serve.Sms/temps	high		app/controller/admin/system/serve/Sms.php	temps	page,limit,type
平台后台	GET	sys/serve/us_lst	使用记录	merchant.store.product.ProductCopy/lst	high		app/controller/merchant/store/product/ProductCopy.php	lst	page,limit,mer_id,type
平台后台	GET	sys/serve/user/info	账号信息	admin.system.serve.Serve/getUserInfo	high		app/controller/admin/system/serve/Serve.php	getUserInfo	
平台后台	GET	sys/serve/user/is_login	检测登录状态	admin.system.serve.Serve/is_login	high		app/controller/admin/system/serve/Serve.php	is_login	
平台后台	GET	sys/service/:id/:uid/lst	用户与客服聊天记录	merchant.store.service.StoreService/getUserMsnByService	high		app/controller/merchant/store/service/StoreService.php	getUserMsnByService	id,uid,page,limit
平台后台	GET	sys/service/:id/lst	用户与商户聊天记录	merchant.store.service.StoreService/getUserMsnByMerchant	high		app/controller/merchant/store/service/StoreService.php	getUserMsnByMerchant	id,page,limit
平台后台	GET	sys/service/:id/user	客服的全部用户 	merchant.store.service.StoreService/serviceUserList	high		app/controller/merchant/store/service/StoreService.php	serviceUserList	id,page,limit
平台后台	POST	sys/service/create	添加	merchant.store.service.StoreService/create	high		app/controller/merchant/store/service/StoreService.php	create	uid,nickname,account,pwd,confirm_pwd,is_open,status,customer,is_verify,is_goods,notify,avatar,phone,sort
平台后台	GET	sys/service/create/form	添加表单	merchant.store.service.StoreService/createForm	high		app/controller/merchant/store/service/StoreService.php	createForm	
平台后台	DELETE	sys/service/delete/:id	删除	merchant.store.service.StoreService/delete	high		app/controller/merchant/store/service/StoreService.php	delete	id
平台后台	GET	sys/service/list	列表	merchant.store.service.StoreService/lst	high		app/controller/merchant/store/service/StoreService.php	lst	page,limit,keyword,status
平台后台	POST	sys/service/login/:id	登录	merchant.store.service.StoreService/login	high		app/controller/merchant/store/service/StoreService.php	login	id
平台后台	GET	sys/service/mer/:id/user	客服的聊天用户列表	merchant.store.service.StoreService/merchantUserList	high		app/controller/merchant/store/service/StoreService.php	merchantUserList	id,page,limit
平台后台	POST	sys/service/reply/create	添加	merchant.store.service.StoreServiceReply/create	high		app/controller/merchant/store/service/StoreServiceReply.php	create	keyword,status,content,type
平台后台	DELETE	sys/service/reply/delete/:id	删除	merchant.store.service.StoreServiceReply/delete	high		app/controller/merchant/store/service/StoreServiceReply.php	delete	id
平台后台	GET	sys/service/reply/list	列表	merchant.store.service.StoreServiceReply/lst	high		app/controller/merchant/store/service/StoreServiceReply.php	lst	page,limit,keyword,status
平台后台	POST	sys/service/reply/status/:id	切换状态	merchant.store.service.StoreServiceReply/changeStatus	high		app/controller/merchant/store/service/StoreServiceReply.php	changeStatus	id,status
平台后台	POST	sys/service/reply/update/:id	编辑	merchant.store.service.StoreServiceReply/update	high		app/controller/merchant/store/service/StoreServiceReply.php	update	id
平台后台	POST	sys/service/status/:id	修改状态	merchant.store.service.StoreService/changeStatus	high		app/controller/merchant/store/service/StoreService.php	changeStatus	id,status
平台后台	POST	sys/service/update/:id	编辑	merchant.store.service.StoreService/update	high		app/controller/merchant/store/service/StoreService.php	update	id
平台后台	GET	sys/service/update/form/:id	编辑表单	merchant.store.service.StoreService/updateForm	high		app/controller/merchant/store/service/StoreService.php	updateForm	id
平台后台	GET	sys/service/user_lst	用户	merchant.store.service.StoreService/getUserList	high		app/controller/merchant/store/service/StoreService.php	getUserList	page,limit,keyword
平台后台	POST	sys/sms/captcha	smsCaptcha	admin.system.sms..Sms/captcha	high		app/controller/admin/system/sms/Sms.php	captcha	phone
平台后台	POST	sys/sms/change_password	smsChangePassword	admin.system.sms..Sms/changePassword	high		app/controller/admin/system/sms/Sms.php	changePassword	password,phone,code
平台后台	POST	sys/sms/change_sign	smsChangeSign	admin.system.sms..Sms/changeSign	high		app/controller/admin/system/sms/Sms.php	changeSign	sign,phone,code
平台后台	POST	sys/sms/config	smsLogin	admin.system.sms..Sms/save_basics	high		app/controller/admin/system/sms/Sms.php	save_basics	account,password
平台后台	GET	sys/sms/data	smsData	admin.system.sms..Sms/data	high		app/controller/admin/system/sms/Sms.php	data	
平台后台	GET	sys/sms/is_login	smsLogout	admin.system.sms..Sms/is_login	high		app/controller/admin/system/sms/Sms.php	is_login	
平台后台	GET	sys/sms/logout	smsLogout	admin.system.sms..Sms/logout	high		app/controller/admin/system/sms/Sms.php	logout	
平台后台	ANY	sys/sms/notice	notice	admin.system.sms.SmsPay/notice	high		app/controller/admin/system/sms/SmsPay.php	notice	
平台后台	GET	sys/sms/number	smsNumber	admin.system.sms..SmsPay/number	high		app/controller/admin/system/sms/SmsPay.php	number	
平台后台	POST	sys/sms/pay_code	smsPay	admin.system.sms..SmsPay/pay	high		app/controller/admin/system/sms/SmsPay.php	pay	payType,mealId,price
平台后台	GET	sys/sms/price	smsPrice	admin.system.sms..SmsPay/price	high		app/controller/admin/system/sms/SmsPay.php	price	page,limit
平台后台	GET	sys/sms/public	smsPublicTemplate	admin.system.sms..SmsTemplate/public	high		app/controller/admin/system/sms/SmsTemplate.php	public	is_have,page,limit
平台后台	GET	sys/sms/record	smsRecord	admin.system.sms..Sms/record	high		app/controller/admin/system/sms/Sms.php	record	page,limit,type
平台后台	POST	sys/sms/register	smsSave	admin.system.sms..Sms/save	high		app/controller/admin/system/sms/Sms.php	save	account,password,phone,code,url,sign
平台后台	GET	sys/sms/temp	smsTemplate	admin.system.sms..SmsTemplate/template	high		app/controller/admin/system/sms/SmsTemplate.php	template	status,title,temp_type,page,limit
平台后台	POST	sys/sms/temp	smsCreate	admin.system.sms..SmsTemplate/apply	high		app/controller/admin/system/sms/SmsTemplate.php	apply	title,content,type
平台后台	GET	sys/sms/temp/form	smsCreateForm	admin.system.sms..SmsTemplate/form	high		app/controller/admin/system/sms/SmsTemplate.php	form	
平台后台	GET	sys/spread/order/chart	头部统计	admin.order.Order/spreadChart	high		app/controller/admin/order/Order.php	spreadChart	type,date,mer_id,keywords,username,order_sn,is_trader,activity_type,group_order_sn,store_name,spread_name,top_spread_name,filter_delivery,filter_product,nickname,uid,phone,real_name,delivery_name,delivery_phone,pay_type
平台后台	GET	sys/spread/order/children/:id	关联订单	admin.order.Order/childrenList	high		app/controller/admin/order/Order.php	childrenList	id
平台后台	GET	sys/spread/order/detail/:id	详情	admin.order.Order/detail	high		app/controller/admin/order/Order.php	detail	id
平台后台	GET	sys/spread/order/excel	导出	admin.order.Order/excel	high		app/controller/admin/order/Order.php	excel	page,limit,type,date,mer_id,keywords,status,username,order_sn,take_order,is_trader,activity_type,group_order_sn,store_name,filter_delivery,filter_product,pay_type,uid,phone,real_name,delivery_name,delivery_phone
平台后台	GET	sys/spread/order/express/:id	快递查询	admin.order.Order/express	high		app/controller/admin/order/Order.php	express	id
平台后台	GET	sys/spread/order/lst	列表	admin.order.Order/getAllList	high		app/controller/admin/order/Order.php	getAllList	page,limit,type,date,mer_id,keywords,status,username,order_sn,is_trader,activity_type,group_order_sn,store_name,spread_name,top_spread_name,filter_delivery,filter_product,nickname,uid,phone,real_name,delivery_name,delivery_phone,pay_type,is_spread
平台后台	GET	sys/spread/order/status/:id	记录	admin.order.Order/status	high		app/controller/admin/order/Order.php	status	id,page,limit,date,user_type
平台后台	GET	sys/spread/order/title	金额统计	admin.order.Order/title	high		app/controller/admin/order/Order.php	title	type,date,mer_id,keywords,status,username,order_sn,is_trader,activity_type,filter_delivery,filter_product,nickname,uid,phone,real_name,is_spread
平台后台	GET	sys/statistics/get_admin_count	未处理业务统计	admin.Common/getAdminCount	high		app/controller/admin/Common.php	getAdminCount	
平台后台	GET	sys/statistics/get_admin_todo	待办事项	admin.Common/getAdminTodo	high		app/controller/admin/Common.php	getAdminTodo	
平台后台	GET	sys/statistics/get_merchant_top	商户销量排行	admin.Common/getMerchantTop	high		app/controller/admin/Common.php	getMerchantTop	date,type,sort
平台后台	GET	sys/statistics/main	主要数据	admin.Common/main	high		app/controller/admin/Common.php	main	
平台后台	GET	sys/statistics/merchant_rate	商户访问量	admin.Common/merchantRate	high		app/controller/admin/Common.php	merchantRate	date
平台后台	GET	sys/statistics/merchant_stock	商户销量	admin.Common/merchantStock	high		app/controller/admin/Common.php	merchantStock	date
平台后台	GET	sys/statistics/merchant_visit	商户销售额	admin.Common/merchantVisit	high		app/controller/admin/Common.php	merchantVisit	date
平台后台	GET	sys/statistics/order	当日订单	admin.Common/order	high		app/controller/admin/Common.php	order	
平台后台	GET	sys/statistics/order_num	当日订单数	admin.Common/orderNum	high		app/controller/admin/Common.php	orderNum	
平台后台	GET	sys/statistics/order_user	当日支付人数	admin.Common/orderUser	high		app/controller/admin/Common.php	orderUser	
平台后台	GET	sys/statistics/user	成交用户	merchant.Common/user	high		app/controller/merchant/Common.php	user	date
平台后台	GET	sys/statistics/user_data	用户数据	admin.Common/userData	high		app/controller/admin/Common.php	userData	date
平台后台	GET	sys/statistics/user_rate	成交用户占比	merchant.Common/userRate	high		app/controller/merchant/Common.php	userRate	date
平台后台	POST	sys/store/bag/change/:id	显示/隐藏	admin.store.StoreProduct/changeUsed	high		app/controller/admin/store/StoreProduct.php	changeUsed	id,status
平台后台	GET	sys/store/bag/detail/:id	详情	admin.store.StoreProduct/detail	high		app/controller/admin/store/StoreProduct.php	detail	id
平台后台	GET	sys/store/bag/list	列表 	admin.store.StoreProduct/lst	high		app/controller/admin/store/StoreProduct.php	lst	page,limit,cate_id,keyword,mer_cate_id,pid,store_name,is_trader,us_status,product_id,star,sys_labels,hot_type,svip_price_type,is_ficti,product_ids,form_id,cate_hot,brand_id,activity_label_ids,type,mer_id
平台后台	GET	sys/store/bag/lst	列表	admin.store.StoreProduct/bagList	high		app/controller/admin/store/StoreProduct.php	bagList	page,limit,cate_id,keyword,mer_cate_id,is_trader,us_status,mer_id,type
平台后台	GET	sys/store/bag/lst_filter	统计	admin.store.StoreProduct/getBagStatusFilter	high		app/controller/admin/store/StoreProduct.php	getBagStatusFilter	cate_id,keyword,mer_cate_id,is_trader,us_status,mer_id
平台后台	GET	sys/store/bag/mer_select	商户列表	admin.store.StoreProduct/lists	high		app/controller/admin/store/StoreProduct.php	lists	
平台后台	POST	sys/store/bag/status	修改状态	admin.store.StoreProduct/switchStatus	high		app/controller/admin/store/StoreProduct.php	switchStatus	status,refusal,id
平台后台	POST	sys/store/bag/update/:id	编辑	admin.store.StoreProduct/update	high		app/controller/admin/store/StoreProduct.php	update	id
平台后台	POST	sys/store/brand/category/create	添加	admin.store.StoreBrandCategory/create	high		app/controller/admin/store/StoreBrandCategory.php	create	pid,cate_name,is_show,sort,data
平台后台	GET	sys/store/brand/category/create/form	添加表单	admin.store.StoreBrandCategory/createForm	high		app/controller/admin/store/StoreBrandCategory.php	createForm	
平台后台	DELETE	sys/store/brand/category/delete/:id	删除	admin.store.StoreBrandCategory/delete	high		app/controller/admin/store/StoreBrandCategory.php	delete	id
平台后台	GET	sys/store/brand/category/detail/:id	详情	admin.store.StoreBrandCategory/detail	high		app/controller/admin/store/StoreBrandCategory.php	detail	id
平台后台	GET	sys/store/brand/category/lst	列表	admin.store.StoreBrandCategory/lst	high		app/controller/admin/store/StoreBrandCategory.php	lst	status
平台后台	POST	sys/store/brand/category/status/:id	修改状态	admin.store.StoreBrandCategory/switchStatus	high		app/controller/admin/store/StoreBrandCategory.php	switchStatus	id,status
平台后台	POST	sys/store/brand/category/update/:id	编辑	admin.store.StoreBrandCategory/update	high		app/controller/admin/store/StoreBrandCategory.php	update	id
平台后台	GET	sys/store/brand/category/update/form/:id	编辑表单	admin.store.StoreBrandCategory/updateForm	high		app/controller/admin/store/StoreBrandCategory.php	updateForm	id
平台后台	POST	sys/store/brand/create	添加	admin.store.StoreBrand/create	high		app/controller/admin/store/StoreBrand.php	create	brand_category_id,brand_name,is_show,sort,pic
平台后台	GET	sys/store/brand/create/form	添加表单	admin.store.StoreBrand/createForm	high		app/controller/admin/store/StoreBrand.php	createForm	
平台后台	DELETE	sys/store/brand/delete/:id	删除	admin.store.StoreBrand/delete	high		app/controller/admin/store/StoreBrand.php	delete	id
平台后台	GET	sys/store/brand/lst	列表	admin.store.StoreBrand/lst	high		app/controller/admin/store/StoreBrand.php	lst	page,limit,brand_category_id,brand_name
平台后台	POST	sys/store/brand/status/:id	修改状态	admin.store.StoreBrand/switchStatus	high		app/controller/admin/store/StoreBrand.php	switchStatus	id,status
平台后台	POST	sys/store/brand/update/:id	编辑	admin.store.StoreBrand/update	high		app/controller/admin/store/StoreBrand.php	update	id
平台后台	GET	sys/store/brand/update/form/:id	编辑表单	admin.store.StoreBrand/updateForm	high		app/controller/admin/store/StoreBrand.php	updateForm	id
平台后台	GET	sys/store/category/brandlist	品牌列表	admin.store.StoreCategory/BrandList	high		app/controller/admin/store/StoreCategory.php	BrandList	
平台后台	POST	sys/store/category/create	添加	admin.store.StoreCategory/create	high		app/controller/admin/store/StoreCategory.php	create	pid,cate_name,is_show,pic,sort,data
平台后台	GET	sys/store/category/create/form	添加表单	admin.store.StoreCategory/createForm	high		app/controller/admin/store/StoreCategory.php	createForm	
平台后台	DELETE	sys/store/category/delete/:id	删除	admin.store.StoreCategory/delete	high		app/controller/admin/store/StoreCategory.php	delete	id
平台后台	GET	sys/store/category/detail/:id	详情	admin.store.StoreCategory/detail	high		app/controller/admin/store/StoreCategory.php	detail	id
平台后台	POST	sys/store/category/is_hot/:id	修改推荐	admin.store.StoreCategory/switchIsHot	high		app/controller/admin/store/StoreCategory.php	switchIsHot	id,status
平台后台	GET	sys/store/category/list	筛选	admin.store.StoreCategory/getList	high		app/controller/admin/store/StoreCategory.php	getList	type,lv
平台后台	GET	sys/store/category/lst	列表	admin.store.StoreCategory/lst	high		app/controller/admin/store/StoreCategory.php	lst	
平台后台	POST	sys/store/category/status/:id	修改状态	admin.store.StoreCategory/switchStatus	high		app/controller/admin/store/StoreCategory.php	switchStatus	id,status
平台后台	POST	sys/store/category/update/:id	编辑	admin.store.StoreCategory/update	high		app/controller/admin/store/StoreCategory.php	update	id
平台后台	GET	sys/store/category/update/form/:id	编辑表单	admin.store.StoreCategory/updateForm	high		app/controller/admin/store/StoreCategory.php	updateForm	id
平台后台	POST	sys/store/city/create	编辑	admin.store.CityArea/create	high		app/controller/admin/store/CityArea.php	create	parent_id,level,name,path
平台后台	GET	sys/store/city/create/form/:id	编辑表单	admin.store.CityArea/createForm	high		app/controller/admin/store/CityArea.php	createForm	id
平台后台	DELETE	sys/store/city/delete/:id	删除	admin.store.CityArea/delete	high		app/controller/admin/store/CityArea.php	delete	id
平台后台	GET	sys/store/city/lst/:id	列表	admin.store.CityArea/lst	high		app/controller/admin/store/CityArea.php	lst	id
平台后台	POST	sys/store/city/update/:id	编辑	admin.store.CityArea/update	high		app/controller/admin/store/CityArea.php	update	id
平台后台	GET	sys/store/city/update/:id/form	编辑表单	admin.store.CityArea/updateForm	high		app/controller/admin/store/CityArea.php	updateForm	id
平台后台	POST	sys/store/coupon/create	添加	admin.store.Coupon/create	high		app/controller/admin/store/Coupon.php	create	use_type,title,coupon_price,use_min_price,coupon_type,coupon_time,use_start_time,sort,status,type,product_id,range_date,send_type,full_reduction,is_limited,is_timeout,total_count,cate_ids,mer_type,is_trader,category_id,type_id,mer_ids
平台后台	GET	sys/store/coupon/create/form	添加表单	admin.store.Coupon/createForm	high		app/controller/admin/store/Coupon.php	createForm	
平台后台	DELETE	sys/store/coupon/delete/:id	删除	admin.store.Coupon/delete	high		app/controller/admin/store/Coupon.php	delete	id
平台后台	GET	sys/store/coupon/detail/:id	详情	admin.store.Coupon/detail	high		app/controller/admin/store/Coupon.php	detail	id
平台后台	GET	sys/store/coupon/issue	使用记录	admin.store.Coupon/issue	high		app/controller/admin/store/Coupon.php	issue	page,limit,username,coupon_id,coupon,coupon_type,status,type,mer_id,is_mer
平台后台	GET	sys/store/coupon/lst	列表	admin.store.Coupon/lst	high		app/controller/admin/store/Coupon.php	lst	page,limit,is_full_give,status,is_give_subscribe,coupon_name,mer_id,is_trader
平台后台	GET	sys/store/coupon/platformLst	列表	admin.store.Coupon/platformLst	high		app/controller/admin/store/Coupon.php	platformLst	page,limit,is_full_give,status,is_give_subscribe,coupon_name,send_type,type,not_send_type
平台后台	GET	sys/store/coupon/product/:id	商品列表	admin.store.Coupon/product	high		app/controller/admin/store/Coupon.php	product	id,page,limit
平台后台	POST	sys/store/coupon/send	发送优惠券	admin.store.Coupon/send	high		app/controller/admin/store/Coupon.php	send	coupon_id,mark,is_all,search,uid
平台后台	GET	sys/store/coupon/send/lst	发送记录	admin.store.Coupon/sendLst	high		app/controller/admin/store/Coupon.php	sendLst	page,limit,date,coupon_type,coupon_name,status
平台后台	GET	sys/store/coupon/show/:id	详情	admin.store.Coupon/detail	high		app/controller/admin/store/Coupon.php	detail	id
平台后台	GET	sys/store/coupon/show_lst/:id	详情关联列表	admin.store.Coupon/showLst	high		app/controller/admin/store/Coupon.php	showLst	id,page,limit
平台后台	POST	sys/store/coupon/status/:id	修改状态	admin.store.Coupon/switchStatus	high		app/controller/admin/store/Coupon.php	switchStatus	id,status
平台后台	GET	sys/store/coupon/sys/clone/:id/form	复制表单	admin.store.Coupon/cloneForm	high		app/controller/admin/store/Coupon.php	cloneForm	id
平台后台	GET	sys/store/coupon/sys/issue	使用记录	admin.store.Coupon/platformIssue	high		app/controller/admin/store/Coupon.php	platformIssue	page,limit,username,coupon_id,coupon,status,coupon_type,type,send_id
平台后台	POST	sys/store/coupon/update/:id	编辑	admin.store.Coupon/update	high		app/controller/admin/store/Coupon.php	update	id,title
平台后台	GET	sys/store/coupon/update/:id/form	编辑表单	admin.store.Coupon/updateForm	high		app/controller/admin/store/Coupon.php	updateForm	id
平台后台	DELETE	sys/store/express/delete/:id	删除	admin.store.Express/delete	high		app/controller/admin/store/Express.php	delete	id
平台后台	GET	sys/store/express/lst	列表	admin.store.Express/lst	high		app/controller/admin/store/Express.php	lst	page,limit,keyword,code
平台后台	GET	sys/store/express/options	列表	admin.store.Express/options	high		app/controller/admin/store/Express.php	options	
平台后台	POST	sys/store/express/status/:id	修改状态	admin.store.Express/switchStatus	high		app/controller/admin/store/Express.php	switchStatus	id,is_show
平台后台	GET	sys/store/express/sync	同步	admin.store.Express/syncAll	high		app/controller/admin/store/Express.php	syncAll	
平台后台	POST	sys/store/express/update/:id	编辑	admin.store.Express/update	high		app/controller/admin/store/Express.php	update	id,name,code,is_show,sort
平台后台	GET	sys/store/express/update/form/:id	编辑表单	admin.store.Express/updateForm	high		app/controller/admin/store/Express.php	updateForm	id
平台后台	POST	sys/store/params/temp/create	添加	admin.parameter.ParameterTemplate/create	high		app/controller/admin/parameter/ParameterTemplate.php	create	template_name,cate_ids,sort,params,delete_params
平台后台	DELETE	sys/store/params/temp/delete/:id	删除	admin.parameter.ParameterTemplate/delete	high		app/controller/admin/parameter/ParameterTemplate.php	delete	id
平台后台	DELETE	sys/store/params/temp/delete/value/:id	删除属性	admin.parameter.ParameterTemplate/deleteValue	high		app/controller/admin/parameter/ParameterTemplate.php	deleteValue	id
平台后台	GET	sys/store/params/temp/detail/:id	详情	admin.parameter.ParameterTemplate/detail	high		app/controller/admin/parameter/ParameterTemplate.php	detail	id
平台后台	GET	sys/store/params/temp/lst	平台参数列表	admin.parameter.ParameterTemplate/lst	high		app/controller/admin/parameter/ParameterTemplate.php	lst	page,limit,template_name,cate_ids,mer_name,mer_id,is_mer
平台后台	GET	sys/store/params/temp/merlst	商户参数模板	admin.parameter.ParameterTemplate/lst	high		app/controller/admin/parameter/ParameterTemplate.php	lst	page,limit,template_name,cate_ids,mer_name,mer_id,is_mer
平台后台	POST	sys/store/params/temp/update/:id	编辑	admin.parameter.ParameterTemplate/update	high		app/controller/admin/parameter/ParameterTemplate.php	update	id
平台后台	GET	sys/store/product/assist/detail/:id	详情	admin.store.StoreProductAssist/detail	high		app/controller/admin/store/StoreProductAssist.php	detail	id
平台后台	GET	sys/store/product/assist/get/:id	编辑数据	admin.store.StoreProductAssist/get	high		app/controller/admin/store/StoreProductAssist.php	get	id
平台后台	POST	sys/store/product/assist/is_show/:id	显示/隐藏	admin.store.StoreProductAssist/switchStatus	high		app/controller/admin/store/StoreProductAssist.php	switchStatus	id,status
平台后台	POST	sys/store/product/assist/labels/:id	设置标签	admin.store.StoreProductAssist/setLabels	high		app/controller/admin/store/StoreProductAssist.php	setLabels	id,sys_labels
平台后台	GET	sys/store/product/assist/lst	列表	admin.store.StoreProductAssist/lst	high		app/controller/admin/store/StoreProductAssist.php	lst	page,limit,product_status,keyword,status,type,mer_id,is_trader,us_status,star,product_assist_id,sys_labels
平台后台	GET	sys/store/product/assist/set/detail/:id	详情	admin.store.StoreProductAssistSet/detail	high		app/controller/admin/store/StoreProductAssistSet.php	detail	id,page,limit
平台后台	GET	sys/store/product/assist/set/lst	列表	admin.store.StoreProductAssistSet/lst	high		app/controller/admin/store/StoreProductAssistSet.php	lst	page,limit,keyword,status,type,date,user_name,mer_id,is_trader
平台后台	POST	sys/store/product/assist/status	审核	admin.store.StoreProductAssist/switchAudit	high		app/controller/admin/store/StoreProductAssist.php	switchAudit	status,refusal,id
平台后台	POST	sys/store/product/assist/update/:id	编辑	admin.store.StoreProductAssist/update	high		app/controller/admin/store/StoreProductAssist.php	update	id
平台后台	POST	sys/store/product/batchCopyProduct	批量复制商品到店铺	admin.store.StoreProduct/batchCopyProductsToStore	high		app/controller/admin/store/StoreProduct.php	batchCopyProductsToStore	product_ids,store_id
平台后台	POST	sys/store/product/batch_cate_hot	批量设置分类推荐	admin.store.StoreProduct/batchCateHot	stale		app/controller/admin/store/StoreProduct.php	batchCateHot	
平台后台	POST	sys/store/product/batch_hot	批量设置推荐	admin.store.StoreProduct/batchHot	high		app/controller/admin/store/StoreProduct.php	batchHot	is_hot,is_benefit,is_best,is_new,ids
平台后台	POST	sys/store/product/batch_labels	批量设置标签	admin.store.StoreProduct/batchLabels	high		app/controller/admin/store/StoreProduct.php	batchLabels	sys_labels,ids
平台后台	POST	sys/store/product/batch_status	批量上下架	admin.store.StoreProduct/batchShow	high		app/controller/admin/store/StoreProduct.php	batchShow	ids,status
平台后台	POST	sys/store/product/change/:id	显示/隐藏	admin.store.StoreProduct/changeUsed	high		app/controller/admin/store/StoreProduct.php	changeUsed	id,status
平台后台	POST	sys/store/product/check	分销状态变更商品检测	admin.store.StoreProduct/checkProduct	high		app/controller/admin/store/StoreProduct.php	checkProduct	
平台后台	GET	sys/store/product/detail/:id	详情	admin.store.StoreProduct/detail	high		app/controller/admin/store/StoreProduct.php	detail	id
平台后台	POST	sys/store/product/ficti/:id	虚拟销量	admin.store.StoreProduct/addFicti	high		app/controller/admin/store/StoreProduct.php	addFicti	id,type,ficti
平台后台	GET	sys/store/product/ficti/form/:id	虚拟销量表单	admin.store.StoreProduct/addFictiForm	high		app/controller/admin/store/StoreProduct.php	addFictiForm	id
平台后台	GET	sys/store/product/get_operate_list/:product_id	获取商品操作记录	admin.store.StoreProduct/getOperateList	high		app/controller/admin/store/StoreProduct.php	getOperateList	product_id,page,limit,type,date
平台后台	GET	sys/store/product/group/buying/detail/:id	详情	admin.store.StoreProductGroupBuying/detail	high		app/controller/admin/store/StoreProductGroupBuying.php	detail	id,page,limit
平台后台	GET	sys/store/product/group/buying/lst	列表	admin.store.StoreProductGroupBuying/lst	high		app/controller/admin/store/StoreProductGroupBuying.php	lst	page,limit,keyword,status,date,mer_id,is_trader,user_name
平台后台	GET	sys/store/product/group/detail/:id	详情	admin.store.StoreProductGroup/detail	high		app/controller/admin/store/StoreProductGroup.php	detail	id
平台后台	GET	sys/store/product/group/get/:id	编辑数据	admin.store.StoreProductGroup/get	high		app/controller/admin/store/StoreProductGroup.php	get	id
平台后台	POST	sys/store/product/group/is_show/:id	显示/隐藏	admin.store.StoreProductGroup/switchStatus	high		app/controller/admin/store/StoreProductGroup.php	switchStatus	id,status
平台后台	POST	sys/store/product/group/labels/:id	设置标签	admin.store.StoreProductGroup/setLabels	high		app/controller/admin/store/StoreProductGroup.php	setLabels	id,sys_labels
平台后台	GET	sys/store/product/group/lst	列表	admin.store.StoreProductGroup/lst	high		app/controller/admin/store/StoreProductGroup.php	lst	page,limit,product_status,keyword,status,active_type,mer_id,is_trader,level,us_status,star,product_group_id,sys_labels
平台后台	POST	sys/store/product/group/sort/:id	排序	admin.store.StoreProductGroup/updateSort	high		app/controller/admin/store/StoreProductGroup.php	updateSort	id,sort
平台后台	POST	sys/store/product/group/status	审核	admin.store.StoreProductGroup/switchAudit	high		app/controller/admin/store/StoreProductGroup.php	switchAudit	status,refusal,id
平台后台	POST	sys/store/product/group/update/:id	编辑	admin.store.StoreProductGroup/update	high		app/controller/admin/store/StoreProductGroup.php	update	id
平台后台	POST	sys/store/product/labels/:id	设置标签	admin.store.StoreProduct/setLabels	high		app/controller/admin/store/StoreProduct.php	setLabels	id,sys_labels
平台后台	GET	sys/store/product/list	lst	admin.store.StoreProduct/lst	high		app/controller/admin/store/StoreProduct.php	lst	page,limit,cate_id,keyword,mer_cate_id,pid,store_name,is_trader,us_status,product_id,star,sys_labels,hot_type,svip_price_type,is_ficti,product_ids,form_id,cate_hot,brand_id,activity_label_ids,type,mer_id
平台后台	GET	sys/store/product/lst	列表	admin.store.StoreProduct/lst	high		app/controller/admin/store/StoreProduct.php	lst	page,limit,cate_id,keyword,mer_cate_id,pid,store_name,is_trader,us_status,product_id,star,sys_labels,hot_type,svip_price_type,is_ficti,product_ids,form_id,cate_hot,brand_id,activity_label_ids,type,mer_id
平台后台	GET	sys/store/product/lst_filter	统计	admin.store.StoreProduct/getStatusFilter	high		app/controller/admin/store/StoreProduct.php	getStatusFilter	cate_id,keyword,mer_cate_id,pid,store_name,is_trader,us_status,product_id,sys_labels,hot_type,svip_price_type,is_ficti,product_ids,form_id,cate_hot,brand_id,activity_label_ids,mer_id
平台后台	GET	sys/store/product/mer_select	列表	admin.store.StoreProduct/lists	high		app/controller/admin/store/StoreProduct.php	lists	
平台后台	GET	sys/store/product/presell/detail/:id	详情	admin.store.StoreProductPresell/detail	high		app/controller/admin/store/StoreProductPresell.php	detail	id
平台后台	GET	sys/store/product/presell/get/:id	编辑数据	admin.store.StoreProductPresell/get	high		app/controller/admin/store/StoreProductPresell.php	get	id
平台后台	POST	sys/store/product/presell/is_show/:id	显示/隐藏	admin.store.StoreProductPresell/switchStatus	high		app/controller/admin/store/StoreProductPresell.php	switchStatus	id,status
平台后台	POST	sys/store/product/presell/labels/:id	设置标签	admin.store.StoreProductPresell/setLabels	high		app/controller/admin/store/StoreProductPresell.php	setLabels	id,sys_labels
平台后台	GET	sys/store/product/presell/lst	列表	admin.store.StoreProductPresell/lst	high		app/controller/admin/store/StoreProductPresell.php	lst	page,limit,product_status,keyword,status,type,presell_type,mer_id,is_trader,us_status,star,product_presell_id,sys_labels
平台后台	POST	sys/store/product/presell/status	审核	admin.store.StoreProductPresell/switchAudit	high		app/controller/admin/store/StoreProductPresell.php	switchAudit	status,refusal,id
平台后台	POST	sys/store/product/presell/update/:id	编辑	admin.store.StoreProductPresell/update	high		app/controller/admin/store/StoreProductPresell.php	update	id
平台后台	GET	sys/store/product/self_lst	获取自营商品列表	admin.store.StoreProduct/get_self_product_list	high		app/controller/admin/store/StoreProduct.php	get_self_product_list	page,limit,keyword,sys_labels,us_status,cate_id,active_id,type_id,category_id,mer_id,level_one_cate_ids
平台后台	POST	sys/store/product/status	上下架	admin.store.StoreProduct/switchStatus	high		app/controller/admin/store/StoreProduct.php	switchStatus	status,refusal,id
平台后台	POST	sys/store/product/update/:id	编辑	admin.store.StoreProduct/update	high		app/controller/admin/store/StoreProduct.php	update	id
平台后台	POST	sys/store/reply/create	添加虚拟评论	admin.store.StoreProductReply/virtualReply	high		app/controller/admin/store/StoreProductReply.php	virtualReply	product_id,nickname,comment,sort,product_score,service_score,postage_score,avatar,pics,create_time
平台后台	GET	sys/store/reply/create/form/:id?	添加虚拟评论表单	admin.store.StoreProductReply/virtualForm	high		app/controller/admin/store/StoreProductReply.php	virtualForm	id
平台后台	DELETE	sys/store/reply/delete/:id	删除	admin.store.StoreProductReply/delete	high		app/controller/admin/store/StoreProductReply.php	delete	id
平台后台	GET	sys/store/reply/lst	列表	admin.store.StoreProductReply/lst	high		app/controller/admin/store/StoreProductReply.php	lst	page,limit,keyword,nickname,is_reply,date,product_id
平台后台	POST	sys/store/reply/sort/:id	排序	admin.store.StoreProductReply/sort	high		app/controller/admin/store/StoreProductReply.php	sort	id,sort
平台后台	GET	sys/svip/interests/:id/form	编辑	admin.user.MemberInterests/updateSvipForm	high		app/controller/admin/user/MemberInterests.php	updateSvipForm	id
平台后台	GET	sys/svip/interests/lst	列表	admin.user.MemberInterests/getSvipInterests	high		app/controller/admin/user/MemberInterests.php	getSvipInterests	
平台后台	POST	sys/svip/interests/status/:id	编辑状态	admin.user.MemberInterests/switchWithStatus	high		app/controller/admin/user/MemberInterests.php	switchWithStatus	id,status
平台后台	POST	sys/svip/interests/update/:id	编辑	admin.user.MemberInterests/update	high		app/controller/admin/user/MemberInterests.php	update	id
平台后台	POST	sys/system/admin/create	管理员添加	admin.system.admin..Admin/create	high		app/controller/admin/system/admin/Admin.php	create	account,pwd,phone,againPassword,real_name,roles,status,is_agent,region_ids
平台后台	GET	sys/system/admin/create/form	管理员添加表单	admin.system.admin..Admin/createForm	high		app/controller/admin/system/admin/Admin.php	createForm	is_agent,region_ids
平台后台	DELETE	sys/system/admin/delete/:id	管理员删除	admin.system.admin..Admin/delete	high		app/controller/admin/system/admin/Admin.php	delete	id
平台后台	POST	sys/system/admin/edit	修改信息	admin.system.admin..Admin/edit	high		app/controller/admin/system/admin/Admin.php	edit	real_name,phone
平台后台	GET	sys/system/admin/edit/form	修改信息表单	admin.system.admin..Admin/editForm	high		app/controller/admin/system/admin/Admin.php	editForm	
平台后台	POST	sys/system/admin/edit/password	修改密码	admin.system.admin..Admin/editPassword	high		app/controller/admin/system/admin/Admin.php	editPassword	pwd,againPassword
平台后台	GET	sys/system/admin/edit/password/form	修改密码表单	admin.system.admin..Admin/editPasswordForm	high		app/controller/admin/system/admin/Admin.php	editPasswordForm	
平台后台	GET	sys/system/admin/log	操作日志	admin.system.admin..AdminLog/lst	high		app/controller/admin/system/admin/AdminLog.php	lst	page,limit,section_startTime,section_endTime,admin_id,method,date,keyword
平台后台	GET	sys/system/admin/lst	管理员列表	admin.system.admin..Admin/getList	high		app/controller/admin/system/admin/Admin.php	getList	page,limit,keyword,date,status,region_ids
平台后台	POST	sys/system/admin/password/:id	管理员修改密码	admin.system.admin..Admin/password	high		app/controller/admin/system/admin/Admin.php	password	id,pwd,againPassword
平台后台	GET	sys/system/admin/password/form/:id	管理员修改密码表单	admin.system.admin..Admin/passwordForm	high		app/controller/admin/system/admin/Admin.php	passwordForm	id
平台后台	POST	sys/system/admin/status/:id	管理员修改状态	admin.system.admin..Admin/switchStatus	high		app/controller/admin/system/admin/Admin.php	switchStatus	id,status
平台后台	POST	sys/system/admin/update/:id	管理员编辑	admin.system.admin..Admin/update	high		app/controller/admin/system/admin/Admin.php	update	id,account,real_name,phone,roles,status,is_agent,region_ids
平台后台	GET	sys/system/admin/update/form/:id	管理员编辑表单	admin.system.admin..Admin/updateForm	high		app/controller/admin/system/admin/Admin.php	updateForm	id,is_agent,region_ids
平台后台	GET	sys/system/applyments/detail/:id	分账商户申请详情	admin.system.merchant.MerchantApplyments/detail	high		app/controller/admin/system/merchant/MerchantApplyments.php	detail	id
平台后台	GET	sys/system/applyments/lst	分账商户申请列表	admin.system.merchant.MerchantApplyments/lst	high		app/controller/admin/system/merchant/MerchantApplyments.php	lst	page,limit,mer_name,status,date,mer_applyments_id,out_request_no,applyment_id,mer_id
平台后台	POST	sys/system/applyments/mark/:id	分账商户申请备注	admin.system.merchant.MerchantApplyments/mark	high		app/controller/admin/system/merchant/MerchantApplyments.php	mark	id,mark
平台后台	GET	sys/system/applyments/mark/:id/form	分账商户申请备注表单	admin.system.merchant.MerchantApplyments/markForm	high		app/controller/admin/system/merchant/MerchantApplyments.php	markForm	id
平台后台	GET	sys/system/applyments/merchant/:id	分账商户审核查询	admin.system.merchant.MerchantApplyments/getMerchant	high		app/controller/admin/system/merchant/MerchantApplyments.php	getMerchant	id
平台后台	POST	sys/system/applyments/status/:id	分账商户申请审核	admin.system.merchant.MerchantApplyments/switchWithStatus	high		app/controller/admin/system/merchant/MerchantApplyments.php	switchWithStatus	id,status,message
平台后台	POST	sys/system/article/article/create	文章添加	admin.article.Article/create	high		app/controller/admin/article/Article.php	create	cid,title,content,author,image_input,status,sort,synopsis,is_hot,is_banner,url
平台后台	DELETE	sys/system/article/article/delete/:id	文章删除	admin.article.Article/delete	high		app/controller/admin/article/Article.php	delete	id
平台后台	GET	sys/system/article/article/detail/:id	文章详情	admin.article.Article/detail	high		app/controller/admin/article/Article.php	detail	id
平台后台	GET	sys/system/article/article/lst	文章列表	admin.article.Article/getList	high		app/controller/admin/article/Article.php	getList	page,limit,cid,title
平台后台	POST	sys/system/article/article/status/:id	文章修改状态	admin.article.Article/switchStatus	high		app/controller/admin/article/Article.php	switchStatus	id,status
平台后台	POST	sys/system/article/article/update/:id	文章编辑	admin.article.Article/update	high		app/controller/admin/article/Article.php	update	id
平台后台	POST	sys/system/article/category/create	文章分类添加	admin.article.ArticleCategory/create	high		app/controller/admin/article/ArticleCategory.php	create	pid,title,info,status,image,sort
平台后台	GET	sys/system/article/category/create/form	文章分类添加表单	admin.article.ArticleCategory/createForm	high		app/controller/admin/article/ArticleCategory.php	createForm	
平台后台	DELETE	sys/system/article/category/delete/:id	文章分类删除	admin.article.ArticleCategory/delete	high		app/controller/admin/article/ArticleCategory.php	delete	id
平台后台	GET	sys/system/article/category/detail/:id	文章分类详情	admin.article.ArticleCategory/detail	high		app/controller/admin/article/ArticleCategory.php	detail	id
平台后台	GET	sys/system/article/category/lst	文章分类列表	admin.article.ArticleCategory/lst	high		app/controller/admin/article/ArticleCategory.php	lst	
平台后台	GET	sys/system/article/category/select	文章分类筛选	admin.article.ArticleCategory/select	high		app/controller/admin/article/ArticleCategory.php	select	
平台后台	POST	sys/system/article/category/status/:id	文章分类修改状态	admin.article.ArticleCategory/switchStatus	high		app/controller/admin/article/ArticleCategory.php	switchStatus	id,status
平台后台	POST	sys/system/article/category/update/:id	文章分类编辑	admin.article.ArticleCategory/update	high		app/controller/admin/article/ArticleCategory.php	update	id
平台后台	GET	sys/system/article/category/update/form/:id	文章分类编辑表单	admin.article.ArticleCategory/updateForm	high		app/controller/admin/article/ArticleCategory.php	updateForm	id
平台后台	POST	sys/system/attachment/category	批量移动	admin.system.attachment.Attachment/batchChangeCategory	high		app/controller/admin/system/attachment/Attachment.php	batchChangeCategory	ids,attachment_category_id
平台后台	POST	sys/system/attachment/category/create	素材分类添加	admin.system.attachment.AttachmentCategory/create	high		app/controller/admin/system/attachment/AttachmentCategory.php	create	
平台后台	GET	sys/system/attachment/category/create/form	素材分类添加表单	admin.system.attachment.AttachmentCategory/createForm	high		app/controller/admin/system/attachment/AttachmentCategory.php	createForm	
平台后台	DELETE	sys/system/attachment/category/delete/:id	素材删除	admin.system.attachment.AttachmentCategory/delete	high		app/controller/admin/system/attachment/AttachmentCategory.php	delete	id
平台后台	GET	sys/system/attachment/category/formatLst	素材分类列表	admin.system.attachment.AttachmentCategory/getFormatList	high		app/controller/admin/system/attachment/AttachmentCategory.php	getFormatList	
平台后台	POST	sys/system/attachment/category/update/:id	素材编辑	admin.system.attachment.AttachmentCategory/update	high		app/controller/admin/system/attachment/AttachmentCategory.php	update	id
平台后台	GET	sys/system/attachment/category/update/form/:id	素材分类编辑表单	admin.system.attachment.AttachmentCategory/updateForm	high		app/controller/admin/system/attachment/AttachmentCategory.php	updateForm	id
平台后台	DELETE	sys/system/attachment/delete	素材删除	admin.system.attachment.Attachment/delete	high		app/controller/admin/system/attachment/Attachment.php	delete	ids
平台后台	GET	sys/system/attachment/lst	素材列表	admin.system.attachment.Attachment/getList	high		app/controller/admin/system/attachment/Attachment.php	getList	page,limit,attachment_category_id,order,attachment_name,attachment_type
平台后台	POST	sys/system/attachment/online_upload	在线图片	admin.system.attachment.Attachment/onlineUpload	high		app/controller/admin/system/attachment/Attachment.php	onlineUpload	id,images
平台后台	GET	sys/system/attachment/scan_upload/image/:token	扫码上传图片	admin.system.attachment.Attachment/scanUploadImage	high		app/controller/admin/system/attachment/Attachment.php	scanUploadImage	token
平台后台	POST	sys/system/attachment/scan_upload/image/:token	扫码上传保存	admin.system.attachment.Attachment/scanUploadSave	high		app/controller/admin/system/attachment/Attachment.php	scanUploadSave	token,pid,ids
平台后台	GET	sys/system/attachment/scan_upload/qrcode/:pid	上传二维码	admin.system.attachment.Attachment/scanUploadQrcode	high		app/controller/admin/system/attachment/Attachment.php	scanUploadQrcode	pid
平台后台	POST	sys/system/attachment/update/:id	素材编辑	admin.system.attachment.Attachment/update	high		app/controller/admin/system/attachment/Attachment.php	update	id,attachment_name
平台后台	GET	sys/system/attachment/update/:id/form	素材编辑表单	admin.system.attachment.Attachment/updateForm	high		app/controller/admin/system/attachment/Attachment.php	updateForm	id
平台后台	GET	sys/system/city/lst	lst	merchant.store.shipping.City/lst	high		app/controller/merchant/store/shipping/City.php	lst	
平台后台	POST	sys/system/form/create	添加	admin.system.form.Form/create	high		app/controller/admin/system/form/Form.php	create	name,value,status
平台后台	DELETE	sys/system/form/delete/:id	删除	admin.system.form.Form/delete	high		app/controller/admin/system/form/Form.php	delete	id
平台后台	GET	sys/system/form/detail/:id	详情	admin.system.form.Form/detail	high		app/controller/admin/system/form/Form.php	detail	id
平台后台	GET	sys/system/form/excel	导出	admin.system.form.Form/excel	high		app/controller/admin/system/form/Form.php	excel	page,limit,id,date
平台后台	GET	sys/system/form/info/:id	info	admin.system.form.Form/info	high		app/controller/admin/system/form/Form.php	info	id,mer_id
平台后台	GET	sys/system/form/lst	列表	admin.system.form.Form/lst	high		app/controller/admin/system/form/Form.php	lst	page,limit,keyword,date
平台后台	GET	sys/system/form/select	select	admin.system.form.Form/select	high		app/controller/admin/system/form/Form.php	select	
平台后台	POST	sys/system/form/status/:id	编辑状态	admin.system.form.Form/statusSwitch	stale		app/controller/admin/system/form/Form.php	statusSwitch	
平台后台	POST	sys/system/form/update/:id	编辑	admin.system.form.Form/update	high		app/controller/admin/system/form/Form.php	update	id
平台后台	GET	sys/system/form/user_lst/:id	表单提交记录	admin.system.form.Form/formUserList	high		app/controller/admin/system/form/Form.php	formUserList	id,page,limit,date
平台后台	POST	sys/system/menu/create	平台菜单/权限添加	admin.system.auth.Menu/create	high		app/controller/admin/system/auth/Menu.php	create	
平台后台	GET	sys/system/menu/create/form	平台菜单/权限添加表单	admin.system.auth.Menu/createForm	high		app/controller/admin/system/auth/Menu.php	createForm	is_agent
平台后台	DELETE	sys/system/menu/delete/:id	平台菜单/权限删除	admin.system.auth.Menu/delete	high		app/controller/admin/system/auth/Menu.php	delete	id
平台后台	POST	sys/system/menu/getAdminMenusList	getMenusList	admin.system.auth.Menu/getMenusList	high		app/controller/admin/system/auth/Menu.php	getMenusList	is_mer,keyword
平台后台	GET	sys/system/menu/lst	平台菜单/权限列表	admin.system.auth.Menu/getList	high		app/controller/admin/system/auth/Menu.php	getList	is_agent
平台后台	POST	sys/system/menu/update/:id	平台菜单/权限编辑	admin.system.auth.Menu/update	high		app/controller/admin/system/auth/Menu.php	update	id
平台后台	GET	sys/system/menu/update/form/:id	平台菜单/权限编辑表单	admin.system.auth.Menu/updateForm	high		app/controller/admin/system/auth/Menu.php	updateForm	id,is_agent
平台后台	POST	sys/system/merchant/businessCreate	商户添加店铺	admin.system.merchant..Merchant/businessCreate	high		app/controller/admin/system/merchant/Merchant.php	businessCreate	mer_name,mer_password,mer_phone,mer_account,category_id,type_id,real_name,mark,business_id
平台后台	POST	sys/system/merchant/care_ficti/:id	虚拟关注量	admin.system.merchant..Merchant/careFicti	high		app/controller/admin/system/merchant/Merchant.php	careFicti	id,type,num
平台后台	GET	sys/system/merchant/care_ficti/form/:id	虚拟关注量表单	admin.system.merchant..Merchant/careFictiForm	high		app/controller/admin/system/merchant/Merchant.php	careFictiForm	id
平台后台	POST	sys/system/merchant/category	店铺分类添加	admin.system.merchant.MerchantCategory/create	high		app/controller/admin/system/merchant/MerchantCategory.php	create	category_name,commission_rate
平台后台	DELETE	sys/system/merchant/category/:id	店铺分类删除	admin.system.merchant.MerchantCategory/delete	high		app/controller/admin/system/merchant/MerchantCategory.php	delete	id
平台后台	POST	sys/system/merchant/category/:id	店铺分类编辑	admin.system.merchant.MerchantCategory/update	high		app/controller/admin/system/merchant/MerchantCategory.php	update	id
平台后台	GET	sys/system/merchant/category/form	店铺分类添加表单	admin.system.merchant.MerchantCategory/createForm	high		app/controller/admin/system/merchant/MerchantCategory.php	createForm	
平台后台	GET	sys/system/merchant/category/form/:id	店铺分类编辑表单	admin.system.merchant.MerchantCategory/updateForm	high		app/controller/admin/system/merchant/MerchantCategory.php	updateForm	id
平台后台	GET	sys/system/merchant/category/lst	店铺分类列表	admin.system.merchant.MerchantCategory/lst	high		app/controller/admin/system/merchant/MerchantCategory.php	lst	page,limit
平台后台	GET	sys/system/merchant/category/options	店铺分类筛选	admin.system.merchant.MerchantCategory/getOptions	high		app/controller/admin/system/merchant/MerchantCategory.php	getOptions	
平台后台	GET	sys/system/merchant/category_lst	店铺分类列表	admin.system.merchant.MerchantCategory/lst	high		app/controller/admin/system/merchant/MerchantCategory.php	lst	page,limit
平台后台	POST	sys/system/merchant/changecopy/:id	修改采集商品次数	admin.system.merchant..Merchant/changeCopyNum	high		app/controller/admin/system/merchant/Merchant.php	changeCopyNum	id,type,num
平台后台	GET	sys/system/merchant/changecopy/:id/form	修改采集商品次数表单	admin.system.merchant..Merchant/changeCopyNumForm	high		app/controller/admin/system/merchant/Merchant.php	changeCopyNumForm	id
平台后台	POST	sys/system/merchant/close/:id	店铺开启/关闭	admin.system.merchant..Merchant/switchClose	high		app/controller/admin/system/merchant/Merchant.php	switchClose	id,status
平台后台	GET	sys/system/merchant/count	店铺列表统计	admin.system.merchant..Merchant/count	high		app/controller/admin/system/merchant/Merchant.php	count	keyword,date,status,statusTag,is_trader,category_id,type_id,is_best,offline_switch,region_id
平台后台	POST	sys/system/merchant/create	店铺添加	admin.system.merchant..Merchant/create	high		app/controller/admin/system/merchant/Merchant.php	create	
平台后台	GET	sys/system/merchant/create/form	店铺列表	admin.system.merchant..Merchant/createForm	high		app/controller/admin/system/merchant/Merchant.php	createForm	
平台后台	POST	sys/system/merchant/delete/:id	店铺删除	admin.system.merchant..Merchant/delete	high		app/controller/admin/system/merchant/Merchant.php	delete	id,type
平台后台	GET	sys/system/merchant/delete/:id/form	店铺删除	admin.system.merchant..Merchant/deleteForm	high		app/controller/admin/system/merchant/Merchant.php	deleteForm	id
平台后台	GET	sys/system/merchant/detail/:id	详情	admin.system.merchant..Merchant/detail	high		app/controller/admin/system/merchant/Merchant.php	detail	id
平台后台	GET	sys/system/merchant/get_operate_list/:merchant_id	操作日志	admin.system.merchant..Merchant/getOperateList	high		app/controller/admin/system/merchant/Merchant.php	getOperateList	merchant_id,page,limit,type,date
平台后台	POST	sys/system/merchant/group/create	添加	admin.system.merchant.StoreGroup/create	high		app/controller/admin/system/merchant/StoreGroup.php	create	pid,name,sort,status,positioning_status,longitude,latitude,merchant_ids,address
平台后台	DELETE	sys/system/merchant/group/delete/:id	删除	admin.system.merchant.StoreGroup/delete	high		app/controller/admin/system/merchant/StoreGroup.php	delete	id
平台后台	GET	sys/system/merchant/group/detail/:id	详情	admin.system.merchant.StoreGroup/detail	high		app/controller/admin/system/merchant/StoreGroup.php	detail	id
平台后台	GET	sys/system/merchant/group/lst	列表	admin.system.merchant.StoreGroup/list	high		app/controller/admin/system/merchant/StoreGroup.php	list	name,status
平台后台	GET	sys/system/merchant/group/options	筛选	admin.system.merchant.StoreGroup/options	high		app/controller/admin/system/merchant/StoreGroup.php	options	
平台后台	POST	sys/system/merchant/group/setTemplate/:id	设置店铺分组模板	admin.system.merchant.StoreGroup/setTemplate	high		app/controller/admin/system/merchant/StoreGroup.php	setTemplate	id,diy_temp_id
平台后台	POST	sys/system/merchant/group/status/:id	状态切换	admin.system.merchant.StoreGroup/switchStatus	high		app/controller/admin/system/merchant/StoreGroup.php	switchStatus	id,status
平台后台	GET	sys/system/merchant/group/stores/:id	关联店铺列表	admin.system.merchant.StoreGroup/stores	high		app/controller/admin/system/merchant/StoreGroup.php	stores	id,page,limit,keyword
平台后台	POST	sys/system/merchant/group/update/:id	编辑	admin.system.merchant.StoreGroup/update	high		app/controller/admin/system/merchant/StoreGroup.php	update	id,pid,name,sort,status,positioning_status,longitude,latitude,merchant_ids,address
平台后台	POST	sys/system/merchant/login/:id	店铺登录	admin.system.merchant..Merchant/login	high		app/controller/admin/system/merchant/Merchant.php	login	id
平台后台	GET	sys/system/merchant/lst	店铺列表	admin.system.merchant..Merchant/lst	high		app/controller/admin/system/merchant/Merchant.php	lst	page,limit,keyword,date,status,statusTag,is_trader,category_id,type_id,order,is_best,offline_switch,region_id,business_id,mer_state
平台后台	GET	sys/system/merchant/mer_select	列表	admin.system.merchant..Merchant/mer_select	high		app/controller/admin/system/merchant/Merchant.php	mer_select	keyword
平台后台	POST	sys/system/merchant/password/:id	店铺修改密码	admin.system.merchant..MerchantAdmin/password	high		app/controller/admin/system/merchant/MerchantAdmin.php	password	id,pwd,againPassword
平台后台	GET	sys/system/merchant/password/form/:id	店铺修改密码表单	admin.system.merchant..MerchantAdmin/passwordForm	high		app/controller/admin/system/merchant/MerchantAdmin.php	passwordForm	id
平台后台	POST	sys/system/merchant/status/:id	店铺修改推荐	admin.system.merchant..Merchant/switchStatus	high		app/controller/admin/system/merchant/Merchant.php	switchStatus	id,status
平台后台	POST	sys/system/merchant/update/:id	店铺编辑	admin.system.merchant..Merchant/update	high		app/controller/admin/system/merchant/Merchant.php	update	id
平台后台	GET	sys/system/merchant/update/form/:id	店铺编辑表单	admin.system.merchant..Merchant/updateForm	high		app/controller/admin/system/merchant/Merchant.php	updateForm	id
平台后台	POST	sys/system/role/create	身份添加	admin.system.auth.Role/create	high		app/controller/admin/system/auth/Role.php	create	
平台后台	GET	sys/system/role/create/form	身份添加表单	admin.system.auth.Role/createForm	high		app/controller/admin/system/auth/Role.php	createForm	is_agent,circle_id
平台后台	DELETE	sys/system/role/delete/:id	身份删除	admin.system.auth.Role/delete	high		app/controller/admin/system/auth/Role.php	delete	id
平台后台	GET	sys/system/role/lst	身份列表	admin.system.auth.Role/getList	high		app/controller/admin/system/auth/Role.php	getList	page,limit,role_name,is_agent,circle_id
平台后台	POST	sys/system/role/status/:id	身份修改状态	admin.system.auth.Role/switchStatus	high		app/controller/admin/system/auth/Role.php	switchStatus	id,status
平台后台	POST	sys/system/role/update/:id	身份编辑	admin.system.auth.Role/update	high		app/controller/admin/system/auth/Role.php	update	id
平台后台	GET	sys/system/role/update/form/:id	身份编辑表单	admin.system.auth.Role/updateForm	high		app/controller/admin/system/auth/Role.php	updateForm	id,is_agent,circle_id
平台后台	GET	sys/system/storage/:type/form	获取云存储配置表单	admin.system.SystemStorage/form	high		app/controller/admin/system/SystemStorage.php	form	type
平台后台	GET	sys/system/storage/config	配置信息	admin.system.SystemStorage/getConfig	high		app/controller/admin/system/SystemStorage.php	getConfig	
平台后台	POST	sys/system/storage/config	提交配置	admin.system.SystemStorage/setConfig	high		app/controller/admin/system/SystemStorage.php	setConfig	
平台后台	POST	sys/system/storage/domain/update/:id	修改存储空间名称	admin.system.SystemStorage/editDomain	high		app/controller/admin/system/SystemStorage.php	editDomain	id
平台后台	GET	sys/system/storage/domain/update/:id/form	修改存储空间名称表单	admin.system.SystemStorage/editDomainForm	high		app/controller/admin/system/SystemStorage.php	editDomainForm	id
平台后台	POST	sys/system/storage/region/create/:type	添加存储空间	admin.system.SystemStorage/createRegion	high		app/controller/admin/system/SystemStorage.php	createRegion	type
平台后台	GET	sys/system/storage/region/create/:type/form	添加存储空间表单	admin.system.SystemStorage/createRegionForm	high		app/controller/admin/system/SystemStorage.php	createRegionForm	type
平台后台	DELETE	sys/system/storage/region/delete/:id	删除存储空间	admin.system.SystemStorage/deleteRegion	high		app/controller/admin/system/SystemStorage.php	deleteRegion	id
平台后台	GET	sys/system/storage/region/lst/:type	存储空间列表	admin.system.SystemStorage/lstRegion	high		app/controller/admin/system/SystemStorage.php	lstRegion	type,page,limit
平台后台	POST	sys/system/storage/region/status/:id	使用存储空间	admin.system.SystemStorage/swtichStatus	high		app/controller/admin/system/SystemStorage.php	swtichStatus	id
平台后台	POST	sys/system/storage/set_key	保存云存储配置	admin.system.SystemStorage/setForm	high		app/controller/admin/system/SystemStorage.php	setForm	upload_type
平台后台	GET	sys/system/storage/sync/:type	同步存储空间	admin.system.SystemStorage/sync	high		app/controller/admin/system/SystemStorage.php	sync	type
平台后台	GET	sys/system/storage/type_list	typeList	admin.system.SystemStorage/typeList	high		app/controller/admin/system/SystemStorage.php	typeList	
平台后台	GET	sys/upload/config	上传配置	admin.Common/uploadConfig	high		app/controller/admin/Common.php	uploadConfig	
平台后台	POST	sys/upload/config	上传配置保存	admin.Common/saveUploadConfig	high		app/controller/admin/Common.php	saveUploadConfig	
平台后台	POST	sys/upload/image/:id/:field	上传图片	admin.system.attachment.Attachment/image	high		app/controller/admin/system/attachment/Attachment.php	image	id,field,ueditor
平台后台	GET	sys/upload/temp_key	上传视屏KEY	admin.Common/temp_key	high		app/controller/admin/Common.php	temp_key	
平台后台	POST	sys/upload/video	uploadVideo	admin.system.attachment.Attachment/uploadVideo	high		app/controller/admin/system/attachment/Attachment.php	uploadVideo	
平台后台	POST	sys/user/batch_change_group	用户分组批量编辑	admin.user.User/batchChangeGroup	high		app/controller/admin/user/User.php	batchChangeGroup	group_id,ids
平台后台	GET	sys/user/batch_change_group/form	用户分组批量编辑表单	admin.user.User/batchChangeGroupForm	high		app/controller/admin/user/User.php	batchChangeGroupForm	ids
平台后台	POST	sys/user/batch_change_label	用户标签批量编辑	admin.user.User/batchChangeLabel	high		app/controller/admin/user/User.php	batchChangeLabel	label_id,ids
平台后台	GET	sys/user/batch_change_label/form	用户标签批量编辑表单	admin.user.User/batchChangeLabelForm	high		app/controller/admin/user/User.php	batchChangeLabelForm	ids
平台后台	POST	sys/user/batch_spread	批量设置分销员	admin.user.User/batchSpread	high		app/controller/admin/user/User.php	batchSpread	uids,is_promoter,promoter_switch
平台后台	GET	sys/user/batch_spread_form	getMemberLevelBatchSpreadForm	admin.user.User/batchSpreadForm	high		app/controller/admin/user/User.php	batchSpreadForm	ids
平台后台	GET	sys/user/bill/:id	用户余额变动列表	admin.user.User/bill	high		app/controller/admin/user/User.php	bill	id,page,limit
平台后台	POST	sys/user/brokerage/create	分销员等级添加	admin.user..UserBrokerage/create	high		app/controller/admin/user/UserBrokerage.php	create	brokerage_level,brokerage_name,brokerage_icon,brokerage_rule,extension_one,extension_two,image,value,type
平台后台	DELETE	sys/user/brokerage/delete/:id	分销员等级删除	admin.user..UserBrokerage/delete	high		app/controller/admin/user/UserBrokerage.php	delete	id
平台后台	GET	sys/user/brokerage/detail/:id	分销员等级详情	admin.user..UserBrokerage/detail	high		app/controller/admin/user/UserBrokerage.php	detail	id
平台后台	GET	sys/user/brokerage/lst	分销员等级列表	admin.user..UserBrokerage/getLst	high		app/controller/admin/user/UserBrokerage.php	getLst	page,limit,brokerage_name,type
平台后台	GET	sys/user/brokerage/options	分销员等级筛选	admin.user..UserBrokerage/options	high		app/controller/admin/user/UserBrokerage.php	options	type
平台后台	POST	sys/user/brokerage/update/:id	分销员等级编辑	admin.user..UserBrokerage/update	high		app/controller/admin/user/UserBrokerage.php	update	id
平台后台	POST	sys/user/change_group/:id	用户分组编辑	admin.user.User/changeGroup	high		app/controller/admin/user/User.php	changeGroup	id,group_id
平台后台	GET	sys/user/change_group/form/:id	用户分组编辑表单	admin.user.User/changeGroupForm	high		app/controller/admin/user/User.php	changeGroupForm	id
平台后台	POST	sys/user/change_integral/:id	用户修改积分	admin.user.User/changeIntegral	high		app/controller/admin/user/User.php	changeIntegral	id,now_money,type
平台后台	GET	sys/user/change_integral/form/:id	用户修改积分表单	admin.user.User/changeIntegralForm	high		app/controller/admin/user/User.php	changeIntegralForm	id
平台后台	POST	sys/user/change_label/:id	用户标签编辑	admin.user.User/changeLabel	high		app/controller/admin/user/User.php	changeLabel	id,label_id
平台后台	GET	sys/user/change_label/form/:id	用户标签编辑表单	admin.user.User/changeLabelForm	high		app/controller/admin/user/User.php	changeLabelForm	id
平台后台	POST	sys/user/change_now_money/:id	用户修改余额	admin.user.User/changeNowMoney	high		app/controller/admin/user/User.php	changeNowMoney	id,now_money,type
平台后台	GET	sys/user/change_now_money/form/:id	用户修改余额表单	admin.user.User/changeNowMoneyForm	high		app/controller/admin/user/User.php	changeNowMoneyForm	id
平台后台	POST	sys/user/change_password/:id	用户修改密码	admin.user.User/changePassword	high		app/controller/admin/user/User.php	changePassword	id,pwd,repwd
平台后台	GET	sys/user/change_password/form/:id	用户修改密码表单	admin.user.User/changePasswordForm	high		app/controller/admin/user/User.php	changePasswordForm	id
平台后台	POST	sys/user/change_spread/:id	修改推荐人	admin.user.User/spread	high		app/controller/admin/user/User.php	spread	id,spid
平台后台	GET	sys/user/change_spread_form/:id	修改推荐人表单	admin.user.User/spreadForm	high		app/controller/admin/user/User.php	spreadForm	id
平台后台	GET	sys/user/clear_search_log	清除用户搜索记录	admin.user.User/clearSearchLog	high		app/controller/admin/user/User.php	clearSearchLog	
平台后台	GET	sys/user/coupon/:id	用户持有优惠券	admin.user.User/coupon	high		app/controller/admin/user/User.php	coupon	id,page,limit
平台后台	GET	sys/user/create	用户添加表单	admin.user.User/createForm	high		app/controller/admin/user/User.php	createForm	
平台后台	POST	sys/user/create	用户添加	admin.user.User/create	high		app/controller/admin/user/User.php	create	account,pwd,repwd,nickname,avatar,real_name,phone,sex,status,card_id,is_promoter,extend_info,promoter_switch
平台后台	GET	sys/user/detail/:id	用户详情	admin.user.User/detail	high		app/controller/admin/user/User.php	detail	id
平台后台	POST	sys/user/excel	用户信息导出	admin.user.User/excel	high		app/controller/admin/user/User.php	excel	page,limit,label_id,user_type,sex,is_promoter,country,pay_count,user_time_type,user_time,nickname,province,city,group_id,phone,uid,is_svip,fields_type,fields_value,ids,filter_conditions
平台后台	GET	sys/user/extract/detail/:id	详情	admin.user.UserExtract/detail	high		app/controller/admin/user/UserExtract.php	detail	id
平台后台	GET	sys/user/extract/export	导出	admin.user.UserExtract/export	high		app/controller/admin/user/UserExtract.php	export	page,limit,status,keyword,date,extract_type
平台后台	GET	sys/user/extract/lst	申请列表	admin.user.UserExtract/lst	high		app/controller/admin/user/UserExtract.php	lst	page,limit,status,keyword,date,extract_type,uid,phone,real_name,nickname
平台后台	POST	sys/user/extract/status/:id	审核	admin.user.UserExtract/switchStatus	high		app/controller/admin/user/UserExtract.php	switchStatus	id,fail_msg,mark,status
平台后台	GET	sys/user/extract/status_form/:id	审核表单	admin.user.UserExtract/switchStatusForm	high		app/controller/admin/user/UserExtract.php	switchStatusForm	id
平台后台	POST	sys/user/feedback/category/create	添加	admin.user.FeedBackCategory/create	high		app/controller/admin/user/FeedBackCategory.php	create	pid,cate_name,sort,pic,is_show
平台后台	GET	sys/user/feedback/category/create/form	添加表单	admin.user.FeedBackCategory/createForm	high		app/controller/admin/user/FeedBackCategory.php	createForm	
平台后台	DELETE	sys/user/feedback/category/delete/:id	删除	admin.user.FeedBackCategory/delete	high		app/controller/admin/user/FeedBackCategory.php	delete	id
平台后台	GET	sys/user/feedback/category/lst	列表	admin.user.FeedBackCategory/lst	high		app/controller/admin/user/FeedBackCategory.php	lst	
平台后台	POST	sys/user/feedback/category/status/:id	修改状态	admin.user.FeedBackCategory/switchStatus	high		app/controller/admin/user/FeedBackCategory.php	switchStatus	id,status
平台后台	POST	sys/user/feedback/category/update/:id	编辑	admin.user.FeedBackCategory/update	high		app/controller/admin/user/FeedBackCategory.php	update	id,pid,cate_name,sort,pic,is_show
平台后台	GET	sys/user/feedback/category/update/:id/form	编辑表单	admin.user.FeedBackCategory/updateForm	high		app/controller/admin/user/FeedBackCategory.php	updateForm	id
平台后台	DELETE	sys/user/feedback/delete/:id	删除	admin.user.FeedBack/delete	high		app/controller/admin/user/FeedBack.php	delete	id
平台后台	GET	sys/user/feedback/detail/:id	详情	admin.user.FeedBack/detail	high		app/controller/admin/user/FeedBack.php	detail	id
平台后台	GET	sys/user/feedback/lst	列表	admin.user.FeedBack/lst	high		app/controller/admin/user/FeedBack.php	lst	page,limit,keyword,type,status,realname,is_del
平台后台	POST	sys/user/feedback/reply/:id	回复	admin.user.FeedBack/reply	high		app/controller/admin/user/FeedBack.php	reply	id,reply,remake
平台后台	GET	sys/user/feedback/reply/:id/form	回复表单	admin.user.FeedBack/replyForm	high		app/controller/admin/user/FeedBack.php	replyForm	id
平台后台	POST	sys/user/fields/save/:uid	添加或编辑	admin.user.UserFields/save	high		app/controller/admin/user/UserFields.php	save	uid
平台后台	GET	sys/user/fields/save_form/:uid	扩展信息表单	admin.user.UserFields/saveForm	high		app/controller/admin/user/UserFields.php	saveForm	uid
平台后台	GET	sys/user/filters	filters	admin.user.UserSearch/filters	high		app/controller/admin/user/UserSearch.php	filters	
平台后台	GET	sys/user/get_fields	用户扩展信息表单	admin.user.User/getFields	high		app/controller/admin/user/User.php	getFields	
平台后台	DELETE	sys/user/group/:id	用户分组删除	admin.user.UserGroup/delete	high		app/controller/admin/user/UserGroup.php	delete	id
平台后台	POST	sys/user/group/:id	用户分组编辑	admin.user.UserGroup/update	high		app/controller/admin/user/UserGroup.php	update	id
平台后台	GET	sys/user/group/form	用户分组添加表单	admin.user.UserGroup/createForm	high		app/controller/admin/user/UserGroup.php	createForm	
平台后台	GET	sys/user/group/form/:id	用户分组编辑表单	admin.user.UserGroup/updateForm	high		app/controller/admin/user/UserGroup.php	updateForm	id
平台后台	GET	sys/user/group/lst	用户分组列表	admin.user.UserGroup/lst	high		app/controller/admin/user/UserGroup.php	lst	page,limit
平台后台	POST	sys/user/group/user/group	用户分组添加	admin.user.UserGroup/create	high		app/controller/admin/user/UserGroup.php	create	group_name
平台后台	GET	sys/user/history/:id	浏览记录	admin.user.User/history	high		app/controller/admin/user/User.php	history	id,page,limit
平台后台	POST	sys/user/info/create	添加	admin.user.UserInfo/create	high		app/controller/admin/user/UserInfo.php	create	field,title,is_used,is_require,is_show,type,msg,content,sort
平台后台	GET	sys/user/info/create_from	添加表单	admin.user.UserInfo/createFrom	high		app/controller/admin/user/UserInfo.php	createFrom	
平台后台	DELETE	sys/user/info/delete/:id	删除	admin.user.UserInfo/delete	high		app/controller/admin/user/UserInfo.php	delete	id
平台后台	GET	sys/user/info/lst	列表	admin.user.UserInfo/lst	high		app/controller/admin/user/UserInfo.php	lst	page,limit,date
平台后台	POST	sys/user/info/save_all	保存信息	admin.user.UserInfo/saveAll	high		app/controller/admin/user/UserInfo.php	saveAll	avatar,user_extend_info
平台后台	GET	sys/user/info/select_list	下拉列表	admin.user.UserInfo/getSelectList	high		app/controller/admin/user/UserInfo.php	getSelectList	
平台后台	GET	sys/user/info/type	类型	admin.user.UserInfo/getType	high		app/controller/admin/user/UserInfo.php	getType	
平台后台	GET	sys/user/integral/:id	积分记录	admin.user.User/integralList	high		app/controller/admin/user/User.php	integralList	id,page,limit
平台后台	GET	sys/user/integral/config	积分配置获取	admin.user..UserIntegral/getConfig	high		app/controller/admin/user/UserIntegral.php	getConfig	
平台后台	POST	sys/user/integral/config	积分配置保存	admin.user..UserIntegral/saveConfig	high		app/controller/admin/user/UserIntegral.php	saveConfig	integral_status,integral_clear_time,integral_order_rate,integral_freeze,integral_user_give,integral_money,integral_community_give,integral_community_give_limit,rule
平台后台	GET	sys/user/integral/excel	积分导出	admin.user..UserIntegral/excel	high		app/controller/admin/user/UserIntegral.php	excel	page,limit,keyword,date
平台后台	GET	sys/user/integral/lst	积分日志	admin.user..UserIntegral/getList	high		app/controller/admin/user/UserIntegral.php	getList	page,limit,keyword,date
平台后台	GET	sys/user/integral/title	积分统计	admin.user..UserIntegral/getTitle	high		app/controller/admin/user/UserIntegral.php	getTitle	
平台后台	DELETE	sys/user/label/:id	用户标签删除	admin.user.UserLabel/delete	high		app/controller/admin/user/UserLabel.php	delete	id
平台后台	POST	sys/user/label/:id	用户标签编辑	admin.user.UserLabel/update	high		app/controller/admin/user/UserLabel.php	update	id
平台后台	GET	sys/user/label/form	用户标签添加表单	admin.user.UserLabel/createForm	high		app/controller/admin/user/UserLabel.php	createForm	
平台后台	GET	sys/user/label/form/:id	用户标签编辑表单	admin.user.UserLabel/updateForm	high		app/controller/admin/user/UserLabel.php	updateForm	id
平台后台	GET	sys/user/label/lst	用户标签列表	admin.user.UserLabel/lst	high		app/controller/admin/user/UserLabel.php	lst	page,limit,type,all
平台后台	POST	sys/user/label/user/label	用户标签添加	admin.user.UserLabel/create	high		app/controller/admin/user/UserLabel.php	create	label_name
平台后台	POST	sys/user/lst	用户列表	admin.user.User/lst	high		app/controller/admin/user/User.php	lst	page,limit,nickname,phone,uid,user_type,label_id,sex,is_promoter,country,pay_count,user_time_type,user_time,province,city,group_id,is_svip,fields_type,fields_value,member_level,keyword,birthday,filter_conditions
平台后台	GET	sys/user/member/:id/form	用户修改会员等级表单	admin.user.User/memberForm	high		app/controller/admin/user/User.php	memberForm	id
平台后台	POST	sys/user/member/:id/save	用户修改会员等级	admin.user.User/memberSave	high		app/controller/admin/user/User.php	memberSave	id,member_level
平台后台	POST	sys/user/member/create	普通会员等级添加	admin.user..UserBrokerage/create	high		app/controller/admin/user/UserBrokerage.php	create	brokerage_level,brokerage_name,brokerage_icon,brokerage_rule,extension_one,extension_two,image,value,type
平台后台	GET	sys/user/member/create/form	普通会员等级添加表单	admin.user..UserBrokerage/createForm	high		app/controller/admin/user/UserBrokerage.php	createForm	
平台后台	DELETE	sys/user/member/delete/:id	普通会员等级删除	admin.user..UserBrokerage/delete	high		app/controller/admin/user/UserBrokerage.php	delete	id
平台后台	GET	sys/user/member/detail/:id	普通会员等级详情	admin.user..UserBrokerage/detail	high		app/controller/admin/user/UserBrokerage.php	detail	id
平台后台	GET	sys/user/member/lst	普通会员等级列表	admin.user..UserBrokerage/getLst	high		app/controller/admin/user/UserBrokerage.php	getLst	page,limit,brokerage_name,type
平台后台	GET	sys/user/member/options	普通会员等级筛选	admin.user..UserBrokerage/options	high		app/controller/admin/user/UserBrokerage.php	options	type
平台后台	POST	sys/user/member/update/:id	普通会员等级编辑	admin.user..UserBrokerage/update	high		app/controller/admin/user/UserBrokerage.php	update	id
平台后台	GET	sys/user/member/update/:id/form	普通会员等级编辑表单	admin.user..UserBrokerage/updateForm	high		app/controller/admin/user/UserBrokerage.php	updateForm	id
平台后台	GET	sys/user/member_log	用户搜索记录	admin.user.UserBill/getMembers	high		app/controller/admin/user/UserBill.php	getMembers	page,limit,keyword,date,type,category,uid
平台后台	GET	sys/user/member_select_list	获取用户的等级下拉列表	admin.user.User/getMemberLevelSelectList	high		app/controller/admin/user/User.php	getMemberLevelSelectList	
平台后台	POST	sys/user/news/push	用户发送图文	admin.user.User/sendNews	high		app/controller/admin/user/User.php	sendNews	ids,news_id
平台后台	GET	sys/user/order/:id	用户消费记录	admin.user.User/order	high		app/controller/admin/user/User.php	order	id,page,limit
平台后台	GET	sys/user/promoter/count	分销员统计	admin.user.User/promoterCount	high		app/controller/admin/user/User.php	promoterCount	keyword,date,brokerage_level
平台后台	GET	sys/user/promoter/lst	分销员列表	admin.user.User/promoterList	high		app/controller/admin/user/User.php	promoterList	page,limit,keyword,date,brokerage_level,uid,nickname,phone,real_name
平台后台	GET	sys/user/recharge/list	列表	admin.user.UserRecharge/getList	high		app/controller/admin/user/UserRecharge.php	getList	page,limit,date,paid,keyword,uid,phone,real_name,nickname,recharge_type
平台后台	GET	sys/user/recharge/total	统计	admin.user.UserRecharge/total	high		app/controller/admin/user/UserRecharge.php	total	
平台后台	POST	sys/user/register/config	保存注册配置	admin.user.User/saveRegisterConfig	high		app/controller/admin/user/User.php	saveRegisterConfig	
平台后台	GET	sys/user/register/coupon	新人礼优惠券列表	admin.user.User/getRegisterCoupon	high		app/controller/admin/user/User.php	getRegisterCoupon	page,limit
平台后台	GET	sys/user/search/:key	search	admin.user.UserSearch/search	high		app/controller/admin/user/UserSearch.php	search	key
平台后台	GET	sys/user/search_log	用户搜索记录	admin.user.User/searchLog	high		app/controller/admin/user/User.php	searchLog	page,limit,date,keyword,nickname,user_type,uid,phone,real_name
平台后台	GET	sys/user/search_log/export	用户搜索记录导出	admin.user.User/exportSearchLog	high		app/controller/admin/user/User.php	exportSearchLog	page,limit,date,keyword,nickname,user_type
平台后台	GET	sys/user/sign_log/:id	签到记录	admin.user.User/sign_log	high		app/controller/admin/user/User.php	sign_log	id,page,limit
平台后台	GET	sys/user/spread/:id/form	修改分销员等级表单	admin.user.User/spreadLevelForm	high		app/controller/admin/user/User.php	spreadLevelForm	id
平台后台	POST	sys/user/spread/:id/save	修改分销员等级	admin.user.User/spreadLevelSave	high		app/controller/admin/user/User.php	spreadLevelSave	id,brokerage_level
平台后台	POST	sys/user/spread/clear/:uid	清除推广人	admin.user.User/clearSpread	high		app/controller/admin/user/User.php	clearSpread	uid
平台后台	GET	sys/user/spread/lst/:uid	推广人列表	admin.user.User/spreadList	high		app/controller/admin/user/User.php	spreadList	uid,page,limit,level,keyword,date
平台后台	GET	sys/user/spread/order/:uid	推广人订单	admin.user.User/spreadOrder	high		app/controller/admin/user/User.php	spreadOrder	uid,page,limit,level,keyword,date
平台后台	GET	sys/user/spread_log/:id	推荐人修改记录	admin.user.User/spreadLog	high		app/controller/admin/user/User.php	spreadLog	id,page,limit
平台后台	POST	sys/user/svip/:id	用户标签编辑	admin.user.User/svipUpdate	high		app/controller/admin/user/User.php	svipUpdate	id,is_svip,add_time,type
平台后台	GET	sys/user/svip/:id/form	systemUserSvipForm	admin.user.User/svipForm	high		app/controller/admin/user/User.php	svipForm	id
平台后台	GET	sys/user/svip/count_info	统计	admin.user.Svip/countInfo	high		app/controller/admin/user/Svip.php	countInfo	pay_type,title,date,nickname,keyword
平台后台	GET	sys/user/svip/order_lst	列表	admin.user.Svip/payList	high		app/controller/admin/user/Svip.php	payList	page,limit,pay_type,title,date,nickname,keyword,svip_type
平台后台	GET	sys/user/svip/type/:id/form	编辑表单	admin.user.Svip/updateTypeCreateForm	high		app/controller/admin/user/Svip.php	updateTypeCreateForm	id
平台后台	DELETE	sys/user/svip/type/delete/:id	删除	admin.system.groupData.GroupData/delete	high		app/controller/admin/system/groupData/GroupData.php	delete	id
平台后台	GET	sys/user/svip/type/form	添加	admin.user.Svip/createTypeCreateForm	high		app/controller/admin/user/Svip.php	createTypeCreateForm	
平台后台	GET	sys/user/svip/type/lst	列表	admin.user.Svip/getTypeLst	high		app/controller/admin/user/Svip.php	getTypeLst	page,limit
平台后台	POST	sys/user/svip/type/status/:id	修改状态	admin.system.groupData.GroupData/changeStatus	high		app/controller/admin/system/groupData/GroupData.php	changeStatus	id,status
平台后台	POST	sys/user/svip/update/:groupId/:id	编辑	admin.system.groupData.GroupData/update	high		app/controller/admin/system/groupData/GroupData.php	update	groupId,id,sort,status
平台后台	POST	sys/user/update/:id	用户编辑	admin.user.User/update	high		app/controller/admin/user/User.php	update	id,phone,card_id,mark,group_id,label_id,is_promoter,status,member_level,extend_info,promoter_switch
平台后台	GET	sys/user/update/form/:id	用户编辑表单	admin.user.User/updateForm	high		app/controller/admin/user/User.php	updateForm	id
平台后台	GET	sys/version	version	admin.Common/version	high		app/controller/admin/Common.php	version	
平台后台	GET	sys/wechat/menu	微信菜单配置	admin.wechat.WechatMenu/info	high		app/controller/admin/wechat/WechatMenu.php	info	
平台后台	POST	sys/wechat/menu	保存微信菜单配置	admin.wechat.WechatMenu/save	high		app/controller/admin/wechat/WechatMenu.php	save	button
平台后台	POST	sys/wechat/news/create	添加	admin.wechat.WechatNews/create	high		app/controller/admin/wechat/WechatNews.php	create	status,data
平台后台	DELETE	sys/wechat/news/delete/:id	删除	admin.wechat.WechatNews/delete	high		app/controller/admin/wechat/WechatNews.php	delete	id
平台后台	GET	sys/wechat/news/detail/:id	详情	admin.wechat.WechatNews/detail	high		app/controller/admin/wechat/WechatNews.php	detail	id
平台后台	GET	sys/wechat/news/lst	列表	admin.wechat.WechatNews/lst	high		app/controller/admin/wechat/WechatNews.php	lst	page,limit,cate_name
平台后台	POST	sys/wechat/news/update/:id	编辑	admin.wechat.WechatNews/update	high		app/controller/admin/wechat/WechatNews.php	update	id
平台后台	DELETE	sys/wechat/reply/:id	删除	admin.wechat.WechatReply/delete	high		app/controller/admin/wechat/WechatReply.php	delete	id
平台后台	POST	sys/wechat/reply/create	添加	admin.wechat.WechatReply/create	high		app/controller/admin/wechat/WechatReply.php	create	key,type,status
平台后台	GET	sys/wechat/reply/detail/:id	详情	admin.wechat.WechatReply/info	high		app/controller/admin/wechat/WechatReply.php	info	id,type
平台后台	GET	sys/wechat/reply/lst	列表	admin.wechat.WechatReply/lst	high		app/controller/admin/wechat/WechatReply.php	lst	page,limit,keyword
平台后台	POST	sys/wechat/reply/save/:key	编辑	admin.wechat.WechatReply/save	high		app/controller/admin/wechat/WechatReply.php	save	key,type,status
平台后台	POST	sys/wechat/reply/status/:id	修改状态	admin.wechat.WechatReply/changeStatus	high		app/controller/admin/wechat/WechatReply.php	changeStatus	id,status
平台后台	POST	sys/wechat/reply/update/:id	修改	admin.wechat.WechatReply/update	high		app/controller/admin/wechat/WechatReply.php	update	id,key,type,status
平台后台	POST	sys/wechat/reply/upload/image	上传图片	admin.wechat.WechatReply/uploadImage	high		app/controller/admin/wechat/WechatReply.php	uploadImage	
平台后台	POST	sys/wechat/reply/upload/voice	上传语音	admin.wechat.WechatReply/uploadVoice	high		app/controller/admin/wechat/WechatReply.php	uploadVoice	
平台后台	POST	sys/wechat/template/create	添加	admin.wechat.TemplateMessage/create	high		app/controller/admin/wechat/TemplateMessage.php	create	
平台后台	GET	sys/wechat/template/create/form	添加表单	admin.wechat.TemplateMessage/createForm	high		app/controller/admin/wechat/TemplateMessage.php	createForm	
平台后台	DELETE	sys/wechat/template/delete/:id	删除	admin.wechat.TemplateMessage/delete	high		app/controller/admin/wechat/TemplateMessage.php	delete	id
平台后台	GET	sys/wechat/template/lst	列表	admin.wechat.TemplateMessage/lst	high		app/controller/admin/wechat/TemplateMessage.php	lst	page,limit,status,keyword
平台后台	POST	sys/wechat/template/min/create	添加	admin.wechat.TemplateMessage/create	high		app/controller/admin/wechat/TemplateMessage.php	create	
平台后台	GET	sys/wechat/template/min/create/form	添加表单	admin.wechat.TemplateMessage/createMinForm	high		app/controller/admin/wechat/TemplateMessage.php	createMinForm	
平台后台	DELETE	sys/wechat/template/min/delete/:id	删除	admin.wechat.TemplateMessage/delete	high		app/controller/admin/wechat/TemplateMessage.php	delete	id
平台后台	GET	sys/wechat/template/min/lst	列表 	admin.wechat.TemplateMessage/minList	high		app/controller/admin/wechat/TemplateMessage.php	minList	page,limit,status,keyword
平台后台	POST	sys/wechat/template/min/status/:id	修改状态	admin.wechat.TemplateMessage/switchStatus	high		app/controller/admin/wechat/TemplateMessage.php	switchStatus	id,status
平台后台	GET	sys/wechat/template/min/sync	同步	admin.wechat.TemplateMessage/sync	high		app/controller/admin/wechat/TemplateMessage.php	sync	type
平台后台	POST	sys/wechat/template/min/update/:id	编辑	admin.wechat.TemplateMessage/update	high		app/controller/admin/wechat/TemplateMessage.php	update	id,tempid,status
平台后台	GET	sys/wechat/template/min/update/:id/form	编辑表单	admin.wechat.TemplateMessage/updateForm	high		app/controller/admin/wechat/TemplateMessage.php	updateForm	id
平台后台	POST	sys/wechat/template/status/:id	修改状态	admin.wechat.TemplateMessage/switchStatus	high		app/controller/admin/wechat/TemplateMessage.php	switchStatus	id,status
平台后台	GET	sys/wechat/template/sync	同步	admin.wechat.TemplateMessage/sync	high		app/controller/admin/wechat/TemplateMessage.php	sync	type
平台后台	POST	sys/wechat/template/update/:id	编辑	admin.wechat.TemplateMessage/update	high		app/controller/admin/wechat/TemplateMessage.php	update	id,tempid,status
平台后台	GET	sys/wechat/template/update/:id/form	编辑表单	admin.wechat.TemplateMessage/updateForm	high		app/controller/admin/wechat/TemplateMessage.php	updateForm	id
用户端	GET	api/activity/info/:id	activityInfo	api.Common/activityInfo	high		app/controller/api/Common.php	activityInfo	id
用户端	GET	api/activity/lst/:id	activityLst	api.Common/activityLst	high		app/controller/api/Common.php	activityLst	id,page,limit
用户端	POST	api/admin/:merId/delivery/:id	delivery	api.server.StoreOrder/delivery	high		app/controller/api/server/StoreOrder.php	delivery	merId,id,is_split,split,delivery_type,delivery_name,delivery_id,remark,from_name,from_tel,from_addr,temp_id,station_id,mark,cargo_weight
用户端	POST	api/admin/:merId/delivery/confirm/:id	deliveryConfirm	api.server.StoreOrder/deliveryConfirm	high		app/controller/api/server/StoreOrder.php	deliveryConfirm	merId,id
用户端	POST	api/admin/:merId/delivery/dispatch/:id	deliveryDispatch	api.server.StoreOrder/deliveryDispatch	high		app/controller/api/server/StoreOrder.php	deliveryDispatch	merId,id,service_id
用户端	GET	api/admin/:merId/delivery/options	options	api.server.StoreOrder/options	high		app/controller/api/server/StoreOrder.php	options	merId
用户端	GET	api/admin/:merId/delivery/person	deliveryPersonList	api.server.StoreOrder/deliveryPersonList	high		app/controller/api/server/StoreOrder.php	deliveryPersonList	merId,page,limit,keyword
用户端	POST	api/admin/:merId/delivery/updateDispatch/:id	deliveryUpdateDispatch	api.server.StoreOrder/deliveryUpdateDispatch	high		app/controller/api/server/StoreOrder.php	deliveryUpdateDispatch	merId,id,service_id
用户端	GET	api/admin/:merId/delivery_config	getDeliveryConfig	api.server.StoreOrder/getDeliveryConfig	high		app/controller/api/server/StoreOrder.php	getDeliveryConfig	merId
用户端	GET	api/admin/:merId/delivery_options	getDeliveryOptions	api.server.StoreOrder/getDeliveryOptions	high		app/controller/api/server/StoreOrder.php	getDeliveryOptions	merId
用户端	GET	api/admin/:merId/dump_temp	getFormData	api.server.StoreOrder/getFormData	high		app/controller/api/server/StoreOrder.php	getFormData	merId
用户端	POST	api/admin/:merId/mark/:id	mark	api.server.StoreOrder/mark	high		app/controller/api/server/StoreOrder.php	mark	merId,id,remark
用户端	GET	api/admin/:merId/mer_form	getFormData	api.server.StoreOrder/getFormData	high		app/controller/api/server/StoreOrder.php	getFormData	merId
用户端	POST	api/admin/:merId/offline/:id	offline	api.server.StoreOrder/offline	high		app/controller/api/server/StoreOrder.php	offline	merId,id
用户端	GET	api/admin/:merId/order/:id	order	api.server.StoreOrder/order	high		app/controller/api/server/StoreOrder.php	order	merId,id
用户端	GET	api/admin/:merId/order_list	orderList	api.server.StoreOrder/orderList	high		app/controller/api/server/StoreOrder.php	orderList	merId,page,limit,status,is_verify,store_name
用户端	GET	api/admin/:merId/order_price	orderDetail	api.server.StoreOrder/orderDetail	high		app/controller/api/server/StoreOrder.php	orderDetail	merId,page,limit,start,stop
用户端	GET	api/admin/:merId/pay_number	payNumber	api.server.StoreOrder/payNumber	high		app/controller/api/server/StoreOrder.php	payNumber	merId,start,stop,month
用户端	GET	api/admin/:merId/pay_price	payPrice	api.server.StoreOrder/payPrice	high		app/controller/api/server/StoreOrder.php	payPrice	merId,start,stop,month
用户端	POST	api/admin/:merId/price/:id	price	api.server.StoreOrder/price	high		app/controller/api/server/StoreOrder.php	price	merId,id,total_price,pay_postage
用户端	GET	api/admin/:merId/reservation/staffs	staffList	api.server.StoreOrder/staffList	high		app/controller/api/server/StoreOrder.php	staffList	merId,page,limit,keyword
用户端	GET	api/admin/:merId/reservationconfig	reservationConfig	api.server.StoreOrder/reservationConfig	high		app/controller/api/server/StoreOrder.php	reservationConfig	merId
用户端	POST	api/admin/:merId/reservationdispatch/:id	reservationDispatch	api.server.StoreOrder/reservationDispatch	high		app/controller/api/server/StoreOrder.php	reservationDispatch	merId,id,staffs_id
用户端	POST	api/admin/:merId/reservationreschedule/:id	reservationReschedule	api.server.StoreOrder/reservationReschedule	high		app/controller/api/server/StoreOrder.php	reservationReschedule	merId,id,order_type,reservation_date,real_name,user_phone,user_address,order_extend,part_start,part_end
用户端	POST	api/admin/:merId/reservationupdateDispatch/:id	reservationUpdateDispatch	api.server.StoreOrder/reservationUpdateDispatch	high		app/controller/api/server/StoreOrder.php	reservationUpdateDispatch	merId,id,staffs_id
用户端	POST	api/admin/:merId/reservationverify/:id	reservationVerify	api.server.StoreOrder/reservationVerify	high		app/controller/api/server/StoreOrder.php	reservationVerify	merId,id
用户端	GET	api/admin/:merId/statistics	orderStatistics	api.server.StoreOrder/orderStatistics	high		app/controller/api/server/StoreOrder.php	orderStatistics	merId
用户端	POST	api/admin/:merId/verify/:id	verify	api.server.StoreOrder/verify	high		app/controller/api/server/StoreOrder.php	verify	merId,id,verify_code
用户端	GET	api/agreement/:key	getAgree	admin.system.Cache/getAgree	high		app/controller/admin/system/Cache.php	getAgree	key
用户端	GET	api/agreement_lst	getKeyLst	admin.system.Cache/getKeyLst	high		app/controller/admin/system/Cache.php	getKeyLst	type
用户端	GET	api/ajcaptcha	ajcaptcha	api.Auth/ajcaptcha	high		app/controller/api/Auth.php	ajcaptcha	captchaType
用户端	POST	api/ajcheck	ajcheck	api.Auth/ajcheck	high		app/controller/api/Auth.php	ajcheck	token,pointJson,captchaType
用户端	GET	api/appVersion	appVersion	api.Common/appVersion	high		app/controller/api/Common.php	appVersion	
用户端	GET	api/article/category/lst	lst	api.article.ArticleCategory/lst	high		app/controller/api/article/ArticleCategory.php	lst	
用户端	GET	api/article/detail/:id	detail	api.article.Article/detail	high		app/controller/api/article/Article.php	detail	id
用户端	GET	api/article/list	list	api.article.Article/list	high		app/controller/api/article/Article.php	list	
用户端	GET	api/article/lst/:cid	lst	api.article.Article/lst	high		app/controller/api/article/Article.php	lst	cid,page,limit
用户端	POST	api/auth	authLogin	api.Auth/authLogin	high		app/controller/api/Auth.php	authLogin	auth
用户端	POST	api/auth/app	appAuth	api.Auth/appAuth	high		app/controller/api/Auth.php	appAuth	userInfo,authResult
用户端	POST	api/auth/apple	appleAuth	api.Auth/appleAuth	high		app/controller/api/Auth.php	appleAuth	openId,nickname
用户端	POST	api/auth/login	login	api.Auth/login	high		app/controller/api/Auth.php	login	account,auth_token,password,spread
用户端	POST	api/auth/mp	mpAuth	api.Auth/mpAuth	high		app/controller/api/Auth.php	mpAuth	code,cache_key,spread_spid,spread_code,iv,encryptedData
用户端	POST	api/auth/mp_login_type	mpLoginType	api.Auth/mpLoginType	high		app/controller/api/Auth.php	mpLoginType	code,spread
用户端	POST	api/auth/mp_phone	mpPhone	api.Auth/mpPhone	high		app/controller/api/Auth.php	mpPhone	code,auth_token,iv,encryptedData
用户端	POST	api/auth/register	register	api.Auth/register	high		app/controller/api/Auth.php	register	phone,sms_code,spread,pwd,auth_token,user_type
用户端	POST	api/auth/smslogin	smsLogin	api.Auth/smsLogin	high		app/controller/api/Auth.php	smsLogin	phone,sms_code,spread,auth_token,user_type
用户端	POST	api/auth/verify	verify	api.Auth/verify	high		app/controller/api/Auth.php	verify	phone,type,captchaType,captchaVerification,token
用户端	GET	api/auth/wechat	auth	api.Auth/auth	high		app/controller/api/Auth.php	auth	spread
用户端	GET	api/broadcast/hot	hot	api.store.broadcast.BroadcastRoom/hot	high		app/controller/api/store/broadcast/BroadcastRoom.php	hot	page,limit,mer_id
用户端	GET	api/broadcast/lst	lst	api.store.broadcast.BroadcastRoom/lst	high		app/controller/api/store/broadcast/BroadcastRoom.php	lst	page,limit
用户端	GET	api/captcha	getCaptcha	api.Auth/getCaptcha	high		app/controller/api/Auth.php	getCaptcha	
用户端	POST	api/circleAgent/create	create	api.circle.CircleAgent/create	high		app/controller/api/circle/CircleAgent.php	create	name,phone,qualification,remark,type,business_name,business_store_category,business_store_type,extend
用户端	GET	api/circleAgent/detail/:id	detail	api.circle.CircleAgent/detail	high		app/controller/api/circle/CircleAgent.php	detail	id
用户端	GET	api/circleAgent/list	list	api.circle.CircleAgent/list	high		app/controller/api/circle/CircleAgent.php	list	page,limit,type
用户端	POST	api/circleAgent/revoke/:id	revoke	api.circle.CircleAgent/revoke	high		app/controller/api/circle/CircleAgent.php	revoke	id
用户端	POST	api/circleAgent/update/:id	update	api.circle.CircleAgent/update	high		app/controller/api/circle/CircleAgent.php	update	id,name,phone,qualification,remark,type,business_name,business_store_category,business_store_type,extend
用户端	GET	api/command/copy	getCommand	api.Common/getCommand	high		app/controller/api/Common.php	getCommand	key
用户端	POST	api/common/base64	get_image_base64	api.Common/get_image_base64	high		app/controller/api/Common.php	get_image_base64	image,code
用户端	GET	api/common/commuunity/hot_keyword	hotKeyword	api.Common/hotKeyword	high		app/controller/api/Common.php	hotKeyword	type
用户端	GET	api/common/express	express	api.Common/express	high		app/controller/api/Common.php	express	
用户端	GET	api/common/feedback_type	lst	api.user.FeedBackCategory/lst	high		app/controller/api/user/FeedBackCategory.php	lst	
用户端	GET	api/common/home	home	api.Common/home	high		app/controller/api/Common.php	home	
用户端	GET	api/common/hot_banner/:type	hotBanner	api.Common/hotBanner	high		app/controller/api/Common.php	hotBanner	type
用户端	GET	api/common/hot_keyword	hotKeyword	api.Common/hotKeyword	high		app/controller/api/Common.php	hotKeyword	type
用户端	GET	api/common/menus	menus	api.Common/menus	high		app/controller/api/Common.php	menus	
用户端	GET	api/common/pay_key/:key	pay_key	api.Common/pay_key	high		app/controller/api/Common.php	pay_key	key
用户端	GET	api/common/recharge_quota	userRechargeQuota	api.Common/userRechargeQuota	high		app/controller/api/Common.php	userRechargeQuota	
用户端	GET	api/common/refund_message	refundMessage	api.Common/refundMessage	high		app/controller/api/Common.php	refundMessage	
用户端	POST	api/common/visit	visit	api.Common/visit	high		app/controller/api/Common.php	visit	page,type
用户端	GET	api/community/:id/reply	lst	api.community.CommunityReply/lst	high		app/controller/api/community/CommunityReply.php	lst	id,page,limit
用户端	GET	api/community/category/lst	lst	api.community.CommunityCategory/lst	high		app/controller/api/community/CommunityCategory.php	lst	
用户端	POST	api/community/create	create	api.community.Community/create	high		app/controller/api/community/Community.php	create	image,topic_id,content,spu_id,order_id,is_type,video_link
用户端	POST	api/community/delete/:id	delete	api.community.Community/delete	high		app/controller/api/community/Community.php	delete	id
用户端	POST	api/community/fans/:id	setFocus	api.community.Community/setFocus	high		app/controller/api/community/Community.php	setFocus	id,status
用户端	GET	api/community/fans/lst	getUserFans	api.community.Community/getUserFans	high		app/controller/api/community/Community.php	getUserFans	page,limit
用户端	GET	api/community/focus/lst	getUserFocus	api.community.Community/getUserFocus	high		app/controller/api/community/Community.php	getUserFocus	page,limit
用户端	GET	api/community/focuslst	focuslst	api.community.Community/focuslst	high		app/controller/api/community/Community.php	focuslst	page,limit,type
用户端	GET	api/community/hist_product/lst	historyList	api.community.Community/historyList	high		app/controller/api/community/Community.php	historyList	page,limit,keyword
用户端	GET	api/community/lst	lst	api.community.Community/lst	high		app/controller/api/community/Community.php	lst	page,limit,keyword,topic_id,is_hot,category_id,spu_id,search_type
用户端	GET	api/community/order/:id	getSpuByOrder	api.community.Community/getSpuByOrder	high		app/controller/api/community/Community.php	getSpuByOrder	id
用户端	GET	api/community/pay_product/lst	payList	api.community.Community/payList	high		app/controller/api/community/Community.php	payList	page,limit,keyword
用户端	GET	api/community/qrcode/:id	qrcode	api.community.Community/qrcode	high		app/controller/api/community/Community.php	qrcode	id,type
用户端	GET	api/community/rela_product/lst	relationList	api.community.Community/relationList	high		app/controller/api/community/Community.php	relationList	page,limit,keyword
用户端	POST	api/community/reply/create/:id	create	api.community.CommunityReply/create	high		app/controller/api/community/CommunityReply.php	create	id,content,reply_id
用户端	POST	api/community/reply/start/:id	start	api.community.CommunityReply/start	high		app/controller/api/community/CommunityReply.php	start	id,status
用户端	GET	api/community/show/:id	show	api.community.Community/show	high		app/controller/api/community/Community.php	show	id
用户端	POST	api/community/start/:id	startCommunity	api.community.Community/startCommunity	high		app/controller/api/community/Community.php	startCommunity	id,status
用户端	GET	api/community/start/lst	getUserStartCommunity	api.community.Community/getUserStartCommunity	high		app/controller/api/community/Community.php	getUserStartCommunity	page,limit
用户端	POST	api/community/update/:id	update	api.community.Community/update	high		app/controller/api/community/Community.php	update	id
用户端	GET	api/community/user/community/:id	userCommunitylst	api.community.Community/userCommunitylst	high		app/controller/api/community/Community.php	userCommunitylst	id,page,limit
用户端	GET	api/community/user/community_video/:id	userCommunityVideolst	api.community.Community/userCommunityVideolst	high		app/controller/api/community/Community.php	userCommunityVideolst	id,page,limit,is_star,community_id
用户端	GET	api/community/user/info/:id	userInfo	api.community.Community/userInfo	high		app/controller/api/community/Community.php	userInfo	id
用户端	GET	api/community/user_lst	userList	api.community.Community/userList	high		app/controller/api/community/Community.php	userList	page,limit,keyword
用户端	GET	api/community/video_lst	videoShow	api.community.Community/videoShow	high		app/controller/api/community/Community.php	videoShow	page,limit,id
用户端	GET	api/config	config	api.Common/config	high		app/controller/api/Common.php	config	
用户端	GET	api/copyright	copyright	api.Common/copyright	stale		app/controller/api/Common.php	copyright	
用户端	GET	api/coupon/getlst	getList	api.store.product.StoreCoupon/getList	high		app/controller/api/store/product/StoreCoupon.php	getList	page,limit,type,mer_id,product,region_id,is_pc,send_type
用户端	GET	api/coupon/list	lst	api.store.product.StoreCoupon/lst	high		app/controller/api/store/product/StoreCoupon.php	lst	page,limit,statusTag
用户端	GET	api/coupon/new_people	newPeople	api.store.product.StoreCoupon/newPeople	high		app/controller/api/store/product/StoreCoupon.php	newPeople	
用户端	GET	api/coupon/product	coupon	api.store.product.StoreCoupon/coupon	high		app/controller/api/store/product/StoreCoupon.php	coupon	ids
用户端	POST	api/coupon/receive/:id	receiveCoupon	api.store.product.StoreCoupon/receiveCoupon	high		app/controller/api/store/product/StoreCoupon.php	receiveCoupon	id
用户端	GET	api/coupon/store/:id	merCoupon	api.store.product.StoreCoupon/merCoupon	high		app/controller/api/store/product/StoreCoupon.php	merCoupon	id,all
用户端	GET	api/delivery/order/:id	deliveryOrderDetail	api.store.service.Delivery/orderDetail	high		app/controller/api/store/service/Delivery.php	orderDetail	id
用户端	POST	api/delivery/order/:id/confirm	confirm	api.store.service.Delivery/confirm	high		app/controller/api/store/service/Delivery.php	confirm	id,mer_id
用户端	POST	api/delivery/order/:id/mark	mark	api.store.service.Delivery/mark	high		app/controller/api/store/service/Delivery.php	mark	id,remark
用户端	POST	api/delivery/order/:id/receive	receive	api.store.service.Delivery/receive	high		app/controller/api/store/service/Delivery.php	receive	id
用户端	GET	api/delivery/order_lst	deliveryOrderLst	api.store.service.Delivery/order_lst	high		app/controller/api/store/service/Delivery.php	order_lst	page,limit,type,status,delivery_keywords
用户端	GET	api/discounts/lst	lst	api.store.product.Discounts/lst	high		app/controller/api/store/product/Discounts.php	lst	product_id,limit
用户端	GET	api/diy	diy	api.Common/diy	high		app/controller/api/Common.php	diy	id,did
用户端	GET	api/diy/assist	assist	api.Diy/assist	high		app/controller/api/Diy.php	assist	limit,region_id,mer_id
用户端	GET	api/diy/broadcast	broadcast	api.Diy/broadcast	high		app/controller/api/Diy.php	broadcast	mer_id,limit
用户端	GET	api/diy/category	category	api.Diy/category	high		app/controller/api/Diy.php	category	
用户端	GET	api/diy/community	community	api.Diy/community	high		app/controller/api/Diy.php	community	limit
用户端	GET	api/diy/coupon	coupon	api.Diy/coupon	high		app/controller/api/Diy.php	coupon	limit,mer_id,region_id
用户端	GET	api/diy/fab	fab	api.Diy/fab	high		app/controller/api/Diy.php	fab	
用户端	GET	api/diy/group	group	api.Diy/group	high		app/controller/api/Diy.php	group	limit,region_id,mer_id
用户端	GET	api/diy/hot_top	hot_top	api.Diy/hot_top	high		app/controller/api/Diy.php	hot_top	cate_pid,region_id
用户端	GET	api/diy/presell	presell	api.Diy/presell	high		app/controller/api/Diy.php	presell	limit,region_id,mer_id
用户端	GET	api/diy/productCategory	productCategory	api.Diy/productCategory	high		app/controller/api/Diy.php	productCategory	mer_id
用户端	GET	api/diy/product_detail	productDetail	api.Diy/productDetail	high		app/controller/api/Diy.php	productDetail	
用户端	GET	api/diy/seckill	seckill	api.Diy/seckill	high		app/controller/api/Diy.php	seckill	mer_id,region_id,limit
用户端	GET	api/diy/spu	spu	api.Diy/spu	high		app/controller/api/Diy.php	spu	cate_pid,product_ids,mer_id,mer_cate_id,order,latitude,longitude,limit
用户端	GET	api/diy/store	store	api.Diy/store	high		app/controller/api/Diy.php	store	type_id,category_id,is_best,order,latitude,longitude,sort,region_id,mer_id,limit
用户端	GET	api/excel/download/:id	download	merchant.store.order.Order/download	stale		app/controller/merchant/store/order/Order.php	download	
用户端	ANY	api/getVersion	getVersion	api.Common/getVersion	high		app/controller/api/Common.php	getVersion	
用户端	GET	api/has_service/:id	hasService	api.store.service.Service/hasService	high		app/controller/api/store/service/Service.php	hasService	id
用户端	GET	api/intention/business	business	api.store.merchant.MerchantIntention/business	high		app/controller/api/store/merchant/MerchantIntention.php	business	name
用户端	GET	api/intention/cate	cateLst	api.store.merchant.MerchantIntention/cateLst	high		app/controller/api/store/merchant/MerchantIntention.php	cateLst	
用户端	GET	api/intention/circles	circles	api.store.merchant.MerchantIntention/circles	high		app/controller/api/store/merchant/MerchantIntention.php	circles	type
用户端	POST	api/intention/create	create	api.store.merchant.MerchantIntention/create	high		app/controller/api/store/merchant/MerchantIntention.php	create	phone,mer_name,name,images,merchant_category_id,mer_type_id,circle_id,business_id
用户端	GET	api/intention/detail/:id	detail	api.store.merchant.MerchantIntention/detail	high		app/controller/api/store/merchant/MerchantIntention.php	detail	id
用户端	GET	api/intention/lst	lst	api.store.merchant.MerchantIntention/lst	high		app/controller/api/store/merchant/MerchantIntention.php	lst	page,limit
用户端	GET	api/intention/type	typeLst	api.store.merchant.MerchantIntention/typeLst	high		app/controller/api/store/merchant/MerchantIntention.php	typeLst	
用户端	POST	api/intention/update/:id	update	api.store.merchant.MerchantIntention/update	high		app/controller/api/store/merchant/MerchantIntention.php	update	id
用户端	GET	api/lbs/address	lbs_address	api.Common/lbs_address	high		app/controller/api/Common.php	lbs_address	region,address
用户端	GET	api/lbs/geocoder	lbs_geocoder	api.Common/lbs_geocoder	high		app/controller/api/Common.php	lbs_geocoder	location
用户端	POST	api/logout	logout	api.Auth/logout	high		app/controller/api/Auth.php	logout	
用户端	GET	api/micro	micro	api.Common/micro	high		app/controller/api/Common.php	micro	version,id
用户端	GET	api/navigation	getNavigation	api.Common/getNavigation	high		app/controller/api/Common.php	getNavigation	
用户端	ANY	api/notice/:type	wechatNotify	api.Common/notify	high		app/controller/api/Common.php	notify	type
用户端	ANY	api/notice/callback	deliveryNotify	api.Common/deliveryNotify	high		app/controller/api/Common.php	deliveryNotify	
用户端	ANY	api/notice/mchNotify/:type	mchNotify	api.Common/mchNotify	high		app/controller/api/Common.php	mchNotify	type
用户端	ANY	api/notice/pay/alipay	alipayNotify	api.Common/alipayNotify	high		app/controller/api/Common.php	alipayNotify	
用户端	GET	api/open_screen	open_screen	api.Common/open_screen	high		app/controller/api/Common.php	open_screen	
用户端	POST	api/order/cancel/:id	cancelGroupOrder	api.store.order.StoreOrder/cancelGroupOrder	high		app/controller/api/store/order/StoreOrder.php	cancelGroupOrder	id
用户端	GET	api/order/cashier_order/:id	getCashierOrder	api.store.order.StoreOrder/getCashierOrder	high		app/controller/api/store/order/StoreOrder.php	getCashierOrder	id
用户端	POST	api/order/check	checkOrder	api.store.order.StoreOrder/checkOrder	stale	【死路由】声明 StoreOrder::checkOrder，源码无此方法。勿实现。	app/controller/api/store/order/StoreOrder.php	checkOrder	
用户端	POST	api/order/create	createOrder	api.store.order.StoreOrder/createOrder	stale	【死路由】声明 StoreOrder::createOrder，源码无此方法。勿实现。	app/controller/api/store/order/StoreOrder.php	createOrder	
用户端	POST	api/order/del/:id	del	api.store.order.StoreOrder/del	high		app/controller/api/store/order/StoreOrder.php	del	id
用户端	GET	api/order/delivery/:id	getOrderDelivery	api.store.order.StoreOrder/getOrderDelivery	high		app/controller/api/store/order/StoreOrder.php	getOrderDelivery	id
用户端	GET	api/order/deliverySetings	deliveryConfig	api.store.order.StoreOrder/deliveryConfig	high		app/controller/api/store/order/StoreOrder.php	deliveryConfig	mer_id
用户端	GET	api/order/deliveryStation/list	deliveryStationList	api.store.order.StoreOrder/deliveryStationList	high		app/controller/api/store/order/StoreOrder.php	deliveryStationList	switch_city,switch_take,status,mer_id,address_id,name_and_address_search,longitude,latitude
用户端	GET	api/order/deliveryTrack/:id	deliveryTrack	api.store.order.StoreOrder/deliveryTrack	high		app/controller/api/store/order/StoreOrder.php	deliveryTrack	id
用户端	GET	api/order/detail/:id	detail	api.store.order.StoreOrder/detail	high		app/controller/api/store/order/StoreOrder.php	detail	id
用户端	POST	api/order/express/:id	express	api.store.order.StoreOrder/express	high		app/controller/api/store/order/StoreOrder.php	express	id
用户端	GET	api/order/group_order_detail/:id	groupOrderDetail	api.store.order.StoreOrder/groupOrderDetail	high		app/controller/api/store/order/StoreOrder.php	groupOrderDetail	id
用户端	GET	api/order/group_order_list	groupOrderList	api.store.order.StoreOrder/groupOrderList	high		app/controller/api/store/order/StoreOrder.php	groupOrderList	page,limit
用户端	GET	api/order/list	lst	api.store.order.StoreOrder/lst	high		app/controller/api/store/order/StoreOrder.php	lst	page,limit,status,store_name
用户端	GET	api/order/number	number	api.store.order.StoreOrder/number	high		app/controller/api/store/order/StoreOrder.php	number	
用户端	POST	api/order/pay/:id	groupOrderPay	api.store.order.StoreOrder/groupOrderPay	high	【普通/拼团等组订单支付】StoreOrder::groupOrderPay；points/pay 同方法 append is_points=1	app/controller/api/store/order/StoreOrder.php	groupOrderPay	id,type,is_points,return_url
用户端	POST	api/order/points/pay/:id	groupOrderPay	api.store.order.StoreOrder/groupOrderPay	high	【积分组订单再支付】同 groupOrderPay，路由 append is_points=1	app/controller/api/store/order/StoreOrder.php	groupOrderPay	id,type,is_points,return_url
用户端	POST	api/order/receipt/:id	createReceipt	api.store.order.StoreOrder/createReceipt	high		app/controller/api/store/order/StoreOrder.php	createReceipt	id,receipt_type,receipt_title,duty_paragraph,receipt_title_type,bank_name,bank_code,address,tel,email
用户端	POST	api/order/self/cancel/:id	cancelOrder	api.store.order.StoreOrder/cancelOrder	high		app/controller/api/store/order/StoreOrder.php	cancelOrder	id
用户端	GET	api/order/status/:id	groupOrderStatus	api.store.order.StoreOrder/groupOrderStatus	high		app/controller/api/store/order/StoreOrder.php	groupOrderStatus	id
用户端	POST	api/order/take/:id	take	api.store.order.StoreOrder/take	high		app/controller/api/store/order/StoreOrder.php	take	id
用户端	POST	api/order/v3/check	beforCheck	api.store.order.PointsOrder/beforCheck	high	【积分订单核对】PointsOrder::beforCheck → PointsOrderCreateRepository（activity_type=20）	app/controller/api/store/order/PointsOrder.php	beforCheck	cart_id,address_id,use_integral,use_coupon,takes
用户端	POST	api/order/v3/create	createOrder	api.store.order.PointsOrder/createOrder	high	【积分订单创建】PointsOrder::createOrder；支付多在创建时发起，无独立 orderPay 方法	app/controller/api/store/order/PointsOrder.php	createOrder	cart_id,address_id,use_integral,mark,pay_type,return_url
用户端	POST	api/order/v3/pay/:id	orderPay	api.store.order.PointsOrder/orderPay	stale	【死路由】声明 PointsOrder::orderPay，源码无此方法；积分单支付走 create 内 repository->pay 或普通 groupOrderPay	app/controller/api/store/order/PointsOrder.php	orderPay	
用户端	GET	api/order/verify_code/:id	verifyCode	api.store.order.StoreOrder/verifyCode	high		app/controller/api/store/order/StoreOrder.php	verifyCode	id
用户端	ANY	api/order_call_back	mchNotify	api.Common/callBackNotify	high		app/controller/api/Common.php	callBackNotify	type,id
用户端	GET	api/pay/config	payConfig	api.store.order.StoreOrder/payConfig	high		app/controller/api/store/order/StoreOrder.php	payConfig	id,type
用户端	GET	api/points/detail/:id	detail	api.store.product.PointsProduct/detail	high		app/controller/api/store/product/PointsProduct.php	detail	id
用户端	GET	api/points/home	home	api.store.product.PointsProduct/home	high		app/controller/api/store/product/PointsProduct.php	home	
用户端	GET	api/points/lst	lst	api.store.product.PointsProduct/lst	high		app/controller/api/store/product/PointsProduct.php	lst	page,limit,scope,order,price,sales,keyword,cate_id,is_hot
用户端	POST	api/points/order/deleate/:id	del	api.store.order.PointsOrder/del	high		app/controller/api/store/order/PointsOrder.php	del	id
用户端	GET	api/points/order/detail/:id	detail	api.store.order.PointsOrder/detail	high		app/controller/api/store/order/PointsOrder.php	detail	id
用户端	GET	api/points/order/lst	lst	api.store.order.PointsOrder/lst	high		app/controller/api/store/order/PointsOrder.php	lst	page,limit,pay_type,paid,status
用户端	POST	api/points/order/take/:id	take	api.store.order.PointsOrder/take	high		app/controller/api/store/order/PointsOrder.php	take	id
用户端	GET	api/points/scope	points_mall_scope	api.store.product.PointsProduct/points_mall_scope	high		app/controller/api/store/product/PointsProduct.php	points_mall_scope	page,limit
用户端	POST	api/presell/pay/:id	pay	api.store.order.PresellOrder/pay	high	【预售尾款支付】PresellOrder::pay	app/controller/api/store/order/PresellOrder.php	pay	id,type,return_url
用户端	GET	api/product/spu/active/category/:type	activeCategory	api.store.product.StoreSpu/activeCategory	high		app/controller/api/store/product/StoreSpu.php	activeCategory	type
用户端	GET	api/product/spu/bag	bag	api.store.product.StoreSpu/bag	high		app/controller/api/store/product/StoreSpu.php	bag	page,limit
用户端	GET	api/product/spu/bag/recommend	bagRecommend	api.store.product.StoreSpu/bagRecommend	high		app/controller/api/store/product/StoreSpu.php	bagRecommend	page,limit
用户端	GET	api/product/spu/copy	copy	api.store.product.StoreSpu/copy	high		app/controller/api/store/product/StoreSpu.php	copy	id,product_type
用户端	GET	api/product/spu/coupon_product	getProductByCoupon	api.store.product.StoreSpu/getProductByCoupon	high		app/controller/api/store/product/StoreSpu.php	getProductByCoupon	page,limit,keyword,cate_id,cate_pid,order,price_on,price_off,brand_id,pid,mer_cate_id,coupon_id
用户端	GET	api/product/spu/get/:id	get	api.store.product.StoreSpu/get	high		app/controller/api/store/product/StoreSpu.php	get	id
用户端	GET	api/product/spu/get_hot_ranking	getHotRanking	api.store.product.StoreSpu/getHotRanking	high		app/controller/api/store/product/StoreSpu.php	getHotRanking	cate_pid,limit,region_id
用户端	GET	api/product/spu/hot/:type	hot	api.store.product.StoreSpu/hot	high		app/controller/api/store/product/StoreSpu.php	hot	type,page,limit,common,mer_id
用户端	GET	api/product/spu/hot_lst	getHotList	api.store.product.StoreProduct/getHotList	high		app/controller/api/store/product/StoreProduct.php	getHotList	
用户端	GET	api/product/spu/hot_top	getHotTop	api.store.product.StoreProduct/getHotTop	high		app/controller/api/store/product/StoreProduct.php	getHotTop	limit
用户端	GET	api/product/spu/labels	labelsLst	api.store.product.StoreSpu/labelsLst	high		app/controller/api/store/product/StoreSpu.php	labelsLst	page,limit,mer_id,labels
用户端	GET	api/product/spu/local/:id	local	api.store.product.StoreSpu/local	high		app/controller/api/store/product/StoreSpu.php	local	id,page,limit
用户端	GET	api/product/spu/lst	lst	api.store.product.StoreSpu/lst	high		app/controller/api/store/product/StoreSpu.php	lst	page,limit,keyword,cate_id,cate_pid,order,price_on,price_off,brand_id,pid,mer_cate_id,product_type,action,common,is_trader,product_ids,mer_id,filter_params,mer_type_id,ids,latitude,longitude,store_type_id,store_label_id,delivery_type,region_id
用户端	GET	api/product/spu/merchant/:id	merProductLst	api.store.product.StoreSpu/merProductLst	high		app/controller/api/store/product/StoreSpu.php	merProductLst	id,page,limit,keyword,cate_id,order,price_on,price_off,brand_id,pid,mer_cate_id,product_type,action,common,ids,product_ids,store_type_id,mer_store_label_id,delivery_type
用户端	GET	api/product/spu/params	select	api.store.product.StoreParams/select	high		app/controller/api/store/product/StoreParams.php	select	keyword,cate_id,mer_id,mer_cate_id,cate_pid,is_pc
用户端	GET	api/product/spu/params_value/:id	getValue	api.store.product.StoreParams/getValue	high		app/controller/api/store/product/StoreParams.php	getValue	id
用户端	GET	api/product/spu/recommend	recommend	api.store.product.StoreSpu/recommend	high		app/controller/api/store/product/StoreSpu.php	recommend	page,limit,common,mer_id,latitude,longitude,region_id
用户端	POST	api/refund/apply/:id	refund	api.store.order.StoreRefundOrder/refund	high	【用户申请退款】StoreRefundOrder::refund；type=1 单商品 / 否则批量 ids	app/controller/api/store/order/StoreRefundOrder.php	refund	id,type,refund_type,refund_price,num,ids,refund_message,mark,pics
用户端	POST	api/refund/back_goods/:id	back_goods	api.store.order.StoreRefundOrder/back_goods	high		app/controller/api/store/order/StoreRefundOrder.php	back_goods	id,delivery_type,delivery_id,delivery_phone,delivery_mark,delivery_pics
用户端	GET	api/refund/batch_product/:id	batchProduct	api.store.order.StoreRefundOrder/batchProduct	high		app/controller/api/store/order/StoreRefundOrder.php	batchProduct	id
用户端	POST	api/refund/cancel/:id	cancel	api.store.order.StoreRefundOrder/cancel	high		app/controller/api/store/order/StoreRefundOrder.php	cancel	id
用户端	POST	api/refund/compute	compute	api.store.order.StoreRefundOrder/compute	high		app/controller/api/store/order/StoreRefundOrder.php	compute	refund,order_id
用户端	POST	api/refund/del/:id	del	api.store.order.StoreRefundOrder/del	high		app/controller/api/store/order/StoreRefundOrder.php	del	id
用户端	GET	api/refund/detail/:id	detail	api.store.order.StoreRefundOrder/detail	high		app/controller/api/store/order/StoreRefundOrder.php	detail	id
用户端	GET	api/refund/express/:id	express	api.store.order.StoreRefundOrder/express	high		app/controller/api/store/order/StoreRefundOrder.php	express	id
用户端	GET	api/refund/list	lst	api.store.order.StoreRefundOrder/lst	high		app/controller/api/store/order/StoreRefundOrder.php	lst	page,limit,type
用户端	POST	api/refund/platform/:id	platformIntervene	api.store.order.StoreRefundOrder/platformIntervene	high		app/controller/api/store/order/StoreRefundOrder.php	platformIntervene	id
用户端	GET	api/refund/product/:id	product	api.store.order.StoreRefundOrder/product	high		app/controller/api/store/order/StoreRefundOrder.php	product	id,ids,type
用户端	POST	api/reply/:id	reply	api.store.product.StoreReply/reply	high		app/controller/api/store/product/StoreReply.php	reply	id,comment,product_score,service_score,postage_score,pics
用户端	GET	api/reply/product/:id	product	api.store.product.StoreReply/product	high		app/controller/api/store/product/StoreReply.php	product	id
用户端	GET	api/route/list	list	api.Route/list	high		app/controller/api/Route.php	list	type
用户端	POST	api/scan_upload/image/:field/:token	scanUploadImage	api.Common/scanUploadImage	high		app/controller/api/Common.php	scanUploadImage	field,token,pid,mer_id,name
用户端	GET	api/script	script	api.Common/script	high		app/controller/api/Common.php	script	
用户端	POST	api/server/:merId/attr/create	create	api.server.StoreProductAttrTemplate/create	high		app/controller/api/server/StoreProductAttrTemplate.php	create	merId
用户端	POST	api/server/:merId/attr/delete	batchDelete	api.server.StoreProductAttrTemplate/batchDelete	high		app/controller/api/server/StoreProductAttrTemplate.php	batchDelete	merId,ids
用户端	GET	api/server/:merId/attr/detail/:id	detail	api.server.StoreProductAttrTemplate/detail	high		app/controller/api/server/StoreProductAttrTemplate.php	detail	merId,id
用户端	GET	api/server/:merId/attr/list	getlist	api.server.StoreProductAttrTemplate/getlist	high		app/controller/api/server/StoreProductAttrTemplate.php	getlist	merId
用户端	GET	api/server/:merId/attr/lst	lst	api.server.StoreProductAttrTemplate/lst	high		app/controller/api/server/StoreProductAttrTemplate.php	lst	merId,page,limit,keyword
用户端	POST	api/server/:merId/attr/update/:id	update	api.server.StoreProductAttrTemplate/update	high		app/controller/api/server/StoreProductAttrTemplate.php	update	merId,id
用户端	GET	api/server/:merId/category/brandlist	BrandList	api.server.StoreCategory/BrandList	high		app/controller/api/server/StoreCategory.php	BrandList	merId
用户端	POST	api/server/:merId/category/create	create	api.server.StoreCategory/create	high		app/controller/api/server/StoreCategory.php	create	merId
用户端	POST	api/server/:merId/category/delete/:id	delete	api.server.StoreCategory/delete	high		app/controller/api/server/StoreCategory.php	delete	merId,id
用户端	GET	api/server/:merId/category/detail/:id	detail	api.server.StoreCategory/detail	high		app/controller/api/server/StoreCategory.php	detail	merId,id
用户端	GET	api/server/:merId/category/list	getList	api.server.StoreCategory/getList	high		app/controller/api/server/StoreCategory.php	getList	merId
用户端	GET	api/server/:merId/category/lst	lst	api.server.StoreCategory/lst	high		app/controller/api/server/StoreCategory.php	lst	merId
用户端	GET	api/server/:merId/category/select	getTreeList	api.server.StoreCategory/getTreeList	high		app/controller/api/server/StoreCategory.php	getTreeList	merId
用户端	POST	api/server/:merId/category/status/:id	switchStatus	api.server.StoreCategory/switchStatus	high		app/controller/api/server/StoreCategory.php	switchStatus	merId,id,status
用户端	POST	api/server/:merId/category/update/:id	update	api.server.StoreCategory/update	high		app/controller/api/server/StoreCategory.php	update	merId,id
用户端	GET	api/server/:merId/product/config	config	api.server.StoreProduct/config	high		app/controller/api/server/StoreProduct.php	config	merId
用户端	POST	api/server/:merId/product/create	create	api.server.StoreProduct/create	high		app/controller/api/server/StoreProduct.php	create	merId,_see_CREATE_PARAMS
用户端	POST	api/server/:merId/product/delete/:id	delete	api.server.StoreProduct/delete	high		app/controller/api/server/StoreProduct.php	delete	merId,id
用户端	POST	api/server/:merId/product/destory/:id	destory	api.server.StoreProduct/destory	high		app/controller/api/server/StoreProduct.php	destory	merId,id
用户端	GET	api/server/:merId/product/detail/:id	detail	api.server.StoreProduct/detail	high		app/controller/api/server/StoreProduct.php	detail	merId,id
用户端	POST	api/server/:merId/product/edit_cate/:id	editCate	api.server.StoreProduct/editCate	high		app/controller/api/server/StoreProduct.php	editCate	merId,id,cate_id
用户端	POST	api/server/:merId/product/edit_mer_cate/:id	editMerCate	api.server.StoreProduct/editMerCate	high		app/controller/api/server/StoreProduct.php	editMerCate	merId,id,ids
用户端	POST	api/server/:merId/product/good/:id	updateGood	api.server.StoreProduct/updateGood	high		app/controller/api/server/StoreProduct.php	updateGood	merId,id,is_good
用户端	GET	api/server/:merId/product/lst	lst	api.server.StoreProduct/lst	high		app/controller/api/server/StoreProduct.php	lst	merId,page,limit,cate_id,keyword,mer_cate_id,is_gift_bag,status,us_status,product_id,mer_labels,order,type
用户端	POST	api/server/:merId/product/restore/:id	restore	api.server.StoreProduct/restore	high		app/controller/api/server/StoreProduct.php	restore	merId,id
用户端	POST	api/server/:merId/product/status/:id	switchStatus	api.server.StoreProduct/switchStatus	high		app/controller/api/server/StoreProduct.php	switchStatus	merId,id,status
用户端	GET	api/server/:merId/product/title	title	api.server.StoreProduct/title	high		app/controller/api/server/StoreProduct.php	title	merId
用户端	POST	api/server/:merId/product/update/:id	update	api.server.StoreProduct/update	high		app/controller/api/server/StoreProduct.php	update	merId,id,_see_CREATE_PARAMS
用户端	GET	api/server/:merId/product/value/:id	getValue	api.server.StoreProduct/getValue	high		app/controller/api/server/StoreProduct.php	getValue	merId,id
用户端	POST	api/server/:merId/product/value/:id	setValue	api.server.StoreProduct/setValue	high		app/controller/api/server/StoreProduct.php	setValue	merId,id,attr_value
用户端	GET	api/server/:merId/refund/check/:id	check	api.server.StoreRefundOrder/check	high		app/controller/api/server/StoreRefundOrder.php	check	merId,id
用户端	POST	api/server/:merId/refund/compute	compute	api.server.StoreRefundOrder/compute	high		app/controller/api/server/StoreRefundOrder.php	compute	merId,refund,order_id
用户端	POST	api/server/:merId/refund/confirm/:id	refundPrice	api.server.StoreRefundOrder/refundPrice	high		app/controller/api/server/StoreRefundOrder.php	refundPrice	merId,id,status,fail_message
用户端	POST	api/server/:merId/refund/create	create	api.server.StoreRefundOrder/create	high		app/controller/api/server/StoreRefundOrder.php	create	merId,refund_message,refund_price,mer_mark,refund,order_id
用户端	GET	api/server/:merId/refund/detail/:id	detail	api.server.StoreRefundOrder/detail	high		app/controller/api/server/StoreRefundOrder.php	detail	merId,id
用户端	GET	api/server/:merId/refund/express/:id	express	api.server.StoreRefundOrder/express	high		app/controller/api/server/StoreRefundOrder.php	express	merId,id
用户端	GET	api/server/:merId/refund/get/:id	getRefundPrice	api.server.StoreRefundOrder/getRefundPrice	high		app/controller/api/server/StoreRefundOrder.php	getRefundPrice	merId,id
用户端	GET	api/server/:merId/refund/lst	lst	api.server.StoreRefundOrder/lst	high		app/controller/api/server/StoreRefundOrder.php	lst	merId,page,limit,order_type,delivery_id
用户端	POST	api/server/:merId/refund/mark/:id	mark	api.server.StoreRefundOrder/mark	high		app/controller/api/server/StoreRefundOrder.php	mark	merId,id,mer_mark
用户端	POST	api/server/:merId/refund/status/:id	switchStatus	api.server.StoreRefundOrder/switchStatus	high		app/controller/api/server/StoreRefundOrder.php	switchStatus	merId,id,mer_delivery_user,mer_delivery_address,phone,status,fail_message
用户端	POST	api/server/:merId/template/create	create	api.server.ShippingTemplate/create	high		app/controller/api/server/ShippingTemplate.php	create	merId
用户端	POST	api/server/:merId/template/delete	batchDelete	api.server.ShippingTemplate/batchDelete	high		app/controller/api/server/ShippingTemplate.php	batchDelete	merId,ids
用户端	GET	api/server/:merId/template/detail/:id	detail	api.server.ShippingTemplate/detail	high		app/controller/api/server/ShippingTemplate.php	detail	merId,id
用户端	GET	api/server/:merId/template/lst	lst	api.server.ShippingTemplate/lst	high		app/controller/api/server/ShippingTemplate.php	lst	merId,page,limit,type,name
用户端	GET	api/server/:merId/template/select	getList	api.server.ShippingTemplate/getList	high		app/controller/api/server/ShippingTemplate.php	getList	merId
用户端	POST	api/server/:merId/template/update/:id	update	api.server.ShippingTemplate/update	high		app/controller/api/server/ShippingTemplate.php	update	merId,id
用户端	GET	api/service/history/:id	chatHistory	api.store.service.Service/chatHistory	high		app/controller/api/store/service/Service.php	chatHistory	id,page,limit
用户端	GET	api/service/info/:id	merchantInfo	api.store.service.Service/merchantInfo	high		app/controller/api/store/service/Service.php	merchantInfo	id
用户端	GET	api/service/list	getList	api.store.service.Service/getList	high		app/controller/api/store/service/Service.php	getList	page,limit
用户端	POST	api/service/mark/:merId/:uid	mark	api.store.service.Service/mark	high		app/controller/api/store/service/Service.php	mark	merId,uid,mark
用户端	GET	api/service/mer_history/:merId/:id	serviceHistory	api.store.service.Service/serviceHistory	high		app/controller/api/store/service/Service.php	serviceHistory	merId,id,page,limit
用户端	POST	api/service/scan_login/:key	scanLogin	api.store.service.Service/scanLogin	high		app/controller/api/store/service/Service.php	scanLogin	key,service_id
用户端	GET	api/service/user/:merId/:uid	user	api.store.service.Service/user	high		app/controller/api/store/service/Service.php	user	merId,uid
用户端	GET	api/service/user_list/:merId	serviceUserList	api.store.service.Service/serviceUserList	high		app/controller/api/store/service/Service.php	serviceUserList	merId,page,limit
用户端	GET	api/staffs/order/:id	orderDetail	api.store.service.Staffs/orderDetail	high		app/controller/api/store/service/Staffs.php	orderDetail	id
用户端	POST	api/staffs/order/:id/check	checkIn	api.store.service.Staffs/checkIn	high		app/controller/api/store/service/Staffs.php	checkIn	id,clock_in_info
用户端	POST	api/staffs/order/:id/dispatch	reservationDispatch	api.store.service.Staffs/reservationDispatch	high		app/controller/api/store/service/Staffs.php	reservationDispatch	id
用户端	POST	api/staffs/order/:id/mark	mark	api.store.service.Staffs/mark	high		app/controller/api/store/service/Staffs.php	mark	id,remark
用户端	POST	api/staffs/order/:id/trace	addTrace	api.store.service.Staffs/addTrace	high		app/controller/api/store/service/Staffs.php	addTrace	id,reservation_service_voucher
用户端	POST	api/staffs/order/:id/verifier	verify	api.store.service.Staffs/verify	high		app/controller/api/store/service/Staffs.php	verify	id,mer_id
用户端	GET	api/staffs/order_lst	order_lst	api.store.service.Staffs/order_lst	high		app/controller/api/store/service/Staffs.php	order_lst	page,limit,paid,status,assigned,is_del,filter_product,order_type,store_name,date
用户端	GET	api/staffs/reservation/config	reservationConfig	api.store.service.Staffs/reservationConfig	high		app/controller/api/store/service/Staffs.php	reservationConfig	mer_id
用户端	POST	api/store/certificate/:merId	getMerCertificate	api.Auth/getMerCertificate	high		app/controller/api/Auth.php	getMerCertificate	merId,key,code
用户端	GET	api/store/expr/temps	getExportTemp	admin.system.serve.Export/getExportTemp	high		app/controller/admin/system/serve/Export.php	getExportTemp	com
用户端	GET	api/store/group/options	options	api.store.StoreGroup/options	high		app/controller/api/store/StoreGroup.php	options	
用户端	GET	api/store/group/recommend	recommendList	api.store.StoreGroup/recommendList	high		app/controller/api/store/StoreGroup.php	recommendList	latitude,longitude
用户端	GET	api/store/merchant/category/lst/:id	categoryList	api.store.merchant.Merchant/categoryList	high		app/controller/api/store/merchant/Merchant.php	categoryList	id
用户端	GET	api/store/merchant/detail/0	systemDetail	api.store.merchant.Merchant/systemDetail	high		app/controller/api/store/merchant/Merchant.php	systemDetail	
用户端	GET	api/store/merchant/detail/:id	detail	api.store.merchant.Merchant/detail	high		app/controller/api/store/merchant/Merchant.php	detail	id
用户端	GET	api/store/merchant/local	localLst	api.store.merchant.Merchant/localLst	high		app/controller/api/store/merchant/Merchant.php	localLst	page,limit,keyword,order,is_best,location,category_id,type_id
用户端	GET	api/store/merchant/localDetail/:id	localDetail	api.store.merchant.Merchant/localDetail	high		app/controller/api/store/merchant/Merchant.php	localDetail	id,latitude,longitude
用户端	GET	api/store/merchant/lst	lst	api.store.merchant.Merchant/lst	high		app/controller/api/store/merchant/Merchant.php	lst	page,limit,keyword,order,is_best,location,category_id,type_id,is_trader
用户端	GET	api/store/merchant/product/lst/:id	productList	api.store.merchant.Merchant/productList	high		app/controller/api/store/merchant/Merchant.php	productList	id,page,limit,keyword,order,mer_cate_id,cate_id,price_on,price_off,brand_id,pid
用户端	GET	api/store/merchant/qrcode/:id	qrcode	api.store.merchant.Merchant/qrcode	high		app/controller/api/store/merchant/Merchant.php	qrcode	id,type
用户端	GET	api/store/product/assist/count	userCount	api.store.product.StoreProductAssist/userCount	high		app/controller/api/store/product/StoreProductAssist.php	userCount	
用户端	POST	api/store/product/assist/create/:id	create	api.store.product.StoreProductAssistSet/create	high		app/controller/api/store/product/StoreProductAssistSet.php	create	id
用户端	GET	api/store/product/assist/detail/:id	detail	api.store.product.StoreProductAssistSet/detail	high		app/controller/api/store/product/StoreProductAssistSet.php	detail	id,type
用户端	GET	api/store/product/assist/lst	lst	api.store.product.StoreProductAssist/lst	high		app/controller/api/store/product/StoreProductAssist.php	lst	page,limit,type,star,mer_id,region_id
用户端	POST	api/store/product/assist/set/:id	set	api.store.product.StoreProductAssistSet/set	high		app/controller/api/store/product/StoreProductAssistSet.php	set	id
用户端	POST	api/store/product/assist/set/delete/:id	delete	api.store.product.StoreProductAssistSet/delete	high		app/controller/api/store/product/StoreProductAssistSet.php	delete	id
用户端	GET	api/store/product/assist/set/lst	lst	api.store.product.StoreProductAssistSet/lst	high		app/controller/api/store/product/StoreProductAssistSet.php	lst	page,limit
用户端	GET	api/store/product/assist/share/:id	shareNum	api.store.product.StoreProductAssistSet/shareNum	high		app/controller/api/store/product/StoreProductAssistSet.php	shareNum	id
用户端	GET	api/store/product/assist/user/:id	userList	api.store.product.StoreProductAssistSet/userList	high		app/controller/api/store/product/StoreProductAssistSet.php	userList	id,page,limit
用户端	GET	api/store/product/bag/explain	getBagExplain	api.store.product.StoreProduct/getBagExplain	high		app/controller/api/store/product/StoreProduct.php	getBagExplain	
用户端	GET	api/store/product/brand/lst	lst	api.store.product.StoreBrand/lst	high		app/controller/api/store/product/StoreBrand.php	lst	keyword,cate_id,mer_id,mer_cate_id,pid
用户端	GET	api/store/product/cate_hot	cateHotList	api.store.product.StoreProduct/cateHotList	high		app/controller/api/store/product/StoreProduct.php	cateHotList	page,limit,product_id,cate_id,cate_pid,filter,mer_id
用户端	GET	api/store/product/category	children	api.store.product.StoreCategory/children	high		app/controller/api/store/product/StoreCategory.php	children	pid
用户端	GET	api/store/product/category/hotranking	cateHotRanking	api.store.product.StoreCategory/cateHotRanking	high		app/controller/api/store/product/StoreCategory.php	cateHotRanking	
用户端	GET	api/store/product/category/lst	lst	api.store.product.StoreCategory/lst	high		app/controller/api/store/product/StoreCategory.php	lst	
用户端	GET	api/store/product/detail/:id	detail	api.store.product.StoreProduct/detail	high		app/controller/api/store/product/StoreProduct.php	detail	id
用户端	GET	api/store/product/get_attr_value/:id	getAttrValue	api.store.product.StoreProduct/getAttrValue	high		app/controller/api/store/product/StoreProduct.php	getAttrValue	id
用户端	GET	api/store/product/get_spec/:id	getSpec	api.store.product.StoreProduct/getSpec	high		app/controller/api/store/product/StoreProduct.php	getSpec	id
用户端	GET	api/store/product/good_list/:id	getGoodList	api.store.product.StoreProduct/getGoodList	high		app/controller/api/store/product/StoreProduct.php	getGoodList	id
用户端	POST	api/store/product/group/cancel	cancel	api.store.product.StoreProductGroup/cancel	high		app/controller/api/store/product/StoreProductGroup.php	cancel	group_buying_id
用户端	GET	api/store/product/group/category	category	api.store.product.StoreProductGroup/category	high		app/controller/api/store/product/StoreProductGroup.php	category	
用户端	GET	api/store/product/group/count	userCount	api.store.product.StoreProductGroup/userCount	high		app/controller/api/store/product/StoreProductGroup.php	userCount	page,limit
用户端	GET	api/store/product/group/detail/:id	detail	api.store.product.StoreProductGroup/detail	high		app/controller/api/store/product/StoreProductGroup.php	detail	id
用户端	GET	api/store/product/group/get/:id	groupBuying	api.store.product.StoreProductGroup/groupBuying	high		app/controller/api/store/product/StoreProductGroup.php	groupBuying	id
用户端	GET	api/store/product/group/lst	lst	api.store.product.StoreProductGroup/lst	high		app/controller/api/store/product/StoreProductGroup.php	lst	page,limit,active_type,store_category_id,star,mer_id,region_id
用户端	GET	api/store/product/guarantee/:id	guaranteeTemplate	api.store.product.StoreProduct/guaranteeTemplate	high		app/controller/api/store/product/StoreProduct.php	guaranteeTemplate	id
用户端	POST	api/store/product/increase_take	setIncreaseTake	api.store.product.StoreProduct/setIncreaseTake	high		app/controller/api/store/product/StoreProduct.php	setIncreaseTake	product_id,unique,type
用户端	GET	api/store/product/presell/agree	getAgree	api.store.product.StoreProductPresell/getAgree	high		app/controller/api/store/product/StoreProductPresell.php	getAgree	
用户端	GET	api/store/product/presell/detail/:id	detail	api.store.product.StoreProductPresell/detail	high		app/controller/api/store/product/StoreProductPresell.php	detail	id
用户端	GET	api/store/product/presell/lst	lst	api.store.product.StoreProductPresell/lst	high		app/controller/api/store/product/StoreProductPresell.php	lst	page,limit,type,star,mer_id,region_id
用户端	GET	api/store/product/preview	preview	api.store.product.StoreProduct/preview	high		app/controller/api/store/product/StoreProduct.php	preview	key,id,product_type
用户端	GET	api/store/product/price_rule/:id	priceRule	api.store.product.StoreProduct/priceRule	high		app/controller/api/store/product/StoreProduct.php	priceRule	id
用户端	GET	api/store/product/qrcode/:id	qrcode	api.store.product.StoreProduct/qrcode	high		app/controller/api/store/product/StoreProduct.php	qrcode	id,type,product_type
用户端	GET	api/store/product/recommendProduct	recommendProduct	api.store.product.StoreProduct/recommendProduct	high		app/controller/api/store/product/StoreProduct.php	recommendProduct	recommend_num,product_id
用户端	GET	api/store/product/reply/lst/:id	lst	api.store.product.StoreReply/lst	high		app/controller/api/store/product/StoreReply.php	lst	id,page,limit,type
用户端	POST	api/store/product/reservation/checkRange	checkRange	api.store.product.StorePrdouctReservation/checkRange	high		app/controller/api/store/product/StorePrdouctReservation.php	checkRange	address_id,mer_id
用户端	GET	api/store/product/reservation/getDay/:id	showDay	api.store.product.StorePrdouctReservation/showDay	high		app/controller/api/store/product/StorePrdouctReservation.php	showDay	id,date,sku_id
用户端	GET	api/store/product/reservation/getMonth/:id	showMonth	api.store.product.StorePrdouctReservation/showMonth	high		app/controller/api/store/product/StorePrdouctReservation.php	showMonth	id,sku_id,date
用户端	GET	api/store/product/seckill/detail/:id	detail	api.store.product.StoreProductSeckill/detail	high		app/controller/api/store/product/StoreProductSeckill.php	detail	id,seckill_time_id
用户端	GET	api/store/product/seckill/lst	lst	api.store.product.StoreProductSeckill/lst	high		app/controller/api/store/product/StoreProductSeckill.php	lst	page,limit,mer_id,start_time,end_time,region_id
用户端	GET	api/store/product/seckill/select	select	api.store.product.StoreProductSeckill/select	high		app/controller/api/store/product/StoreProductSeckill.php	select	
用户端	GET	api/store/product/show/:id	show	api.store.product.StoreProduct/show	high		app/controller/api/store/product/StoreProduct.php	show	id
用户端	ANY	api/store/test	test	api.Test/test	unresolved			test	
用户端	GET	api/subscribe	subscribe	api.Common/subscribe	high		app/controller/api/Common.php	subscribe	
用户端	GET	api/svip/coupon_lst	svipCoupon	api.user.Svip/svipCoupon	high		app/controller/api/user/Svip.php	svipCoupon	
用户端	POST	api/svip/coupon_receive/:id	receiveCoupon	api.user.Svip/receiveCoupon	high		app/controller/api/user/Svip.php	receiveCoupon	id
用户端	POST	api/svip/pay/:id	createOrder	api.user.Svip/createOrder	high	【付费会员下单支付】Svip::createOrder	app/controller/api/user/Svip.php	createOrder	id,pay_type,return_url
用户端	GET	api/svip/pay_lst	getTypeLst	api.user.Svip/getTypeLst	high		app/controller/api/user/Svip.php	getTypeLst	
用户端	GET	api/svip/product_lst	svipProductList	api.user.Svip/svipProductList	high		app/controller/api/user/Svip.php	svipProductList	page,limit
用户端	GET	api/svip/user_info	svipUserInfo	api.user.Svip/svipUserInfo	high		app/controller/api/user/Svip.php	svipUserInfo	
用户端	GET	api/system/city/lst	getlist	merchant.store.shipping.City/getlist	high		app/controller/merchant/store/shipping/City.php	getlist	
用户端	GET	api/system/form/detail/:id	detail	api.store.form.Form/detail	high		app/controller/api/store/form/Form.php	detail	id
用户端	GET	api/system/form/info/:form_id	getFormInfo	api.store.form.Form/getFormInfo	high		app/controller/api/store/form/Form.php	getFormInfo	form_id
用户端	GET	api/system/form/lst	lst	api.store.form.Form/lst	high		app/controller/api/store/form/Form.php	lst	page,limit
用户端	GET	api/system/form/share_posters/:id	getSharePosters	api.store.form.Form/getSharePosters	high		app/controller/api/store/form/Form.php	getSharePosters	id,type
用户端	POST	api/upload/certificate/:field	uploadCertificate	api.Common/uploadCertificate	high		app/controller/api/Common.php	uploadCertificate	field
用户端	POST	api/upload/image/:field	uploadImage	api.Common/uploadImage	high		app/controller/api/Common.php	uploadImage	field,name
用户端	POST	api/upload/video	uploadVideo	admin.system.attachment.Attachment/uploadVideo	high		app/controller/admin/system/attachment/Attachment.php	uploadVideo	
用户端	GET	api/user	userInfo	api.Auth/userInfo	high		app/controller/api/Auth.php	userInfo	
用户端	GET	api/user/account	account	api.user.User/account	high		app/controller/api/user/User.php	account	
用户端	POST	api/user/address/create	create	api.user.UserAddress/create	high	新增/编辑收货地址（同接口）	app/controller/api/user/UserAddress.php	create	address_id,real_name,phone,area,detail,post_code,is_default
用户端	POST	api/user/address/delete/:id	delete	api.user.UserAddress/delete	high		app/controller/api/user/UserAddress.php	delete	id
用户端	GET	api/user/address/detail/:id	detail	api.user.UserAddress/detail	high		app/controller/api/user/UserAddress.php	detail	id
用户端	GET	api/user/address/lst	lst	api.user.UserAddress/lst	high		app/controller/api/user/UserAddress.php	lst	page,limit
用户端	POST	api/user/address/update/:id	editDefault	api.user.UserAddress/editDefault	high		app/controller/api/user/UserAddress.php	editDefault	id
用户端	GET	api/user/bill	bill	api.user.User/bill	high		app/controller/api/user/User.php	bill	page,limit,type
用户端	POST	api/user/binding	binding	api.user.User/binding	high		app/controller/api/user/User.php	binding	phone,sms_code
用户端	GET	api/user/brokerage/all	brokerage_all	api.user.User/brokerage_all	high		app/controller/api/user/User.php	brokerage_all	
用户端	GET	api/user/brokerage/info	brokerage_info	api.user.User/brokerage_info	high		app/controller/api/user/User.php	brokerage_info	
用户端	GET	api/user/brokerage/notice	notice	api.user.User/notice	high		app/controller/api/user/User.php	notice	type
用户端	GET	api/user/brokerage_list	brokerage_list	api.user.User/brokerage_list	high		app/controller/api/user/User.php	brokerage_list	page,limit,start,stop
用户端	GET	api/user/brokerage_top	brokerage_top	api.user.User/brokerage_top	high		app/controller/api/user/User.php	brokerage_top	page,limit,type
用户端	POST	api/user/cancel	cancel	api.Auth/cancel	high		app/controller/api/Auth.php	cancel	key
用户端	POST	api/user/cart/again	again	api.store.order.StoreCart/again	high	再次购买入车	app/controller/api/store/order/StoreCart.php	again	product_id,product_attr_unique,cart_num,is_new,product_type,group_buying_id,spread_id
用户端	POST	api/user/cart/batchCreate	batchCreate	api.store.order.StoreCart/batchCreate	high		app/controller/api/store/order/StoreCart.php	batchCreate	discount_id,is_new
用户端	POST	api/user/cart/change/:id	change	api.store.order.StoreCart/change	high		app/controller/api/store/order/StoreCart.php	change	id,cart_num,product_attr_unique
用户端	POST	api/user/cart/check/:id	checkCerate	api.store.order.StoreCart/check	high		app/controller/api/store/order/StoreCart.php	check	id
用户端	POST	api/user/cart/clear	clear	api.store.order.StoreCart/clear	high		app/controller/api/store/order/StoreCart.php	clear	
用户端	GET	api/user/cart/count	cartCount	api.store.order.StoreCart/cartCount	high		app/controller/api/store/order/StoreCart.php	cartCount	
用户端	POST	api/user/cart/create	create	api.store.order.StoreCart/create	high	加购/立即购买	app/controller/api/store/order/StoreCart.php	create	product_id,product_attr_unique,cart_num,is_new,product_type,group_buying_id,spread_id,reservation_id,reservation_date
用户端	POST	api/user/cart/delete	batchDelete	api.store.order.StoreCart/batchDelete	high		app/controller/api/store/order/StoreCart.php	batchDelete	cart_id
用户端	GET	api/user/cart/lst	lst	api.store.order.StoreCart/lst	high		app/controller/api/store/order/StoreCart.php	lst	
用户端	POST	api/user/change/info	updateBaseInfo	api.user.User/updateBaseInfo	high		app/controller/api/user/User.php	updateBaseInfo	nickname,avatar
用户端	POST	api/user/change/password	changePassword	api.user.User/changePassword	high		app/controller/api/user/User.php	changePassword	repassword,password,sms_code
用户端	POST	api/user/change/phone	changePhone	api.user.User/changePhone	high		app/controller/api/user/User.php	changePhone	phone,sms_code
用户端	POST	api/user/change_pwd	changePassword	api.Auth/changePassword	high		app/controller/api/Auth.php	changePassword	phone,sms_code,pwd
用户端	GET	api/user/extract/banklst	bankLst	api.user.UserExtract/bankLst	high		app/controller/api/user/UserExtract.php	bankLst	page,limit
用户端	POST	api/user/extract/create	create	api.user.UserExtract/create	high		app/controller/api/user/UserExtract.php	create	extract_type,bank_code,bank_address,alipay_code,wechat,extract_pic,extract_price,real_name,bank_name
用户端	GET	api/user/extract/detail/:id	detail	api.user.UserExtract/detail	high		app/controller/api/user/UserExtract.php	detail	id
用户端	GET	api/user/extract/history_bank	historyBank	api.user.UserExtract/historyBank	high		app/controller/api/user/UserExtract.php	historyBank	
用户端	GET	api/user/extract/lst	lst	api.user.UserExtract/lst	high		app/controller/api/user/UserExtract.php	lst	page,limit,status,start,stop
用户端	POST	api/user/feedback	feedback	api.user.Feedback/feedback	high		app/controller/api/user/Feedback.php	feedback	type,content,images,realname,contact,status
用户端	GET	api/user/feedback/detail/:id	detail	api.user.Feedback/detail	high		app/controller/api/user/Feedback.php	detail	id
用户端	GET	api/user/feedback/list	feedbackList	api.user.Feedback/feedbackList	high		app/controller/api/user/Feedback.php	feedbackList	page,limit
用户端	DELETE	api/user/fields/delete	delete	api.user.UserFields/delete	high		app/controller/api/user/UserFields.php	delete	
用户端	GET	api/user/fields/info	info	api.user.UserFields/info	high		app/controller/api/user/UserFields.php	info	
用户端	POST	api/user/fields/save	save	api.user.UserFields/save	high		app/controller/api/user/UserFields.php	save	extend_info
用户端	POST	api/user/form/create/:id	create	api.store.form.FormRelated/create	high		app/controller/api/store/form/FormRelated.php	create	id
用户端	GET	api/user/form/detail/:id	detail	api.store.form.FormRelated/detail	stale		app/controller/api/store/form/FormRelated.php	detail	
用户端	GET	api/user/form/lst	lst	api.store.form.FormRelated/lst	high		app/controller/api/store/form/FormRelated.php	lst	page,limit
用户端	GET	api/user/form/show/:id	show	api.store.form.FormRelated/show	high		app/controller/api/store/form/FormRelated.php	show	id
用户端	GET	api/user/history	lst	api.user.UserHistory/lst	high		app/controller/api/user/UserHistory.php	lst	page,limit,type
用户端	POST	api/user/history/batch/delete	deleteHistoryBatch	api.user.UserHistory/deleteHistoryBatch	high		app/controller/api/user/UserHistory.php	deleteHistoryBatch	history_id
用户端	POST	api/user/history/delete/:id	deleteHistory	api.user.UserHistory/deleteHistory	high		app/controller/api/user/UserHistory.php	deleteHistory	id
用户端	GET	api/user/integral/info	integralInfo	api.user.User/integralInfo	high		app/controller/api/user/User.php	integralInfo	
用户端	GET	api/user/integral/lst	integralList	api.user.User/integralList	high		app/controller/api/user/User.php	integralList	page,limit
用户端	GET	api/user/member/info	memberInfo	api.user.User/memberInfo	high		app/controller/api/user/User.php	memberInfo	
用户端	GET	api/user/member/log	getMemberValue	api.user.Member/getMemberValue	high		app/controller/api/user/Member.php	getMemberValue	
用户端	POST	api/user/mp/binding	mpPhone	api.user.User/mpPhone	high		app/controller/api/user/User.php	mpPhone	code,iv,encryptedData
用户端	POST	api/user/receipt/create	create	api.user.UserReceipt/create	high		app/controller/api/user/UserReceipt.php	create	receipt_type,receipt_title,receipt_title_type,duty_paragraph,email,bank_name,bank_code,address,tel,is_default
用户端	POST	api/user/receipt/delete/:id	delete	api.user.UserReceipt/delete	high		app/controller/api/user/UserReceipt.php	delete	id
用户端	GET	api/user/receipt/detail/:id	detail	api.user.UserReceipt/detail	high		app/controller/api/user/UserReceipt.php	detail	id
用户端	POST	api/user/receipt/is_default/:id	isDefault	api.user.UserReceipt/isDefault	high		app/controller/api/user/UserReceipt.php	isDefault	id
用户端	GET	api/user/receipt/lst	lst	api.user.UserReceipt/lst	high		app/controller/api/user/UserReceipt.php	lst	receipt_title_type,receipt_type,is_default
用户端	GET	api/user/receipt/order	order	api.user.UserReceipt/order	high		app/controller/api/user/UserReceipt.php	order	page,limit,status
用户端	GET	api/user/receipt/order/:id	orderDetail	api.user.UserReceipt/orderDetail	high		app/controller/api/user/UserReceipt.php	orderDetail	id
用户端	POST	api/user/receipt/update/:id	update	api.user.UserReceipt/update	high		app/controller/api/user/UserReceipt.php	update	id
用户端	POST	api/user/recharge	recharge	api.user.UserRecharge/recharge	high		app/controller/api/user/UserRecharge.php	recharge	type,price,recharge_id,return_url
用户端	POST	api/user/recharge/brokerage	brokerage	api.user.UserRecharge/brokerage	high		app/controller/api/user/UserRecharge.php	brokerage	brokerage
用户端	POST	api/user/relation/batch/create	batchCreate	api.user.UserRelation/batchCreate	high		app/controller/api/user/UserRelation.php	batchCreate	type_id,type
用户端	POST	api/user/relation/batch/delete	batchDelete	api.user.UserRelation/batchDelete	high		app/controller/api/user/UserRelation.php	batchDelete	type_id,type
用户端	POST	api/user/relation/create	create	api.user.UserRelation/create	high		app/controller/api/user/UserRelation.php	create	type_id,type
用户端	POST	api/user/relation/delete	delete	api.user.UserRelation/delete	high		app/controller/api/user/UserRelation.php	delete	type_id,type
用户端	GET	api/user/relation/merchant/lst	merchantList	api.user.UserRelation/merchantList	high		app/controller/api/user/UserRelation.php	merchantList	page,limit
用户端	GET	api/user/relation/product/lst	productList	api.user.UserRelation/productList	high		app/controller/api/user/UserRelation.php	productList	page,limit
用户端	GET	api/user/services	services	api.user.User/services	high		app/controller/api/user/User.php	services	is_verify,customer,is_goods,is_open,is_sys
用户端	POST	api/user/sign/create	create	api.user.UserSign/create	high		app/controller/api/user/UserSign.php	create	
用户端	GET	api/user/sign/info	info	api.user.UserSign/info	high		app/controller/api/user/UserSign.php	info	
用户端	GET	api/user/sign/lst	lst	api.user.UserSign/lst	high		app/controller/api/user/UserSign.php	lst	page,limit
用户端	GET	api/user/sign/month	month	api.user.UserSign/month	high		app/controller/api/user/UserSign.php	month	
用户端	POST	api/user/spread	spread	api.Auth/spread	high		app/controller/api/Auth.php	spread	spread_spid,spread_code
用户端	GET	api/user/spread_image	spread_image	api.user.User/spread_image	high		app/controller/api/user/User.php	spread_image	type
用户端	GET	api/user/spread_info	spread_info	api.user.User/spread_info	high		app/controller/api/user/User.php	spread_info	
用户端	GET	api/user/spread_level	spread_info	api.user.User/spread_info	high		app/controller/api/user/User.php	spread_info	
用户端	GET	api/user/spread_list	spread_list	api.user.User/spread_list	high		app/controller/api/user/User.php	spread_list	page,limit,sort,keyword,start,stop,level
用户端	GET	api/user/spread_order	spread_order	api.user.User/spread_order	high		app/controller/api/user/User.php	spread_order	page,limit,keyword,start,stop
用户端	GET	api/user/spread_top	spread_top	api.user.User/spread_top	high		app/controller/api/user/User.php	spread_top	page,limit,type
用户端	POST	api/user/switch	switchUser	api.user.User/switchUser	high		app/controller/api/user/User.php	switchUser	uid
用户端	GET	api/user/v2/spread_image	spread_image_v2	api.user.User/spread_image_v2	high		app/controller/api/user/User.php	spread_image_v2	type
用户端	POST	api/v2/order/check	订单核对	api.store.order.StoreOrder/v2CheckOrder	high	【普通订单核对】真实入口。StoreOrder::v2CheckOrder → StoreOrderCreateRepository::v2CartIdByOrderInfo	app/controller/api/store/order/StoreOrder.php	v2CheckOrder	cart_id,address_id,use_coupon,takes,city_takes,use_integral
用户端	POST	api/v2/order/create	创建订单	api.store.order.StoreOrder/v2CreateOrder	high	【普通订单创建】真实入口。需先 check 拿到 key；StoreOrder::v2CreateOrder	app/controller/api/store/order/StoreOrder.php	v2CreateOrder	cart_id,address_id,use_coupon,takes,use_integral,receipt_data,extend,mark,pay_type,key,post,return_url
用户端	GET	api/v2/system/city	cityList	merchant.store.shipping.City/cityList	high		app/controller/merchant/store/shipping/City.php	cityList	address
用户端	GET	api/v2/system/city/lst/:pid	lstV2	merchant.store.shipping.City/lstV2	high		app/controller/merchant/store/shipping/City.php	lstV2	pid
用户端	POST	api/v3/order/check	v3CheckOrder	api.store.order.StoreOrder/v3CheckOrder	stale	【死路由】声明 StoreOrder::v3CheckOrder，源码无此方法。勿实现。	app/controller/api/store/order/StoreOrder.php	v3CheckOrder	
用户端	POST	api/v3/order/create	v3CreateOrder	api.store.order.StoreOrder/v3CreateOrder	stale	【死路由】声明 StoreOrder::v3CreateOrder，源码无此方法。勿实现。	app/controller/api/store/order/StoreOrder.php	v3CreateOrder	
用户端	POST	api/verifier/:merId/:id	verify	api.store.order.StoreOrderVerify/verify	high		app/controller/api/store/order/StoreOrderVerify.php	verify	merId,id,verify_code
用户端	GET	api/verifier/:merId/order/:id	detail	api.store.order.StoreOrderVerify/detail	high		app/controller/api/store/order/StoreOrderVerify.php	detail	merId,id
用户端	GET	api/version	version	admin.Common/version	high		app/controller/admin/Common.php	version	
用户端	GET	api/wechat/config	jsConfig	api.Wechat/jsConfig	high		app/controller/api/Wechat.php	jsConfig	url
